symbol,date,open,high,low,close,volume,adjusted
AAPL,2014-01-02,19.845714569091797,19.89392852783203,19.71500015258789,19.754642486572266,234684800,17.296659469604492
AAPL,2014-01-03,19.7450008392334,19.774999618530273,19.301071166992188,19.320714950561523,392467600,16.91672134399414
AAPL,2014-01-06,19.194643020629883,19.5285701751709,19.05714225769043,19.426071166992188,412610800,17.00896644592285
AAPL,2014-01-07,19.440000534057617,19.498571395874023,19.211429595947266,19.28714370727539,317209200,16.8873233795166
AAPL,2014-01-08,19.243213653564453,19.484285354614258,19.238929748535156,19.409286499023438,258529600,16.994274139404297
AAPL,2014-01-09,19.5285701751709,19.53071403503418,19.11964225769043,19.161428451538086,279148800,16.77724838256836
AAPL,2014-01-10,19.27964210510254,19.314285278320312,18.96821403503418,19.033571243286133,304976000,16.66530418395996
AAPL,2014-01-13,18.925357818603516,19.375,18.924285888671875,19.133214950561523,378492800,16.752548217773438
AAPL,2014-01-14,19.222143173217773,19.526071548461914,19.2021427154541,19.51392936706543,332561600,17.085895538330078
AAPL,2014-01-15,19.768571853637695,20.007143020629883,19.7021427154541,19.90571403503418,391638800,17.428932189941406
AAPL,2014-01-16,19.81785774230957,19.887500762939453,19.702856063842773,19.79464340209961,229278000,17.331680297851562
AAPL,2014-01-17,19.695714950561523,19.716785430908203,19.282142639160156,19.309642791748047,426739600,16.90703010559082
AAPL,2014-01-21,19.32107162475586,19.645357131958008,19.30071449279785,19.609643936157227,328526800,17.169700622558594
AAPL,2014-01-22,19.675357818603516,19.903213500976562,19.56464385986328,19.696786880493164,379985200,17.246000289916992
AAPL,2014-01-23,19.640714645385742,19.875,19.457500457763672,19.863571166992188,403239200,17.39203453063965
AAPL,2014-01-24,19.78571319580078,19.843570709228516,19.45535659790039,19.502500534057617,429354800,17.075885772705078
AAPL,2014-01-27,19.645357131958008,19.814285278320312,19.491071701049805,19.66071319580078,554878800,17.214418411254883
AAPL,2014-01-28,18.170000076293945,18.39285659790039,17.93107032775879,18.08928680419922,1065523200,15.838517189025879
AAPL,2014-01-29,17.998214721679688,18.120357513427734,17.807857513427734,17.883928298950195,502810000,15.658713340759277
AAPL,2014-01-30,17.947856903076172,18.08928680419922,17.739286422729492,17.849285125732422,678501600,15.628376007080078
AAPL,2014-01-31,17.684999465942383,17.911785125732422,17.626785278320312,17.878570556640625,464797200,15.654013633728027
AAPL,2014-02-03,17.95035743713379,18.133214950561523,17.832143783569336,17.911785125732422,401464000,15.683101654052734
AAPL,2014-02-04,18.066070556640625,18.19499969482422,17.955713272094727,18.171070098876953,376681200,15.910113334655762
AAPL,2014-02-05,18.091428756713867,18.402856826782227,18.08035659790039,18.306785583496094,328344800,16.02895164489746
AAPL,2014-02-06,18.216428756713867,18.33928680419922,18.136070251464844,18.30392837524414,257765200,16.12238311767578
AAPL,2014-02-07,18.62071418762207,18.676071166992188,18.47785758972168,18.559999465942383,370280400,16.347936630249023
AAPL,2014-02-10,18.523571014404297,18.999643325805664,18.5,18.892499923706055,345559200,16.640804290771484
AAPL,2014-02-11,18.95035743713379,19.20535659790039,18.91071319580078,19.141429901123047,282256800,16.86006736755371
AAPL,2014-02-12,19.176786422729492,19.270000457763672,19.044286727905273,19.139999389648438,308100800,16.858802795410156
AAPL,2014-02-13,19.094999313354492,19.45892906188965,19.078571319580078,19.44392967224121,307398000,17.126510620117188
AAPL,2014-02-14,19.37392807006836,19.499286651611328,19.328929901123047,19.428213119506836,272924400,17.1126651763916
AAPL,2014-02-18,19.5,19.68535614013672,19.48607063293457,19.499643325805664,260251600,17.17558479309082
AAPL,2014-02-19,19.45535659790039,19.53178596496582,19.08392906188965,19.19178581237793,313768000,16.904420852661133
AAPL,2014-02-20,19.035356521606445,19.178571701049805,18.89285659790039,18.969642639160156,305858000,16.70875358581543
AAPL,2014-02-21,19.028213500976562,19.091785430908203,18.735713958740234,18.758928298950195,278784800,16.523151397705078
AAPL,2014-02-24,18.683929443359375,18.92571449279785,18.65785789489746,18.8410701751709,288909600,16.59550666809082
AAPL,2014-02-25,18.906429290771484,18.9132137298584,18.60714340209961,18.645000457763672,231952000,16.42279815673828
AAPL,2014-02-26,18.70035743713379,18.75,18.41428565979004,18.47678565979004,276217200,16.274635314941406
AAPL,2014-02-27,18.46928596496582,18.885000228881836,18.430356979370117,18.84535789489746,301882000,16.599281311035156
AAPL,2014-02-28,18.895713806152344,19.02678680419922,18.64714241027832,18.794286727905273,371968800,16.554296493530273
AAPL,2014-03-03,18.693571090698242,18.951786041259766,18.671785354614258,18.84857177734375,238781200,16.60211753845215
AAPL,2014-03-04,18.96428680419922,19.022857666015625,18.848928451538086,18.972856521606445,259140000,16.71158218383789
AAPL,2014-03-05,18.961429595947266,19.09821319580078,18.897499084472656,19.01285743713379,200062800,16.7468204498291
AAPL,2014-03-06,19.028213500976562,19.087142944335938,18.860713958740234,18.95535659790039,185488800,16.696168899536133
AAPL,2014-03-07,18.967500686645508,18.999286651611328,18.787500381469727,18.944286346435547,220729600,16.686416625976562
AAPL,2014-03-10,18.8700008392334,19.047500610351562,18.869285583496094,18.961429595947266,178584000,16.701519012451172
AAPL,2014-03-11,19.123214721679688,19.240713119506836,19.02107048034668,19.14607048034668,279224400,16.864154815673828
AAPL,2014-03-12,19.089643478393555,19.191070556640625,19,19.164642333984375,199326400,16.880510330200195
AAPL,2014-03-13,19.194286346435547,19.273571014404297,18.898571014404297,18.951786041259766,257742800,16.693023681640625
AAPL,2014-03-14,18.885356903076172,18.960357666015625,18.678571701049805,18.738929748535156,237199200,16.50553321838379
AAPL,2014-03-17,18.8464298248291,18.927499771118164,18.780357360839844,18.812143325805664,199544800,16.570024490356445
AAPL,2014-03-18,18.782142639160156,18.99892807006836,18.757143020629883,18.97857093811035,209647200,16.71661949157715
AAPL,2014-03-19,19.009286880493164,19.15142822265625,18.89285659790039,18.97357177734375,224756000,16.712215423583984
AAPL,2014-03-20,18.92464256286621,19.023929595947266,18.83392906188965,18.882143020629883,208398400,16.631677627563477
AAPL,2014-03-21,18.997499465942383,19.0625,18.797500610351562,19.031070709228516,374046400,16.762863159179688
AAPL,2014-03-24,19.229286193847656,19.303571701049805,19.109285354614258,19.256786346435547,355700800,16.961668014526367
AAPL,2014-03-25,19.33928680419922,19.491071701049805,19.27107048034668,19.46392822265625,282293200,17.14413070678711
AAPL,2014-03-26,19.518571853637695,19.60714340209961,19.2450008392334,19.277856826782227,299768000,16.980236053466797
AAPL,2014-03-27,19.286428451538086,19.33928680419922,19.11142921447754,19.19499969482422,222031600,16.907243728637695
AAPL,2014-03-28,19.2257137298584,19.24785614013672,19.08035659790039,19.17357063293457,200564000,16.888376235961914
AAPL,2014-03-31,19.258214950561523,19.31464385986328,19.140356063842773,19.169286727905273,168669200,16.884601593017578
AAPL,2014-04-01,19.205713272094727,19.352500915527344,19.17035675048828,19.344642639160156,200760000,17.039066314697266
AAPL,2014-04-02,19.37071418762207,19.40999984741211,19.295000076293945,19.376785278320312,180420800,17.06736946105957
AAPL,2014-04-03,19.335357666015625,19.375,19.20142936706543,19.24250030517578,162344000,16.949085235595703
AAPL,2014-04-04,19.278928756713867,19.28571319580078,18.94928550720215,18.99357032775879,275251200,16.72983169555664
AAPL,2014-04-07,18.85785675048828,18.96071434020996,18.63892936706543,18.695356369018555,289850400,16.4671573638916
AAPL,2014-04-08,18.756786346435547,18.790000915527344,18.524999618530273,18.694286346435547,243888400,16.46621322631836
AAPL,2014-04-09,18.665714263916016,18.94607162475586,18.643571853637695,18.940000534057617,206169600,16.682641983032227
AAPL,2014-04-10,18.952856063842773,19.00857162475586,18.684642791748047,18.695714950561523,239652000,16.46747589111328
AAPL,2014-04-11,18.53571319580078,18.672500610351562,18.46928596496582,18.5575008392334,271717600,16.345733642578125
AAPL,2014-04-14,18.639286041259766,18.648571014404297,18.471786499023438,18.63142967224121,205674000,16.41084861755371
AAPL,2014-04-15,18.581071853637695,18.6299991607666,18.26178550720215,18.498571395874023,266490000,16.2938232421875
AAPL,2014-04-16,18.501785278320312,18.6103572845459,18.36214256286621,18.53607177734375,214765600,16.326858520507812
AAPL,2014-04-17,18.571428298950195,18.84857177734375,18.542856216430664,18.74785614013672,284334400,16.51340103149414
AAPL,2014-04-21,18.762142181396484,19.0049991607666,18.71285629272461,18.97035789489746,182548800,16.709381103515625
AAPL,2014-04-22,18.868213653564453,18.993928909301758,18.803571701049805,18.989286422729492,202563200,16.726049423217773
AAPL,2014-04-23,18.895000457763672,18.968929290771484,18.730356216430664,18.741071701049805,394940000,16.50741958618164
AAPL,2014-04-24,20.293214797973633,20.35714340209961,20.026071548461914,20.27750015258789,759911600,17.86073875427246
AAPL,2014-04-25,20.161785125732422,20.428213119506836,20.141429901123047,20.426429748535156,390275200,17.991910934448242
AAPL,2014-04-28,20.457143783569336,21.27678680419922,20.448213577270508,21.217500686645508,669485600,18.68869400024414
AAPL,2014-04-29,21.204999923706055,21.28499984741211,21.05392837524414,21.15464210510254,337377600,18.633331298828125
AAPL,2014-04-30,21.165714263916016,21.408214569091797,21.064285278320312,21.074642181396484,456640800,18.5628662109375
AAPL,2014-05-01,21.14285659790039,21.242856979370117,20.941429138183594,21.124286651611328,244048000,18.606597900390625
AAPL,2014-05-02,21.155000686645508,21.2214298248291,21.061071395874023,21.163570404052734,191514400,18.64119529724121
AAPL,2014-05-05,21.07642936706543,21.46428680419922,21.071428298950195,21.46285629272461,287067200,18.90481185913086
AAPL,2014-05-06,21.492856979370117,21.586071014404297,21.22892951965332,21.22892951965332,374564400,18.698768615722656
AAPL,2014-05-07,21.258928298950195,21.331785202026367,20.9903564453125,21.15464210510254,282864400,18.633331298828125
AAPL,2014-05-08,21.008928298950195,21.22892951965332,20.94285774230957,20.999643325805664,230297200,18.60012435913086
AAPL,2014-05-09,20.876428604125977,20.9375,20.726070404052734,20.91214370727539,291597600,18.522613525390625
AAPL,2014-05-12,20.981786727905273,21.2021427154541,20.97857093811035,21.172500610351562,213208800,18.75322914123535
AAPL,2014-05-13,21.14285659790039,21.233570098876953,21.0964298248291,21.205713272094727,159737200,18.782644271850586
AAPL,2014-05-14,21.158214569091797,21.33571434020996,21.13357162475586,21.20964241027832,166404000,18.78611946105957
AAPL,2014-05-15,21.239286422729492,21.30714225769043,21.001428604125977,21.029285430908203,230846000,18.626373291015625
AAPL,2014-05-16,21.022499084472656,21.340356826782227,20.907142639160156,21.339643478393555,276256400,18.901268005371094
AAPL,2014-05-19,21.35178565979004,21.690357208251953,21.333213806152344,21.592500686645508,317755200,19.125234603881836
AAPL,2014-05-20,21.589643478393555,21.657142639160156,21.45464324951172,21.596786499023438,234836000,19.1290283203125
AAPL,2014-05-21,21.565357208251953,21.667856216430664,21.50214385986328,21.653928756713867,196859600,19.17963981628418
AAPL,2014-05-22,21.66428565979004,21.780357360839844,21.575000762939453,21.688213348388672,200760000,19.210010528564453
AAPL,2014-05-23,21.6875,21.95464324951172,21.659643173217773,21.93321418762207,232209600,19.427011489868164
AAPL,2014-05-27,21.99571418762207,22.352142333984375,21.986785888671875,22.343929290771484,348866000,19.790796279907227
AAPL,2014-05-28,22.35785675048828,22.493928909301758,22.277856826782227,22.28607177734375,315481600,19.739545822143555
AAPL,2014-05-29,22.423213958740234,22.745357513427734,22.42035675048828,22.692142486572266,376474000,20.09922218322754
AAPL,2014-05-30,22.78499984741211,23.006071090698242,22.46071434020996,22.60714340209961,564020800,20.023941040039062
AAPL,2014-06-02,22.641429901123047,22.672500610351562,22.23214340209961,22.451786041259766,369350800,19.886335372924805
AAPL,2014-06-03,22.44499969482422,22.812143325805664,22.4375,22.769285202026367,292709200,20.167551040649414
AAPL,2014-06-04,22.765714645385742,23.13892936706543,22.71821403503418,23.029285430908203,335482000,20.397844314575195
AAPL,2014-06-05,23.078571319580078,23.19178581237793,22.95035743713379,23.11964225769043,303805600,20.477872848510742
AAPL,2014-06-06,23.21071434020996,23.259286880493164,23.016786575317383,23.05607032775879,349938400,20.421566009521484
AAPL,2014-06-09,23.174999237060547,23.469999313354492,22.9375,23.424999237060547,301660000,20.748340606689453
AAPL,2014-06-10,23.6825008392334,23.762500762939453,23.392499923706055,23.5625,251108000,20.870132446289062
AAPL,2014-06-11,23.532499313354492,23.690000534057617,23.36750030517578,23.46500015258789,182724000,20.783777236938477
AAPL,2014-06-12,23.510000228881836,23.530000686645508,22.975000381469727,23.072500228881836,218996000,20.436119079589844
AAPL,2014-06-13,23.049999237060547,23.110000610351562,22.719999313354492,22.81999969482422,218100000,20.21247100830078
AAPL,2014-06-16,22.877500534057617,23.1875,22.862499237060547,23.049999237060547,142244000,20.41619110107422
AAPL,2014-06-17,23.077499389648438,23.174999237060547,22.950000762939453,23.020000457763672,118904000,20.389623641967773
AAPL,2014-06-18,23.0674991607666,23.072500228881836,22.837499618530273,23.045000076293945,134056000,20.411762237548828
AAPL,2014-06-19,23.072500228881836,23.075000762939453,22.834999084472656,22.96500015258789,142112000,20.340904235839844
AAPL,2014-06-20,22.962499618530273,23.137500762939453,22.725000381469727,22.727500915527344,403592000,20.13054084777832
AAPL,2014-06-23,22.829999923706055,22.905000686645508,22.649999618530273,22.707500457763672,174776000,20.11282730102539
AAPL,2014-06-24,22.6875,22.934999465942383,22.547500610351562,22.56999969482422,156144000,19.991031646728516
AAPL,2014-06-25,22.552499771118164,22.674999237060547,22.412500381469727,22.59000015258789,147476000,20.008750915527344
AAPL,2014-06-26,22.592500686645508,22.762500762939453,22.450000762939453,22.725000381469727,130516000,20.128324508666992
AAPL,2014-06-27,22.704999923706055,23,22.6924991607666,22.9950008392334,256116000,20.36747932434082
AAPL,2014-06-30,23.024999618530273,23.4325008392334,23.022499084472656,23.232500076293945,197929200,20.57784080505371
AAPL,2014-07-01,23.3799991607666,23.517499923706055,23.282499313354492,23.3799991607666,152892000,20.708478927612305
AAPL,2014-07-02,23.467500686645508,23.514999389648438,23.272499084472656,23.3700008392334,113860000,20.699630737304688
AAPL,2014-07-03,23.417499542236328,23.524999618530273,23.299999237060547,23.50749969482422,91567200,20.8214168548584
AAPL,2014-07-07,23.53499984741211,23.997499465942383,23.524999618530273,23.99250030517578,225872000,21.251012802124023
AAPL,2014-07-08,24.0674991607666,24.200000762939453,23.479999542236328,23.837499618530273,260888000,21.113704681396484
AAPL,2014-07-09,23.860000610351562,23.987499237060547,23.690000534057617,23.84749984741211,145744000,21.122568130493164
AAPL,2014-07-10,23.440000534057617,23.887500762939453,23.3799991607666,23.760000228881836,158744000,21.045061111450195
AAPL,2014-07-11,23.84000015258789,23.97249984741211,23.71500015258789,23.80500030517578,136072000,21.084924697875977
AAPL,2014-07-14,23.96500015258789,24.22249984741211,23.912500381469727,24.112499237060547,171240000,21.357284545898438
AAPL,2014-07-15,24.200000762939453,24.212499618530273,23.75749969482422,23.829999923706055,181911600,21.107067108154297
AAPL,2014-07-16,24.24250030517578,24.274999618530273,23.684999465942383,23.69499969482422,213585200,20.98749542236328
AAPL,2014-07-17,23.75749969482422,23.81999969482422,23.142499923706055,23.272499084472656,229192000,20.613271713256836
AAPL,2014-07-18,23.405000686645508,23.684999465942383,23.2549991607666,23.607500076293945,199952000,20.909990310668945
AAPL,2014-07-21,23.747499465942383,23.75,23.43000030517578,23.485000610351562,156316000,20.80148696899414
AAPL,2014-07-22,23.670000076293945,23.72249984741211,23.530000686645508,23.68000030517578,220788000,20.97420310974121
AAPL,2014-07-23,23.854999542236328,24.469999313354492,23.792499542236328,24.297500610351562,371672000,21.521148681640625
AAPL,2014-07-24,24.260000228881836,24.329999923706055,24.104999542236328,24.25749969482422,182916000,21.4857177734375
AAPL,2014-07-25,24.212499618530273,24.459999084472656,24.15999984741211,24.417499542236328,173876000,21.627429962158203
AAPL,2014-07-28,24.454999923706055,24.809999465942383,24.387500762939453,24.7549991607666,221272000,21.92637062072754
AAPL,2014-07-29,24.832500457763672,24.860000610351562,24.5625,24.594999313354492,172572000,21.78464698791504
AAPL,2014-07-30,24.610000610351562,24.674999237060547,24.417499542236328,24.537500381469727,132040000,21.733718872070312
AAPL,2014-07-31,24.290000915527344,24.362499237060547,23.832500457763672,23.899999618530273,227372000,21.1690616607666
AAPL,2014-08-01,23.725000381469727,24.155000686645508,23.702499389648438,24.032499313354492,194044000,21.28643035888672
AAPL,2014-08-04,24.092500686645508,24.145000457763672,23.792499542236328,23.897499084472656,159832000,21.166852951049805
AAPL,2014-08-05,23.84000015258789,23.920000076293945,23.59000015258789,23.780000686645508,223732000,21.062786102294922
AAPL,2014-08-06,23.6875,23.8700008392334,23.677499771118164,23.739999771118164,154232000,21.0273494720459
AAPL,2014-08-07,23.732500076293945,23.987499237060547,23.524999618530273,23.6200008392334,186844000,21.025123596191406
AAPL,2014-08-08,23.565000534057617,23.704999923706055,23.31999969482422,23.684999465942383,167460000,21.082979202270508
AAPL,2014-08-11,23.8174991607666,24.020000457763672,23.709999084472656,23.997499465942383,146340000,21.361148834228516
AAPL,2014-08-12,24.010000228881836,24.219999313354492,23.90250015258789,23.99250030517578,135180000,21.356714248657227
AAPL,2014-08-13,24.037500381469727,24.309999465942383,24.010000228881836,24.309999465942383,127664000,21.639314651489258
AAPL,2014-08-14,24.332500457763672,24.392499923706055,24.200000762939453,24.375,112464000,21.69717788696289
AAPL,2014-08-15,24.475000381469727,24.547500610351562,24.21500015258789,24.4950008392334,195804000,21.80399513244629
AAPL,2014-08-18,24.622499465942383,24.842500686645508,24.4950008392334,24.790000915527344,190288000,22.066591262817383
AAPL,2014-08-19,24.852500915527344,25.170000076293945,24.829999923706055,25.13249969482422,277596000,22.371461868286133
AAPL,2014-08-20,25.110000610351562,25.272499084472656,24.987499237060547,25.142499923706055,210796000,22.380361557006836
AAPL,2014-08-21,25.142499923706055,25.235000610351562,25.02750015258789,25.145000457763672,133912000,22.382585525512695
AAPL,2014-08-22,25.072500228881836,25.36750030517578,25.047500610351562,25.329999923706055,176736000,22.547260284423828
AAPL,2014-08-25,25.447500228881836,25.542499542236328,25.31999969482422,25.385000228881836,161080000,22.596220016479492
AAPL,2014-08-26,25.354999542236328,25.375,25.21500015258789,25.22249984741211,132608000,22.451574325561523
AAPL,2014-08-27,25.2549991607666,25.642499923706055,25.174999237060547,25.532499313354492,209476000,22.727516174316406
AAPL,2014-08-28,25.397499084472656,25.69499969482422,25.389999389648438,25.5625,273840000,22.754215240478516
AAPL,2014-08-29,25.71500015258789,25.725000381469727,25.549999237060547,25.625,178380000,22.80985450744629
AAPL,2014-09-02,25.764999389648438,25.934999465942383,25.68000030517578,25.825000762939453,214256000,22.987886428833008
AAPL,2014-09-03,25.774999618530273,25.799999237060547,24.645000457763672,24.735000610351562,501684000,22.017629623413086
AAPL,2014-09-04,24.712499618530273,25.022499084472656,24.447500228881836,24.530000686645508,342872000,21.835155487060547
AAPL,2014-09-05,24.700000762939453,24.84749984741211,24.577499389648438,24.74250030517578,233828000,22.024311065673828
AAPL,2014-09-08,24.825000762939453,24.827499389648438,24.512500762939453,24.59000015258789,185426800,21.8885498046875
AAPL,2014-09-09,24.770000457763672,25.770000457763672,24.03499984741211,24.497499465942383,759385200,21.80621910095215
AAPL,2014-09-10,24.502500534057617,25.27750015258789,24.440000534057617,25.25,403478400,22.476049423217773
AAPL,2014-09-11,25.102500915527344,25.360000610351562,24.905000686645508,25.357500076293945,249412400,22.571739196777344
AAPL,2014-09-12,25.302499771118164,25.547500610351562,25.270000457763672,25.415000915527344,250504400,22.622926712036133
AAPL,2014-09-15,25.702499389648438,25.762500762939453,25.360000610351562,25.407499313354492,245266000,22.616256713867188
AAPL,2014-09-16,24.950000762939453,25.315000534057617,24.72249984741211,25.21500015258789,267632400,22.444902420043945
AAPL,2014-09-17,25.3174991607666,25.450000762939453,25.147499084472656,25.395000457763672,243706000,22.605121612548828
AAPL,2014-09-18,25.482500076293945,25.587499618530273,25.389999389648438,25.447500228881836,149197600,22.651857376098633
AAPL,2014-09-19,25.572500228881836,25.587499618530273,25.125,25.239999771118164,283609600,22.467147827148438
AAPL,2014-09-22,25.450000762939453,25.53499984741211,25.145000457763672,25.264999389648438,211153600,22.489404678344727
AAPL,2014-09-23,25.149999618530273,25.735000610351562,25.135000228881836,25.65999984741211,253608800,22.841014862060547
AAPL,2014-09-24,25.540000915527344,25.712499618530273,25.299999237060547,25.4375,240687200,22.642955780029297
AAPL,2014-09-25,25.127500534057617,25.177499771118164,24.43000030517578,24.467500686645508,400368000,21.779523849487305
AAPL,2014-09-26,24.63249969482422,25.1875,24.600000381469727,25.1875,249482000,22.420413970947266
AAPL,2014-09-29,24.662500381469727,25.110000610351562,24.657499313354492,25.02750015258789,199065200,22.277997970581055
AAPL,2014-09-30,25.202499389648438,25.385000228881836,25.13249969482422,25.1875,221056400,22.420413970947266
AAPL,2014-10-01,25.147499084472656,25.172500610351562,24.674999237060547,24.795000076293945,205965200,22.071043014526367
AAPL,2014-10-02,24.8174991607666,25.05500030517578,24.510000228881836,24.975000381469727,191031200,22.231266021728516
AAPL,2014-10-03,24.860000610351562,25.052499771118164,24.760000228881836,24.905000686645508,173878400,22.1689510345459
AAPL,2014-10-06,24.987499237060547,25.162500381469727,24.854999542236328,24.905000686645508,148204800,22.1689510345459
AAPL,2014-10-07,24.857500076293945,25.030000686645508,24.6825008392334,24.6875,168376800,21.975351333618164
AAPL,2014-10-08,24.690000534057617,25.27750015258789,24.577499389648438,25.200000762939453,229618800,22.43154525756836
AAPL,2014-10-09,25.385000228881836,25.594999313354492,25.15250015258789,25.2549991607666,309506000,22.480499267578125
AAPL,2014-10-10,25.172500610351562,25.50749969482422,25.075000762939453,25.1825008392334,265326400,22.415971755981445
AAPL,2014-10-13,25.332500457763672,25.44499969482422,24.952499389648438,24.952499389648438,214333600,22.21123504638672
AAPL,2014-10-14,25.09749984741211,25.1299991607666,24.642499923706055,24.6875,254754400,21.975351333618164
AAPL,2014-10-15,24.49250030517578,24.787500381469727,23.795000076293945,24.385000228881836,403734400,21.70607566833496
AAPL,2014-10-16,23.887500762939453,24.43000030517578,23.852500915527344,24.065000534057617,288618000,21.421234130859375
AAPL,2014-10-17,24.375,24.75,24.202499389648438,24.417499542236328,272718800,21.735008239746094
AAPL,2014-10-20,24.579999923706055,24.989999771118164,24.55500030517578,24.940000534057617,310069200,22.200109481811523
AAPL,2014-10-21,25.7549991607666,25.7549991607666,25.3174991607666,25.61750030517578,378495600,22.803184509277344
AAPL,2014-10-22,25.709999084472656,26.02750015258789,25.649999618530273,25.747499465942383,273052400,22.918903350830078
AAPL,2014-10-23,26.020000457763672,26.262500762939453,25.907499313354492,26.207500457763672,284298800,23.32836151123047
AAPL,2014-10-24,26.295000076293945,26.372499465942383,26.13249969482422,26.30500030517578,188215600,23.41515350341797
AAPL,2014-10-27,26.212499618530273,26.3700008392334,26.174999237060547,26.27750015258789,136750800,23.390670776367188
AAPL,2014-10-28,26.350000381469727,26.684999465942383,26.337499618530273,26.684999465942383,192243600,23.75340461730957
AAPL,2014-10-29,26.662500381469727,26.842500686645508,26.59000015258789,26.834999084472656,210751600,23.886924743652344
AAPL,2014-10-30,26.739999771118164,26.837499618530273,26.475000381469727,26.7450008392334,162619200,23.806812286376953
AAPL,2014-10-31,27.002500534057617,27.010000228881836,26.802499771118164,27,178557200,24.03380012512207
AAPL,2014-11-03,27.05500030517578,27.575000762939453,27.002500534057617,27.350000381469727,209130400,24.345346450805664
AAPL,2014-11-04,27.34000015258789,27.372499465942383,26.93000030517578,27.149999618530273,166297600,24.167316436767578
AAPL,2014-11-05,27.274999618530273,27.325000762939453,27.032499313354492,27.21500015258789,149743600,24.225183486938477
AAPL,2014-11-06,27.149999618530273,27.197500228881836,26.950000762939453,27.174999237060547,139874000,24.294462203979492
AAPL,2014-11-07,27.1875,27.329999923706055,27.137500762939453,27.252500534057617,134766000,24.36375617980957
AAPL,2014-11-10,27.2549991607666,27.332500457763672,27.167499542236328,27.207500457763672,108782000,24.323516845703125
AAPL,2014-11-11,27.174999237060547,27.4375,27.100000381469727,27.424999237060547,109769200,24.517961502075195
AAPL,2014-11-12,27.344999313354492,27.857500076293945,27.342500686645508,27.8125,187769600,24.86438751220703
AAPL,2014-11-13,27.950000762939453,28.362499237060547,27.899999618530273,28.204999923706055,238091600,25.215282440185547
AAPL,2014-11-14,28.287500381469727,28.547500610351562,27.802499771118164,28.545000076293945,176254400,25.51925277709961
AAPL,2014-11-17,28.5674991607666,29.31999969482422,28.325000762939453,28.497499465942383,186986800,25.476774215698242
AAPL,2014-11-18,28.485000610351562,28.922500610351562,28.47249984741211,28.86750030517578,176896000,25.80756187438965
AAPL,2014-11-19,28.860000610351562,28.934999465942383,28.450000762939453,28.667499542236328,167476800,25.628759384155273
AAPL,2014-11-20,28.727500915527344,29.21500015258789,28.712499618530273,29.077499389648438,173582000,25.99529457092285
AAPL,2014-11-21,29.377500534057617,29.392499923706055,29.00749969482422,29.11750030517578,228717200,26.03105354309082
AAPL,2014-11-24,29.212499618530273,29.6924991607666,29.155000686645508,29.657499313354492,189803200,26.513822555541992
AAPL,2014-11-25,29.767499923706055,29.9375,29.362499237060547,29.399999618530273,275361600,26.283611297607422
AAPL,2014-11-26,29.485000610351562,29.774999618530273,29.457500457763672,29.75,163073200,26.596515655517578
AAPL,2014-11-28,29.8174991607666,29.850000381469727,29.512500762939453,29.732500076293945,99257600,26.58087158203125
AAPL,2014-12-01,29.702499389648438,29.8125,27.8174991607666,28.767499923706055,335256000,25.718156814575195
AAPL,2014-12-02,28.375,28.9375,28.1875,28.657499313354492,237395600,25.619823455810547
AAPL,2014-12-03,28.9375,29.087499618530273,28.77750015258789,28.982500076293945,172253600,25.910364151000977
AAPL,2014-12-04,28.9424991607666,29.299999237060547,28.822500228881836,28.872499465942383,168178000,25.812026977539062
AAPL,2014-12-05,28.997499465942383,29.020000457763672,28.65999984741211,28.75,153275600,25.702512741088867
AAPL,2014-12-08,28.524999618530273,28.662500381469727,27.905000686645508,28.100000381469727,230659600,25.121410369873047
AAPL,2014-12-09,27.547500610351562,28.575000762939453,27.337499618530273,28.530000686645508,240832000,25.505834579467773
AAPL,2014-12-10,28.602500915527344,28.712499618530273,27.885000228881836,27.987499237060547,178261200,25.02083969116211
AAPL,2014-12-11,28.065000534057617,28.450000762939453,27.834999084472656,27.905000686645508,165606800,24.947084426879883
AAPL,2014-12-12,27.614999771118164,27.967500686645508,27.395000457763672,27.4325008392334,224112400,24.52466583251953
AAPL,2014-12-15,27.674999237060547,27.899999618530273,26.587499618530273,27.0575008392334,268872400,24.18941879272461
AAPL,2014-12-16,26.592500686645508,27.540000915527344,26.565000534057617,26.6875,243162800,23.858638763427734
AAPL,2014-12-17,26.780000686645508,27.459999084472656,26.704999923706055,27.352500915527344,213647200,24.453153610229492
AAPL,2014-12-18,27.967500686645508,28.162500381469727,27.665000915527344,28.162500381469727,236024800,25.177289962768555
AAPL,2014-12-19,28.065000534057617,28.309999465942383,27.915000915527344,27.94499969482422,353719200,24.98284339904785
AAPL,2014-12-22,28.040000915527344,28.372499465942383,27.99250030517578,28.235000610351562,180670000,25.242103576660156
AAPL,2014-12-23,28.3075008392334,28.332500457763672,28.114999771118164,28.135000228881836,104113600,25.152708053588867
AAPL,2014-12-24,28.145000457763672,28.177499771118164,28.002500534057617,28.002500534057617,57918400,25.034252166748047
AAPL,2014-12-26,28.024999618530273,28.6299991607666,28.002500534057617,28.497499465942383,134884000,25.476774215698242
AAPL,2014-12-29,28.447500228881836,28.6924991607666,28.424999237060547,28.477500915527344,110395600,25.458904266357422
AAPL,2014-12-30,28.40999984741211,28.479999542236328,28.02750015258789,28.1299991607666,119526000,25.148239135742188
AAPL,2014-12-31,28.204999923706055,28.282499313354492,27.552499771118164,27.594999313354492,165613600,24.669940948486328
AAPL,2015-01-02,27.84749984741211,27.860000610351562,26.837499618530273,27.332500457763672,212818400,24.435270309448242
AAPL,2015-01-05,27.072500228881836,27.162500381469727,26.352500915527344,26.5625,257142000,23.746889114379883
AAPL,2015-01-06,26.635000228881836,26.857500076293945,26.157499313354492,26.565000534057617,263188400,23.749128341674805
AAPL,2015-01-07,26.799999237060547,27.049999237060547,26.674999237060547,26.9375,160423600,24.082136154174805
AAPL,2015-01-08,27.3075008392334,28.037500381469727,27.174999237060547,27.97249984741211,237458000,25.00743293762207
AAPL,2015-01-09,28.167499542236328,28.3125,27.552499771118164,28.002500534057617,214798000,25.034252166748047
AAPL,2015-01-12,28.149999618530273,28.157499313354492,27.200000762939453,27.3125,198603200,24.417388916015625
AAPL,2015-01-13,27.857500076293945,28.200000762939453,27.227500915527344,27.55500030517578,268367600,24.634185791015625
AAPL,2015-01-14,27.260000228881836,27.622499465942383,27.125,27.450000762939453,195826400,24.54031753540039
AAPL,2015-01-15,27.5,27.514999389648438,26.665000915527344,26.704999923706055,240056000,23.87428092956543
AAPL,2015-01-16,26.75749969482422,26.895000457763672,26.299999237060547,26.497499465942383,314053200,23.688779830932617
AAPL,2015-01-20,26.959999084472656,27.24250030517578,26.625,27.18000030517578,199599600,24.298933029174805
AAPL,2015-01-21,27.237499237060547,27.764999389648438,27.0674991607666,27.387500762939453,194303600,24.484434127807617
AAPL,2015-01-22,27.565000534057617,28.11750030517578,27.43000030517578,28.100000381469727,215185600,25.121410369873047
AAPL,2015-01-23,28.075000762939453,28.4375,27.88249969482422,28.2450008392334,185859200,25.25104331970215
AAPL,2015-01-26,28.434999465942383,28.59000015258789,28.200000762939453,28.274999618530273,222460000,25.277864456176758
AAPL,2015-01-27,28.104999542236328,28.1200008392334,27.25749969482422,27.28499984741211,382274800,24.392810821533203
AAPL,2015-01-28,29.407499313354492,29.530000686645508,28.827499389648438,28.827499389648438,585908400,25.77179718017578
AAPL,2015-01-29,29.079999923706055,29.797500610351562,28.889999389648438,29.725000381469727,337745600,26.574161529541016
AAPL,2015-01-30,29.600000381469727,30,29.212499618530273,29.290000915527344,334982000,26.18527603149414
AAPL,2015-02-02,29.512500762939453,29.792499542236328,29.020000457763672,29.657499313354492,250956400,26.513822555541992
AAPL,2015-02-03,29.625,29.772499084472656,29.40250015258789,29.662500381469727,207662800,26.518285751342773
AAPL,2015-02-04,29.625,30.127500534057617,29.577499389648438,29.889999389648438,280598800,26.721675872802734
AAPL,2015-02-05,30.0049991607666,30.0575008392334,29.8125,29.985000610351562,168984800,26.912399291992188
AAPL,2015-02-06,30.0049991607666,30.0625,29.612499237060547,29.732500076293945,174826400,26.685775756835938
AAPL,2015-02-09,29.637500762939453,29.959999084472656,29.607500076293945,29.93000030517578,155559200,26.863037109375
AAPL,2015-02-10,30.042499542236328,30.537500381469727,30.040000915527344,30.5049991607666,248034000,27.37911605834961
AAPL,2015-02-11,30.6924991607666,31.229999542236328,30.625,31.219999313354492,294247200,28.020849227905273
AAPL,2015-02-12,31.514999389648438,31.8700008392334,31.392499923706055,31.614999771118164,297898000,28.3753719329834
AAPL,2015-02-13,31.81999969482422,31.81999969482422,31.412500381469727,31.770000457763672,217088800,28.514488220214844
AAPL,2015-02-17,31.872499465942383,32.220001220703125,31.729999542236328,31.957500457763672,252609600,28.682777404785156
AAPL,2015-02-18,31.907499313354492,32.19499969482422,31.862499237060547,32.18000030517578,179566800,28.882482528686523
AAPL,2015-02-19,32.119998931884766,32.25749969482422,32.08250045776367,32.11249923706055,149449600,28.8218936920166
AAPL,2015-02-20,32.154998779296875,32.375,32.01250076293945,32.375,195793600,29.057491302490234
AAPL,2015-02-23,32.505001068115234,33.25,32.415000915527344,33.25,283896400,29.842836380004883
AAPL,2015-02-24,33.23500061035156,33.400001525878906,32.79249954223633,33.04249954223633,276912400,29.65659523010254
AAPL,2015-02-25,32.88999938964844,32.900001525878906,32.037498474121094,32.1974983215332,298846800,28.898176193237305
AAPL,2015-02-26,32.1974983215332,32.717498779296875,31.65250015258789,32.60499954223633,365150000,29.263927459716797
AAPL,2015-02-27,32.5,32.64250183105469,32.060001373291016,32.1150016784668,248059200,28.824138641357422
AAPL,2015-03-02,32.3125,32.56999969482422,32.07500076293945,32.272499084472656,192386800,28.965503692626953
AAPL,2015-03-03,32.2400016784668,32.380001068115234,32.022499084472656,32.34000015258789,151265200,29.026071548461914
AAPL,2015-03-04,32.275001525878906,32.38999938964844,32.08000183105469,32.1349983215332,126665200,28.842082977294922
AAPL,2015-03-05,32.14500045776367,32.1875,31.440000534057617,31.602500915527344,226068400,28.364154815673828
AAPL,2015-03-06,32.099998474121094,32.342498779296875,31.565000534057617,31.649999618530273,291368400,28.406784057617188
AAPL,2015-03-09,31.989999771118164,32.39250183105469,31.264999389648438,31.78499984741211,354114000,28.527952194213867
AAPL,2015-03-10,31.602500915527344,31.80500030517578,30.950000762939453,31.127500534057617,275426400,27.93782615661621
AAPL,2015-03-11,31.1875,31.1924991607666,30.52750015258789,30.559999465942383,275756000,27.428476333618164
AAPL,2015-03-12,30.577499389648438,31.225000381469727,30.407499313354492,31.112499237060547,193450800,27.924360275268555
AAPL,2015-03-13,31.100000381469727,31.350000381469727,30.645000457763672,30.897499084472656,207309200,27.731395721435547
AAPL,2015-03-16,30.969999313354492,31.237499237060547,30.717500686645508,31.237499237060547,143497200,28.03656005859375
AAPL,2015-03-17,31.475000381469727,31.829999923706055,31.412500381469727,31.760000228881836,204092400,28.505516052246094
AAPL,2015-03-18,31.75,32.290000915527344,31.592500686645508,32.11750030517578,261083600,28.826379776000977
AAPL,2015-03-19,32.1875,32.3125,31.850000381469727,31.875,183238000,28.608736038208008
AAPL,2015-03-20,32.0625,32.099998474121094,31.290000915527344,31.475000381469727,274780400,28.249723434448242
AAPL,2015-03-23,31.780000686645508,31.962499618530273,31.6299991607666,31.802499771118164,150838800,28.543657302856445
AAPL,2015-03-24,31.8075008392334,32.0099983215332,31.639999389648438,31.672500610351562,131369200,28.426984786987305
AAPL,2015-03-25,31.635000228881836,31.704999923706055,30.844999313354492,30.844999313354492,206620800,27.68427276611328
AAPL,2015-03-26,30.690000534057617,31.219999313354492,30.649999618530273,31.059999465942383,190291600,27.877243041992188
AAPL,2015-03-27,31.142499923706055,31.174999237060547,30.727500915527344,30.8125,158184800,27.655109405517578
AAPL,2015-03-30,31.012500762939453,31.600000381469727,31,31.592500686645508,188398800,28.355178833007812
AAPL,2015-03-31,31.522499084472656,31.622499465942383,31.09000015258789,31.107500076293945,168362400,27.919879913330078
AAPL,2015-04-01,31.204999923706055,31.280000686645508,30.774999618530273,31.0625,162485600,27.879487991333008
AAPL,2015-04-02,31.25749969482422,31.389999389648438,31.047500610351562,31.329999923706055,128880400,28.119577407836914
AAPL,2015-04-06,31.11750030517578,31.877500534057617,31.082500457763672,31.837499618530273,148776000,28.575075149536133
AAPL,2015-04-07,31.90999984741211,32.029998779296875,31.4950008392334,31.502500534057617,140049200,28.274402618408203
AAPL,2015-04-08,31.462499618530273,31.600000381469727,31.24250030517578,31.399999618530273,149316800,28.182403564453125
AAPL,2015-04-09,31.462499618530273,31.645000457763672,31.165000915527344,31.639999389648438,129936000,28.397811889648438
AAPL,2015-04-10,31.487499237060547,31.802499771118164,31.315000534057617,31.774999618530273,160752000,28.518980026245117
AAPL,2015-04-13,32.092498779296875,32.14250183105469,31.65250015258789,31.712499618530273,145460400,28.46287727355957
AAPL,2015-04-14,31.75,31.822500228881836,31.477500915527344,31.575000762939453,102098400,28.33946990966797
AAPL,2015-04-15,31.602500915527344,31.782499313354492,31.502500534057617,31.69499969482422,115881600,28.447175979614258
AAPL,2015-04-16,31.56999969482422,31.774999618530273,31.52750015258789,31.542499542236328,113476000,28.310300827026367
AAPL,2015-04-17,31.387500762939453,31.53499984741211,31.114999771118164,31.1875,207828000,27.99167823791504
AAPL,2015-04-20,31.392499923706055,32.029998779296875,31.292499542236328,31.899999618530273,188217200,28.631166458129883
AAPL,2015-04-21,32.025001525878906,32.04999923706055,31.667499542236328,31.727500915527344,129740400,28.476346969604492
AAPL,2015-04-22,31.747499465942383,32.217498779296875,31.579999923706055,32.154998779296875,150618000,28.860036849975586
AAPL,2015-04-23,32.07500076293945,32.60499954223633,32.03499984741211,32.41749954223633,183083600,29.095638275146484
AAPL,2015-04-24,32.622501373291016,32.657501220703125,32.307498931884766,32.56999969482422,178103600,29.232505798339844
AAPL,2015-04-27,33.07749938964844,33.282501220703125,32.787498474121094,33.162498474121094,387816800,29.764293670654297
AAPL,2015-04-28,33.6150016784668,33.6349983215332,32.39250183105469,32.63999938964844,475696000,29.295337677001953
AAPL,2015-04-29,32.540000915527344,32.897499084472656,32.07500076293945,32.15999984741211,253544400,28.86452293395996
AAPL,2015-04-30,32.15999984741211,32.15999984741211,31.145000457763672,31.287500381469727,332781600,28.081432342529297
AAPL,2015-05-01,31.524999618530273,32.532501220703125,31.325000762939453,32.23749923706055,234050400,28.9340877532959
AAPL,2015-05-04,32.375,32.64250183105469,32.064998626708984,32.17499923706055,203953200,28.87798309326172
AAPL,2015-05-05,32.037498474121094,32.11249923706055,31.44499969482422,31.450000762939453,197085600,28.227275848388672
AAPL,2015-05-06,31.639999389648438,31.6875,30.84000015258789,31.252500534057617,288564000,28.050020217895508
AAPL,2015-05-07,31.1924991607666,31.520000457763672,31.0049991607666,31.315000534057617,175763600,28.223514556884766
AAPL,2015-05-08,31.670000076293945,31.905000686645508,31.52750015258789,31.905000686645508,222201600,28.755266189575195
AAPL,2015-05-11,31.84749984741211,31.889999389648438,31.407499313354492,31.579999923706055,168143200,28.46234703063965
AAPL,2015-05-12,31.399999618530273,31.719999313354492,31.204999923706055,31.467500686645508,192640000,28.3609619140625
AAPL,2015-05-13,31.537500381469727,31.797500610351562,31.467500686645508,31.502500534057617,138776800,28.39250373840332
AAPL,2015-05-14,31.852500915527344,32.23749923706055,31.790000915527344,32.23749923706055,180814000,29.054950714111328
AAPL,2015-05-15,32.26750183105469,32.372501373291016,32.0525016784668,32.192501068115234,152832000,29.014387130737305
AAPL,2015-05-18,32.095001220703125,32.68000030517578,32.09000015258789,32.54750061035156,203531600,29.33433723449707
AAPL,2015-05-19,32.67250061035156,32.720001220703125,32.40999984741211,32.51750183105469,178532800,29.30730438232422
AAPL,2015-05-20,32.5,32.744998931884766,32.334999084472656,32.51499938964844,145819600,29.30504608154297
AAPL,2015-05-21,32.51750183105469,32.907501220703125,32.45750045776367,32.84749984741211,158921600,29.604719161987305
AAPL,2015-05-22,32.900001525878906,33.24250030517578,32.849998474121094,33.1349983215332,182384000,29.86384391784668
AAPL,2015-05-26,33.150001525878906,33.227500915527344,32.279998779296875,32.404998779296875,282790400,29.205907821655273
AAPL,2015-05-27,32.584999084472656,33.064998626708984,32.51250076293945,33.0099983215332,183332800,29.75118637084961
AAPL,2015-05-28,32.96500015258789,32.98749923706055,32.775001525878906,32.94499969482422,122933200,29.692594528198242
AAPL,2015-05-29,32.807498931884766,32.86249923706055,32.474998474121094,32.56999969482422,203538000,29.354616165161133
AAPL,2015-06-01,32.56999969482422,32.84749984741211,32.51250076293945,32.6349983215332,128451200,29.413204193115234
AAPL,2015-06-02,32.46500015258789,32.665000915527344,32.33000183105469,32.4900016784668,134670400,29.282516479492188
AAPL,2015-06-03,32.665000915527344,32.73500061035156,32.474998474121094,32.529998779296875,123934000,29.318561553955078
AAPL,2015-06-04,32.39500045776367,32.64500045776367,32.227500915527344,32.34000015258789,153800400,29.147315979003906
AAPL,2015-06-05,32.375,32.42250061035156,32.09000015258789,32.162498474121094,142507200,28.987350463867188
AAPL,2015-06-08,32.224998474121094,32.3025016784668,31.707500457763672,31.950000762939453,210699200,28.79582405090332
AAPL,2015-06-09,31.674999237060547,32.02000045776367,31.405000686645508,31.854999542236328,224301600,28.710206985473633
AAPL,2015-06-10,31.979999542236328,32.334999084472656,31.962499618530273,32.220001220703125,156349200,29.039173126220703
AAPL,2015-06-11,32.29499816894531,32.54499816894531,32.119998931884766,32.147499084472656,141563600,28.973825454711914
AAPL,2015-06-12,32.04750061035156,32.08250045776367,31.77750015258789,31.792499542236328,147544800,28.653873443603516
AAPL,2015-06-15,31.524999618530273,31.809999465942383,31.427499771118164,31.729999542236328,175955600,28.59754180908203
AAPL,2015-06-16,31.75749969482422,31.962499618530273,31.592500686645508,31.899999618530273,125976400,28.750762939453125
AAPL,2015-06-17,31.93000030517578,31.969999313354492,31.684999465942383,31.825000762939453,131672400,28.68317222595215
AAPL,2015-06-18,31.8075008392334,32.07749938964844,31.80500030517578,31.969999313354492,141628800,28.813852310180664
AAPL,2015-06-19,31.927499771118164,31.954999923706055,31.600000381469727,31.649999618530273,218867600,28.525440216064453
AAPL,2015-06-22,31.872499465942383,32.01499938964844,31.770000457763672,31.90250015258789,136157200,28.753021240234375
AAPL,2015-06-23,31.8700008392334,31.90250015258789,31.719999313354492,31.75749969482422,121075600,28.62233543395996
AAPL,2015-06-24,31.802499771118164,32.45000076293945,31.780000686645508,32.02750015258789,221123600,28.865676879882812
AAPL,2015-06-25,32.21500015258789,32.29999923706055,31.875,31.875,127752400,28.728239059448242
AAPL,2015-06-26,31.917499542236328,31.997499465942383,31.627500534057617,31.6875,176267200,28.559242248535156
AAPL,2015-06-29,31.364999771118164,31.61750030517578,31.1200008392334,31.13249969482422,196645600,28.05902862548828
AAPL,2015-06-30,31.392499923706055,31.530000686645508,31.21500015258789,31.357500076293945,177482800,28.261821746826172
AAPL,2015-07-01,31.725000381469727,31.735000610351562,31.497499465942383,31.649999618530273,120955200,28.525440216064453
AAPL,2015-07-02,31.607500076293945,31.672500610351562,31.4424991607666,31.610000610351562,108844000,28.48939323425293
AAPL,2015-07-06,31.235000610351562,31.5575008392334,31.212499618530273,31.5,112241600,28.39024543762207
AAPL,2015-07-07,31.47249984741211,31.537500381469727,30.9424991607666,31.422500610351562,187787200,28.320405960083008
AAPL,2015-07-08,31.1200008392334,31.15999984741211,30.635000228881836,30.642499923706055,243046400,27.617403030395508
AAPL,2015-07-09,30.962499618530273,31.014999389648438,29.80500030517578,30.017499923706055,314380000,27.054115295410156
AAPL,2015-07-10,30.485000610351562,30.962499618530273,30.302499771118164,30.81999969482422,245418000,27.777381896972656
AAPL,2015-07-13,31.25749969482422,31.440000534057617,31.079999923706055,31.415000915527344,165762000,28.313644409179688
AAPL,2015-07-14,31.510000228881836,31.592500686645508,31.260000228881836,31.40250015258789,127072400,28.30237579345703
AAPL,2015-07-15,31.43000030517578,31.787500381469727,31.395000457763672,31.704999923706055,134596800,28.575021743774414
AAPL,2015-07-16,31.934999465942383,32.14250183105469,31.837499618530273,32.127498626708984,144889600,28.95580291748047
AAPL,2015-07-17,32.27000045776367,32.404998779296875,32.07749938964844,32.404998779296875,184658800,29.205907821655273
AAPL,2015-07-20,32.74250030517578,33.24250030517578,32.67499923706055,33.01750183105469,235600800,29.75794219970703
AAPL,2015-07-21,33.212501525878906,33.22999954223633,32.58000183105469,32.6875,307025600,29.46051788330078
AAPL,2015-07-22,30.497499465942383,31.375,30.497499465942383,31.30500030517578,461802400,28.21450424194336
AAPL,2015-07-23,31.549999237060547,31.772499084472656,31.264999389648438,31.290000915527344,203998000,28.20098304748535
AAPL,2015-07-24,31.329999923706055,31.434999465942383,30.975000381469727,31.125,168649200,28.052274703979492
AAPL,2015-07-27,30.772499084472656,30.90250015258789,30.530000686645508,30.6924991607666,177822000,27.66246223449707
AAPL,2015-07-28,30.844999313354492,30.977500915527344,30.637500762939453,30.844999313354492,134472400,27.799911499023438
AAPL,2015-07-29,30.787500381469727,30.875,30.5674991607666,30.747499465942383,148046800,27.71204376220703
AAPL,2015-07-30,30.579999923706055,30.642499923706055,30.427499771118164,30.592500686645508,134513200,27.572341918945312
AAPL,2015-07-31,30.649999618530273,30.65999984741211,30.227500915527344,30.325000762939453,171540000,27.331253051757812
AAPL,2015-08-03,30.375,30.642499923706055,29.3799991607666,29.610000610351562,279904000,26.68683624267578
AAPL,2015-08-04,29.354999542236328,29.424999237060547,28.3125,28.65999984741211,496554400,25.830617904663086
AAPL,2015-08-05,28.237499237060547,29.360000610351562,28.024999618530273,28.850000381469727,397250400,26.001861572265625
AAPL,2015-08-06,28.99250030517578,29.125,28.530000686645508,28.782499313354492,211612000,26.058448791503906
AAPL,2015-08-07,28.645000457763672,29.0625,28.625,28.8799991607666,154681600,26.146718978881836
AAPL,2015-08-10,29.13249969482422,29.997499465942383,29.13249969482422,29.93000030517578,219806400,27.097347259521484
AAPL,2015-08-11,29.452499389648438,29.545000076293945,28.332500457763672,28.372499465942383,388331200,25.687253952026367
AAPL,2015-08-12,28.13249969482422,28.854999542236328,27.407499313354492,28.809999465942383,404870000,26.083345413208008
AAPL,2015-08-13,29.010000228881836,29.100000381469727,28.635000228881836,28.787500381469727,194143200,26.062973022460938
AAPL,2015-08-14,28.579999923706055,29.077499389648438,28.502500534057617,28.989999771118164,171718000,26.246309280395508
AAPL,2015-08-17,29.010000228881836,29.412500381469727,28.875,29.290000915527344,163538800,26.51792335510254
AAPL,2015-08-18,29.107500076293945,29.360000610351562,29.002500534057617,29.125,138242800,26.368534088134766
AAPL,2015-08-19,29.024999618530273,29.1299991607666,28.670000076293945,28.752500534057617,193146000,26.031288146972656
AAPL,2015-08-20,28.520000457763672,28.587499618530273,27.907499313354492,28.162500381469727,274006400,25.497129440307617
AAPL,2015-08-21,27.607500076293945,27.975000381469727,26.412500381469727,26.440000534057617,513102000,23.937646865844727
AAPL,2015-08-24,23.717500686645508,27.200000762939453,23,25.780000686645508,648825200,23.34011459350586
AAPL,2015-08-25,27.77750015258789,27.77750015258789,25.875,25.934999465942383,414406400,23.480438232421875
AAPL,2015-08-26,26.772499084472656,27.47249984741211,26.262500762939453,27.422500610351562,387098400,24.827165603637695
AAPL,2015-08-27,28.0575008392334,28.309999465942383,27.5049991607666,28.229999542236328,338464400,25.55823516845703
AAPL,2015-08-28,28.042499542236328,28.327499389648438,27.885000228881836,28.322500228881836,212657600,25.64198112487793
AAPL,2015-08-31,28.00749969482422,28.63249969482422,28,28.190000534057617,224917200,25.52202033996582
AAPL,2015-09-01,27.537500381469727,27.969999313354492,26.84000015258789,26.93000030517578,307383600,24.38127899169922
AAPL,2015-09-02,27.5575008392334,28.084999084472656,27.282499313354492,28.084999084472656,247555200,25.42696189880371
AAPL,2015-09-03,28.122499465942383,28.19499969482422,27.510000228881836,27.592500686645508,212935600,24.98107147216797
AAPL,2015-09-04,27.24250030517578,27.612499237060547,27.127500534057617,27.3174991607666,199985200,24.73210334777832
AAPL,2015-09-08,27.9375,28.139999389648438,27.579999923706055,28.077499389648438,219374400,25.4201717376709
AAPL,2015-09-09,28.440000534057617,28.5049991607666,27.4424991607666,27.537500381469727,340043200,24.931285858154297
AAPL,2015-09-10,27.5674991607666,28.31999969482422,27.475000381469727,28.142499923706055,251571200,25.479021072387695
AAPL,2015-09-11,27.947500228881836,28.552499771118164,27.940000534057617,28.552499771118164,199662000,25.850215911865234
AAPL,2015-09-14,29.145000457763672,29.22249984741211,28.71500015258789,28.827499389648438,233453600,26.09918975830078
AAPL,2015-09-15,28.982500076293945,29.13249969482422,28.604999542236328,29.06999969482422,173364800,26.318740844726562
AAPL,2015-09-16,29.0625,29.135000228881836,28.860000610351562,29.102500915527344,148694000,26.348161697387695
AAPL,2015-09-17,28.915000915527344,29.122499465942383,28.43000030517578,28.479999542236328,256450400,25.78457260131836
AAPL,2015-09-18,28.052499771118164,28.575000762939453,27.967500686645508,28.362499237060547,297141200,25.678197860717773
AAPL,2015-09-21,28.417499542236328,28.842500686645508,28.415000915527344,28.802499771118164,200888000,26.076555252075195
AAPL,2015-09-22,28.344999313354492,28.545000076293945,28.1299991607666,28.350000381469727,201384800,25.666881561279297
AAPL,2015-09-23,28.407499313354492,28.68000030517578,28.325000762939453,28.579999923706055,143026800,25.875112533569336
AAPL,2015-09-24,28.3125,28.875,28.092500686645508,28.75,200878000,26.02902603149414
AAPL,2015-09-25,29.110000610351562,29.172500610351562,28.5049991607666,28.677499771118164,224607600,25.96339225769043
AAPL,2015-09-28,28.462499618530273,28.642499923706055,28.110000610351562,28.110000610351562,208436000,25.449588775634766
AAPL,2015-09-29,28.207500457763672,28.377500534057617,26.96500015258789,27.264999389648438,293461600,24.684572219848633
AAPL,2015-09-30,27.542499542236328,27.885000228881836,27.1825008392334,27.575000762939453,265892000,24.965227127075195
AAPL,2015-10-01,27.267499923706055,27.405000686645508,26.827499389648438,27.395000457763672,255716400,24.802268981933594
AAPL,2015-10-02,27.002500534057617,27.752500534057617,26.887500762939453,27.594999313354492,232079200,24.983333587646484
AAPL,2015-10-05,27.469999313354492,27.842500686645508,27.267499923706055,27.69499969482422,208258800,25.073875427246094
AAPL,2015-10-06,27.657499313354492,27.934999465942383,27.4424991607666,27.827499389648438,192787200,25.193828582763672
AAPL,2015-10-07,27.934999465942383,27.9424991607666,27.352500915527344,27.69499969482422,187062400,25.073875427246094
AAPL,2015-10-08,27.547500610351562,27.547500610351562,27.052499771118164,27.375,247918400,24.784156799316406
AAPL,2015-10-09,27.5,28.06999969482422,27.372499465942383,28.030000686645508,211064400,25.377172470092773
AAPL,2015-10-12,28.1825008392334,28.1875,27.860000610351562,27.899999618530273,121868800,25.259471893310547
AAPL,2015-10-13,27.704999923706055,28.112499237060547,27.670000076293945,27.947500228881836,132197200,25.302474975585938
AAPL,2015-10-14,27.822500228881836,27.8799991607666,27.389999389648438,27.552499771118164,177849600,24.94486427307129
AAPL,2015-10-15,27.732500076293945,28.024999618530273,27.622499465942383,27.96500015258789,150694000,25.31831932067871
AAPL,2015-10-16,27.94499969482422,28,27.63249969482422,27.760000228881836,156930400,25.132720947265625
AAPL,2015-10-19,27.700000762939453,27.9375,27.52750015258789,27.9325008392334,119036800,25.288896560668945
AAPL,2015-10-20,27.834999084472656,28.542499542236328,27.704999923706055,28.4424991607666,195871200,25.750629425048828
AAPL,2015-10-21,28.5,28.895000457763672,28.424999237060547,28.440000534057617,167180800,25.748367309570312
AAPL,2015-10-22,28.582500457763672,28.875,28.524999618530273,28.875,166616400,26.14219856262207
AAPL,2015-10-23,29.174999237060547,29.8075008392334,29.082500457763672,29.770000457763672,237467600,26.95248794555664
AAPL,2015-10-26,29.520000457763672,29.532499313354492,28.729999542236328,28.81999969482422,265335200,26.09239959716797
AAPL,2015-10-27,28.850000381469727,29.135000228881836,28.497499465942383,28.637500762939453,279537600,25.92717170715332
AAPL,2015-10-28,29.232500076293945,29.825000762939453,29.014999389648438,29.8174991607666,342205600,26.995498657226562
AAPL,2015-10-29,29.674999237060547,30.172500610351562,29.5674991607666,30.13249969482422,204909200,27.280681610107422
AAPL,2015-10-30,30.247499465942383,30.30500030517578,29.862499237060547,29.875,197461200,27.047548294067383
AAPL,2015-11-02,30.200000762939453,30.34000015258789,29.90250015258789,30.295000076293945,128813200,27.427804946899414
AAPL,2015-11-03,30.197500228881836,30.872499465942383,30.174999237060547,30.642499923706055,182076000,27.742412567138672
AAPL,2015-11-04,30.782499313354492,30.954999923706055,30.405000686645508,30.5,179544400,27.6134033203125
AAPL,2015-11-05,30.462499618530273,30.672500610351562,30.045000076293945,30.229999542236328,158210800,27.486108779907227
AAPL,2015-11-06,30.27750015258789,30.452499389648438,30.155000686645508,30.264999389648438,132169200,27.517927169799805
AAPL,2015-11-09,30.239999771118164,30.452499389648438,30.012500762939453,30.142499923706055,135485600,27.40654945373535
AAPL,2015-11-10,29.225000381469727,29.517499923706055,29.014999389648438,29.1924991607666,236511600,26.54277801513672
AAPL,2015-11-11,29.092500686645508,29.354999542236328,28.802499771118164,29.02750015258789,180872000,26.392759323120117
AAPL,2015-11-12,29.065000534057617,29.204999923706055,28.912500381469727,28.93000030517578,130102400,26.304109573364258
AAPL,2015-11-13,28.799999237060547,28.892499923706055,28.0674991607666,28.084999084472656,183249600,25.535804748535156
AAPL,2015-11-16,27.844999313354492,28.559999465942383,27.75,28.545000076293945,152426800,25.954050064086914
AAPL,2015-11-17,28.729999542236328,28.762500762939453,28.329999923706055,28.422500610351562,110467600,25.842670440673828
AAPL,2015-11-18,28.940000534057617,29.372499465942383,28.875,29.322500228881836,186698800,26.66098403930664
AAPL,2015-11-19,29.40999984741211,29.9375,29.190000534057617,29.69499969482422,173183200,26.99966812133789
AAPL,2015-11-20,29.799999237060547,29.979999542236328,29.712499618530273,29.825000762939453,137148400,27.11786651611328
AAPL,2015-11-23,29.8174991607666,29.9325008392334,29.334999084472656,29.4375,129930000,26.76553726196289
AAPL,2015-11-24,29.332500457763672,29.837499618530273,29.280000686645508,29.719999313354492,171212800,27.02239990234375
AAPL,2015-11-25,29.802499771118164,29.8075008392334,29.479999542236328,29.50749969482422,85553200,26.829193115234375
AAPL,2015-11-27,29.572500228881836,29.602500915527344,29.399999618530273,29.452499389648438,52185600,26.7791748046875
AAPL,2015-11-30,29.497499465942383,29.852500915527344,29.4375,29.575000762939453,156721200,26.890565872192383
AAPL,2015-12-01,29.6875,29.702499389648438,29.21500015258789,29.334999084472656,139409600,26.672340393066406
AAPL,2015-12-02,29.334999084472656,29.52750015258789,29.020000457763672,29.06999969482422,133546400,26.431398391723633
AAPL,2015-12-03,29.137500762939453,29.197500228881836,28.55500030517578,28.799999237060547,166278000,26.185909271240234
AAPL,2015-12-04,28.822500228881836,29.8125,28.77750015258789,29.75749969482422,231108000,27.05649757385254
AAPL,2015-12-07,29.7450008392334,29.96500015258789,29.452499389648438,29.56999969482422,128336800,26.88601303100586
AAPL,2015-12-08,29.3799991607666,29.649999618530273,29.21500015258789,29.5575008392334,137238000,26.874649047851562
AAPL,2015-12-09,29.40999984741211,29.422500610351562,28.770000457763672,28.905000686645508,185445600,26.2813720703125
AAPL,2015-12-10,29.010000228881836,29.235000610351562,28.877500534057617,29.042499542236328,116850800,26.406394958496094
AAPL,2015-12-11,28.797500610351562,28.84749984741211,28.212499618530273,28.295000076293945,187544800,25.726741790771484
AAPL,2015-12-14,28.045000076293945,28.170000076293945,27.447500228881836,28.1200008392334,257274800,25.567625045776367
AAPL,2015-12-15,27.985000610351562,28.200000762939453,27.587499618530273,27.622499465942383,213292400,25.11528205871582
AAPL,2015-12-16,27.767499923706055,27.997499465942383,27.200000762939453,27.834999084472656,224954000,25.308494567871094
AAPL,2015-12-17,28.0049991607666,28.0625,27.2450008392334,27.2450008392334,179091200,24.772048950195312
AAPL,2015-12-18,27.227500915527344,27.3799991607666,26.452499389648438,26.50749969482422,385813200,24.101491928100586
AAPL,2015-12-21,26.81999969482422,26.842500686645508,26.392499923706055,26.832500457763672,190362400,24.396991729736328
AAPL,2015-12-22,26.850000381469727,26.93000030517578,26.612499237060547,26.8075008392334,131157600,24.37425994873047
AAPL,2015-12-23,26.8174991607666,27.212499618530273,26.799999237060547,27.15250015258789,130629600,24.687942504882812
AAPL,2015-12-24,27.25,27.25,26.987499237060547,27.00749969482422,54281600,24.556108474731445
AAPL,2015-12-28,26.897499084472656,26.922500610351562,26.545000076293945,26.704999923706055,106816800,24.281057357788086
AAPL,2015-12-29,26.739999771118164,27.357500076293945,26.71500015258789,27.184999465942383,123724800,24.717493057250977
AAPL,2015-12-30,27.145000457763672,27.174999237060547,26.795000076293945,26.829999923706055,100855200,24.394718170166016
AAPL,2015-12-31,26.752500534057617,26.75749969482422,26.204999923706055,26.315000534057617,163649200,23.92645835876465
AAPL,2016-01-04,25.65250015258789,26.342500686645508,25.5,26.337499618530273,270597600,23.946922302246094
AAPL,2016-01-05,26.4375,26.462499618530273,25.602500915527344,25.677499771118164,223164000,23.34682273864746
AAPL,2016-01-06,25.139999389648438,25.592500686645508,24.967500686645508,25.174999237060547,273829600,22.889936447143555
AAPL,2016-01-07,24.670000076293945,25.032499313354492,24.107500076293945,24.112499237060547,324377600,21.92387580871582
AAPL,2016-01-08,24.637500762939453,24.77750015258789,24.190000534057617,24.239999771118164,283192000,22.039796829223633
AAPL,2016-01-11,24.74250030517578,24.764999389648438,24.334999084472656,24.63249969482422,198957600,22.396686553955078
AAPL,2016-01-12,25.137500762939453,25.172500610351562,24.709999084472656,24.989999771118164,196616800,22.72173309326172
AAPL,2016-01-13,25.079999923706055,25.297500610351562,24.325000762939453,24.34749984741211,249758400,22.137550354003906
AAPL,2016-01-14,24.489999771118164,25.1200008392334,23.934999465942383,24.8799991607666,252680400,22.621715545654297
AAPL,2016-01-15,24.049999237060547,24.427499771118164,23.84000015258789,24.282499313354492,319335600,22.078449249267578
AAPL,2016-01-19,24.602500915527344,24.662500381469727,23.875,24.165000915527344,212350800,21.97161102294922
AAPL,2016-01-20,23.774999618530273,24.547500610351562,23.354999542236328,24.197500228881836,289337600,22.001155853271484
AAPL,2016-01-21,24.264999389648438,24.469999313354492,23.735000610351562,24.075000762939453,208646000,21.889780044555664
AAPL,2016-01-22,24.657499313354492,25.364999771118164,24.592500686645508,25.354999542236328,263202000,23.0535945892334
AAPL,2016-01-25,25.3799991607666,25.38249969482422,24.802499771118164,24.860000610351562,207178000,22.603525161743164
AAPL,2016-01-26,24.982500076293945,25.219999313354492,24.517499923706055,24.997499465942383,300308000,22.728544235229492
AAPL,2016-01-27,24.010000228881836,24.157499313354492,23.334999084472656,23.354999542236328,533478800,21.235130310058594
AAPL,2016-01-28,23.447500228881836,23.6299991607666,23.09749984741211,23.522499084472656,222715200,21.387426376342773
AAPL,2016-01-29,23.697500228881836,24.334999084472656,23.587499618530273,24.334999084472656,257666000,22.126176834106445
AAPL,2016-02-01,24.11750030517578,24.177499771118164,23.850000381469727,24.107500076293945,163774000,21.919328689575195
AAPL,2016-02-02,23.854999542236328,24.010000228881836,23.56999969482422,23.6200008392334,149428800,21.47607421875
AAPL,2016-02-03,23.75,24.209999084472656,23.520000457763672,24.087499618530273,183857200,21.901147842407227
AAPL,2016-02-04,23.96500015258789,24.332500457763672,23.797500610351562,24.149999618530273,185886800,22.077117919921875
AAPL,2016-02-05,24.1299991607666,24.229999542236328,23.422500610351562,23.5049991607666,185672400,21.48748207092285
AAPL,2016-02-08,23.282499313354492,23.924999237060547,23.260000228881836,23.752500534057617,216085600,21.7137451171875
AAPL,2016-02-09,23.572500228881836,23.985000610351562,23.482500076293945,23.747499465942383,177324800,21.709165573120117
AAPL,2016-02-10,23.979999542236328,24.087499618530273,23.524999618530273,23.5674991607666,169374400,21.54462432861328
AAPL,2016-02-11,23.447500228881836,23.68000030517578,23.147499084472656,23.424999237060547,200298800,21.414352416992188
AAPL,2016-02-12,23.547500610351562,23.625,23.252500534057617,23.497499465942383,161405600,21.480628967285156
AAPL,2016-02-16,23.7549991607666,24.212499618530273,23.65250015258789,24.15999984741211,196231600,22.086259841918945
AAPL,2016-02-17,24.167499542236328,24.552499771118164,24.037500381469727,24.530000686645508,179452800,22.42450714111328
AAPL,2016-02-18,24.709999084472656,24.72249984741211,24.022499084472656,24.065000534057617,156084000,21.999414443969727
AAPL,2016-02-19,24,24.190000534057617,23.950000762939453,24.010000228881836,141496800,21.94913101196289
AAPL,2016-02-22,24.077499389648438,24.225000381469727,23.979999542236328,24.219999313354492,137123200,22.141115188598633
AAPL,2016-02-23,24.100000381469727,24.125,23.637500762939453,23.672500610351562,127770400,21.640600204467773
AAPL,2016-02-24,23.4950008392334,24.094999313354492,23.329999923706055,24.024999618530273,145022800,21.962854385375977
AAPL,2016-02-25,24.012500762939453,24.190000534057617,23.8125,24.190000534057617,110330800,22.113683700561523
AAPL,2016-02-26,24.299999237060547,24.5049991607666,24.145000457763672,24.227500915527344,115964400,22.147972106933594
AAPL,2016-02-29,24.21500015258789,24.5575008392334,24.162500381469727,24.172500610351562,140865200,22.097688674926758
AAPL,2016-03-01,24.412500381469727,25.1924991607666,24.354999542236328,25.13249969482422,201628400,22.975290298461914
AAPL,2016-03-02,25.127500534057617,25.22249984741211,24.90999984741211,25.1875,132678400,23.025569915771484
AAPL,2016-03-03,25.145000457763672,25.427499771118164,25.112499237060547,25.375,147822800,23.196977615356445
AAPL,2016-03-04,25.592500686645508,25.9375,25.342500686645508,25.752500534057617,184220400,23.542078018188477
AAPL,2016-03-07,25.59749984741211,25.707500457763672,25.239999771118164,25.467500686645508,143315600,23.281543731689453
AAPL,2016-03-08,25.19499969482422,25.440000534057617,25.100000381469727,25.25749969482422,126247600,23.089563369750977
AAPL,2016-03-09,25.327499389648438,25.395000457763672,25.0674991607666,25.280000686645508,108806800,23.110130310058594
AAPL,2016-03-10,25.352500915527344,25.559999465942383,25.037500381469727,25.292499542236328,134054400,23.121553421020508
AAPL,2016-03-11,25.559999465942383,25.56999969482422,25.375,25.565000534057617,109632800,23.370662689208984
AAPL,2016-03-14,25.477500915527344,25.727500915527344,25.44499969482422,25.6299991607666,100304400,23.430086135864258
AAPL,2016-03-15,25.989999771118164,26.295000076293945,25.962499618530273,26.145000457763672,160270800,23.9008846282959
AAPL,2016-03-16,26.15250015258789,26.577499389648438,26.147499084472656,26.49250030517578,153214000,24.21856117248535
AAPL,2016-03-17,26.3799991607666,26.61750030517578,26.239999771118164,26.450000762939453,137682800,24.17970848083496
AAPL,2016-03-18,26.584999084472656,26.625,26.297500610351562,26.479999542236328,176820800,24.207124710083008
AAPL,2016-03-21,26.482500076293945,26.912500381469727,26.28499984741211,26.477500915527344,142010800,24.20484733581543
AAPL,2016-03-22,26.3125,26.822500228881836,26.302499771118164,26.68000030517578,129777600,24.38996696472168
AAPL,2016-03-23,26.6200008392334,26.767499923706055,26.475000381469727,26.532499313354492,102814000,24.255123138427734
AAPL,2016-03-24,26.36750030517578,26.5625,26.22249984741211,26.417499542236328,104532000,24.149993896484375
AAPL,2016-03-28,26.5,26.547500610351562,26.264999389648438,26.297500610351562,77645600,24.04029083251953
AAPL,2016-03-29,26.22249984741211,26.947500228881836,26.219999313354492,26.920000076293945,124760400,24.60936164855957
AAPL,2016-03-30,27.162500381469727,27.604999542236328,27.149999618530273,27.389999389648438,182404400,25.03902244567871
AAPL,2016-03-31,27.43000030517578,27.475000381469727,27.219999313354492,27.247499465942383,103553600,24.90874671936035
AAPL,2016-04-01,27.19499969482422,27.5,27.049999237060547,27.497499465942383,103496000,25.137298583984375
AAPL,2016-04-04,27.604999542236328,28.047500610351562,27.5674991607666,27.780000686645508,149424800,25.395549774169922
AAPL,2016-04-05,27.377500534057617,27.6825008392334,27.354999542236328,27.452499389648438,106314800,25.096158981323242
AAPL,2016-04-06,27.5575008392334,27.7450008392334,27.299999237060547,27.739999771118164,105616400,25.35897445678711
AAPL,2016-04-07,27.487499237060547,27.604999542236328,27.030000686645508,27.135000228881836,127207600,24.805912017822266
AAPL,2016-04-08,27.227500915527344,27.4424991607666,27.042499542236328,27.165000915527344,94326800,24.833332061767578
AAPL,2016-04-11,27.24250030517578,27.65250015258789,27.207500457763672,27.2549991607666,117630000,24.915605545043945
AAPL,2016-04-12,27.334999084472656,27.625,27.165000915527344,27.610000610351562,108929200,25.240142822265625
AAPL,2016-04-13,27.700000762939453,28.084999084472656,27.700000762939453,28.010000228881836,133029200,25.60580825805664
AAPL,2016-04-14,27.905000686645508,28.09749984741211,27.832500457763672,28.024999618530273,101895600,25.619518280029297
AAPL,2016-04-15,28.02750015258789,28.075000762939453,27.4325008392334,27.462499618530273,187756000,25.105297088623047
AAPL,2016-04-18,27.22249984741211,27.237499237060547,26.735000610351562,26.8700008392334,243286000,24.563657760620117
AAPL,2016-04-19,26.969999313354492,27,26.5575008392334,26.727500915527344,129539600,24.433387756347656
AAPL,2016-04-20,26.65999984741211,27.022499084472656,26.514999389648438,26.782499313354492,122444000,24.483667373657227
AAPL,2016-04-21,26.732500076293945,26.732500076293945,26.3799991607666,26.49250030517578,126210000,24.21856117248535
AAPL,2016-04-22,26.252500534057617,26.6200008392334,26.155000686645508,26.420000076293945,134732400,24.152280807495117
AAPL,2016-04-25,26.25,26.412500381469727,26.127500534057617,26.270000457763672,112126400,24.015155792236328
AAPL,2016-04-26,25.977500915527344,26.325000762939453,25.977500915527344,26.087499618530273,224064800,23.84832000732422
AAPL,2016-04-27,24,24.677499771118164,23.920000076293945,24.454999923706055,458408400,22.355937957763672
AAPL,2016-04-28,24.40250015258789,24.469999313354492,23.5625,23.707500457763672,328970800,21.6726016998291
AAPL,2016-04-29,23.497499465942383,23.68000030517578,23.127500534057617,23.434999465942383,274126000,21.423494338989258
AAPL,2016-05-02,23.49250030517578,23.520000457763672,23.100000381469727,23.40999984741211,192640400,21.400636672973633
AAPL,2016-05-03,23.549999237060547,23.934999465942383,23.420000076293945,23.795000076293945,227325200,21.752592086791992
AAPL,2016-05-04,23.799999237060547,23.975000381469727,23.454999923706055,23.547500610351562,164102000,21.526338577270508
AAPL,2016-05-05,23.5,23.517499923706055,23.170000076293945,23.309999465942383,143562000,21.438961029052734
AAPL,2016-05-06,23.342500686645508,23.362499237060547,22.962499618530273,23.18000030517578,174799600,21.31939697265625
AAPL,2016-05-09,23.25,23.4424991607666,23.147499084472656,23.197500228881836,131745600,21.33548927307129
AAPL,2016-05-10,23.332500457763672,23.392499923706055,23.02750015258789,23.354999542236328,134747200,21.4803524017334
AAPL,2016-05-11,23.3700008392334,23.392499923706055,23.114999771118164,23.127500534057617,114876400,21.27111053466797
AAPL,2016-05-12,23.18000030517578,23.19499969482422,22.36750030517578,22.584999084472656,305258800,20.772153854370117
AAPL,2016-05-13,22.5,22.917499542236328,22.5,22.6299991607666,177571200,20.81354331970215
AAPL,2016-05-16,23.09749984741211,23.59749984741211,22.912500381469727,23.469999313354492,245039200,21.586124420166016
AAPL,2016-05-17,23.637500762939453,23.674999237060547,23.252500534057617,23.372499465942383,187667600,21.49644660949707
AAPL,2016-05-18,23.540000915527344,23.802499771118164,23.47249984741211,23.639999389648438,168249600,21.742469787597656
AAPL,2016-05-19,23.65999984741211,23.65999984741211,23.392499923706055,23.549999237060547,121768400,21.659696578979492
AAPL,2016-05-20,23.65999984741211,23.857500076293945,23.6299991607666,23.80500030517578,128104000,21.894229888916016
AAPL,2016-05-23,23.967500686645508,24.297500610351562,23.917499542236328,24.107500076293945,152074400,22.17244529724121
AAPL,2016-05-24,24.30500030517578,24.522499084472656,24.209999084472656,24.475000381469727,140560800,22.510452270507812
AAPL,2016-05-25,24.667499542236328,24.934999465942383,24.52750015258789,24.905000686645508,152675200,22.90593719482422
AAPL,2016-05-26,24.920000076293945,25.1825008392334,24.65999984741211,25.102500915527344,225324800,23.087581634521484
AAPL,2016-05-27,24.860000610351562,25.11750030517578,24.8125,25.087499618530273,145364800,23.07379150390625
AAPL,2016-05-31,24.899999618530273,25.100000381469727,24.704999923706055,24.96500015258789,169228800,22.961118698120117
AAPL,2016-06-01,24.7549991607666,24.885000228881836,24.582500457763672,24.614999771118164,116693200,22.639209747314453
AAPL,2016-06-02,24.399999618530273,24.459999084472656,24.157499313354492,24.43000030517578,160766400,22.469058990478516
AAPL,2016-06-03,24.447500228881836,24.5674991607666,24.362499237060547,24.479999542236328,114019600,22.515043258666992
AAPL,2016-06-06,24.497499465942383,25.47249984741211,24.387500762939453,24.657499313354492,93170000,22.67829704284668
AAPL,2016-06-07,24.8125,24.967500686645508,24.739999771118164,24.75749969482422,89638000,22.77027702331543
AAPL,2016-06-08,24.7549991607666,24.889999389648438,24.670000076293945,24.735000610351562,83392400,22.749584197998047
AAPL,2016-06-09,24.625,24.997499465942383,24.614999771118164,24.912500381469727,106405600,22.91282844543457
AAPL,2016-06-10,24.63249969482422,24.837499618530273,24.6200008392334,24.707500457763672,126851600,22.724288940429688
AAPL,2016-06-13,24.672500610351562,24.780000686645508,24.274999618530273,24.334999084472656,152082000,22.381681442260742
AAPL,2016-06-14,24.329999923706055,24.6200008392334,24.1875,24.364999771118164,127727600,22.40928077697754
AAPL,2016-06-15,24.454999923706055,24.602500915527344,24.25749969482422,24.28499984741211,117780800,22.3356990814209
AAPL,2016-06-16,24.112499237060547,24.4375,24.017499923706055,24.387500762939453,125307200,22.429975509643555
AAPL,2016-06-17,24.155000686645508,24.162500381469727,23.825000762939453,23.832500457763672,244032800,21.91952133178711
AAPL,2016-06-20,24,24.142499923706055,23.75749969482422,23.774999618530273,137647600,21.86663246154785
AAPL,2016-06-21,23.735000610351562,24.087499618530273,23.670000076293945,23.977500915527344,142185600,22.052881240844727
AAPL,2016-06-22,24.0625,24.22249984741211,23.837499618530273,23.887500762939453,116876400,21.97010612487793
AAPL,2016-06-23,23.985000610351562,24.072500228881836,23.8125,24.024999618530273,128960800,22.096569061279297
AAPL,2016-06-24,23.227500915527344,23.665000915527344,23.162500381469727,23.350000381469727,301245600,21.475751876831055
AAPL,2016-06-27,23.25,23.262500762939453,22.875,23.010000228881836,181958400,21.163034439086914
AAPL,2016-06-28,23.225000381469727,23.415000915527344,23.03499984741211,23.397499084472656,161779600,21.519437789916992
AAPL,2016-06-29,23.49250030517578,23.637500762939453,23.407499313354492,23.600000381469727,146124000,21.705690383911133
AAPL,2016-06-30,23.610000610351562,23.9424991607666,23.575000762939453,23.899999618530273,143345600,21.981605529785156
AAPL,2016-07-01,23.872499465942383,24.11750030517578,23.832500457763672,23.97249984741211,104106000,22.04828453063965
AAPL,2016-07-05,23.84749984741211,23.850000381469727,23.614999771118164,23.747499465942383,110820800,21.841341018676758
AAPL,2016-07-06,23.649999618530273,23.915000915527344,23.592500686645508,23.88249969482422,123796400,21.96550750732422
AAPL,2016-07-07,23.924999237060547,24.125,23.905000686645508,23.985000610351562,100558400,22.059782028198242
AAPL,2016-07-08,24.122499465942383,24.22249984741211,24.012500762939453,24.170000076293945,115648400,22.229930877685547
AAPL,2016-07-11,24.1875,24.412500381469727,24.1825008392334,24.2450008392334,95179600,22.298908233642578
AAPL,2016-07-12,24.292499542236328,24.424999237060547,24.280000686645508,24.354999542236328,96670000,22.40007972717285
AAPL,2016-07-13,24.352500915527344,24.417499542236328,24.209999084472656,24.217500686645508,103568800,22.273622512817383
AAPL,2016-07-14,24.34749984741211,24.747499465942383,24.329999923706055,24.697500228881836,155676000,22.715091705322266
AAPL,2016-07-15,24.729999542236328,24.825000762939453,24.625,24.69499969482422,120548000,22.712791442871094
AAPL,2016-07-18,24.674999237060547,25.032499313354492,24.649999618530273,24.957500457763672,145975600,22.9542179107666
AAPL,2016-07-19,24.889999389648438,25,24.834999084472656,24.967500686645508,95119600,22.963420867919922
AAPL,2016-07-20,25,25.114999771118164,24.934999465942383,24.989999771118164,105104000,22.984113693237305
AAPL,2016-07-21,24.957500457763672,25.25,24.782499313354492,24.857500076293945,130808000,22.862247467041016
AAPL,2016-07-22,24.815000534057617,24.825000762939453,24.577499389648438,24.665000915527344,113254800,22.685199737548828
AAPL,2016-07-25,24.5625,24.709999084472656,24.229999542236328,24.334999084472656,161531600,22.381681442260742
AAPL,2016-07-26,24.204999923706055,24.49250030517578,24.104999542236328,24.167499542236328,224959200,22.22764015197754
AAPL,2016-07-27,26.0674991607666,26.087499618530273,25.6875,25.737499237060547,369379200,23.671615600585938
AAPL,2016-07-28,25.707500457763672,26.112499237060547,25.704999923706055,26.084999084472656,159479200,23.991222381591797
AAPL,2016-07-29,26.047500610351562,26.137500762939453,25.920000076293945,26.052499771118164,110934800,23.961326599121094
AAPL,2016-08-01,26.102500915527344,26.537500381469727,26.102500915527344,26.512500762939453,152671600,24.384403228759766
AAPL,2016-08-02,26.512500762939453,26.517499923706055,26,26.1200008392334,135266400,24.02341651916504
AAPL,2016-08-03,26.202499389648438,26.459999084472656,26.1924991607666,26.447500228881836,120810400,24.32462501525879
AAPL,2016-08-04,26.395000457763672,26.5,26.31999969482422,26.467500686645508,109634800,24.47489356994629
AAPL,2016-08-05,26.5674991607666,26.912500381469727,26.545000076293945,26.8700008392334,162213600,24.847082138061523
AAPL,2016-08-08,26.8799991607666,27.092500686645508,26.790000915527344,27.092500686645508,112148800,25.052831649780273
AAPL,2016-08-09,27.0575008392334,27.235000610351562,27.002500534057617,27.202499389648438,105260800,25.154550552368164
AAPL,2016-08-10,27.177499771118164,27.225000381469727,26.940000534057617,27,96034000,24.967300415039062
AAPL,2016-08-11,27.1299991607666,27.232500076293945,26.962499618530273,26.982500076293945,109938000,24.951114654541016
AAPL,2016-08-12,26.94499969482422,27.110000610351562,26.94499969482422,27.045000076293945,74641600,25.008909225463867
AAPL,2016-08-15,27.03499984741211,27.385000228881836,27.020000457763672,27.3700008392334,103472800,25.309446334838867
AAPL,2016-08-16,27.407499313354492,27.5575008392334,27.302499771118164,27.344999313354492,135177600,25.28632164001465
AAPL,2016-08-17,27.274999618530273,27.342500686645508,27.084999084472656,27.30500030517578,101424000,25.24933624267578
AAPL,2016-08-18,27.3075008392334,27.399999618530273,27.2549991607666,27.270000457763672,87938800,25.21696662902832
AAPL,2016-08-19,27.1924991607666,27.422500610351562,27.09000015258789,27.34000015258789,101472400,25.28169822692871
AAPL,2016-08-22,27.21500015258789,27.274999618530273,26.962499618530273,27.127500534057617,103280800,25.085203170776367
AAPL,2016-08-23,27.147499084472656,27.329999923706055,27.13249969482422,27.212499618530273,85030800,25.163793563842773
AAPL,2016-08-24,27.142499923706055,27.1875,26.920000076293945,27.00749969482422,94700400,24.9742374420166
AAPL,2016-08-25,26.84749984741211,26.969999313354492,26.670000076293945,26.892499923706055,100344800,24.867889404296875
AAPL,2016-08-26,26.852500915527344,26.987499237060547,26.577499389648438,26.735000610351562,111065200,24.722251892089844
AAPL,2016-08-29,26.655000686645508,26.860000610351562,26.572500228881836,26.704999923706055,99881200,24.69450569152832
AAPL,2016-08-30,26.450000762939453,26.625,26.375,26.5,99455600,24.504940032958984
AAPL,2016-08-31,26.415000915527344,26.642499923706055,26.40999984741211,26.524999618530273,118649600,24.528060913085938
AAPL,2016-09-01,26.53499984741211,26.700000762939453,26.405000686645508,26.6825008392334,106806000,24.673702239990234
AAPL,2016-09-02,26.924999237060547,27,26.704999923706055,26.9325008392334,107210000,24.90488624572754
AAPL,2016-09-06,26.975000381469727,27.075000762939453,26.877500534057617,26.924999237060547,107521600,24.897947311401367
AAPL,2016-09-07,26.957500457763672,27.190000534057617,26.767499923706055,27.09000015258789,169457200,25.050519943237305
AAPL,2016-09-08,26.8125,26.8174991607666,26.309999465942383,26.3799991607666,212008000,24.39397621154785
AAPL,2016-09-09,26.15999984741211,26.43000030517578,25.782499313354492,25.782499313354492,186228000,23.841461181640625
AAPL,2016-09-12,25.662500381469727,26.43000030517578,25.63249969482422,26.360000610351562,181171200,24.375478744506836
AAPL,2016-09-13,26.877500534057617,27.197500228881836,26.809999465942383,26.987499237060547,248704800,24.955734252929688
AAPL,2016-09-14,27.1825008392334,28.25749969482422,27.149999618530273,27.9424991607666,443554800,25.838836669921875
AAPL,2016-09-15,28.46500015258789,28.9325008392334,28.372499465942383,28.892499923706055,359934400,26.717323303222656
AAPL,2016-09-16,28.780000686645508,29.032499313354492,28.510000228881836,28.729999542236328,319547600,26.567052841186523
AAPL,2016-09-19,28.797500610351562,29.045000076293945,28.3125,28.395000457763672,188092000,26.257274627685547
AAPL,2016-09-20,28.262500762939453,28.530000686645508,28.127500534057617,28.392499923706055,138057200,26.254961013793945
AAPL,2016-09-21,28.462499618530273,28.497499465942383,28.110000610351562,28.387500762939453,144012800,26.250341415405273
AAPL,2016-09-22,28.587499618530273,28.735000610351562,28.5,28.655000686645508,124296000,26.497697830200195
AAPL,2016-09-23,28.604999542236328,28.697500228881836,27.887500762939453,28.177499771118164,209924800,26.05615234375
AAPL,2016-09-26,27.90999984741211,28.34749984741211,27.887500762939453,28.219999313354492,119477600,26.095455169677734
AAPL,2016-09-27,28.25,28.295000076293945,28.084999084472656,28.272499084472656,98429600,26.143997192382812
AAPL,2016-09-28,28.422500610351562,28.65999984741211,28.357500076293945,28.487499237060547,118564400,26.342811584472656
AAPL,2016-09-29,28.290000915527344,28.450000762939453,27.950000762939453,28.045000076293945,143548000,25.933626174926758
AAPL,2016-09-30,28.114999771118164,28.342500686645508,27.950000762939453,28.262500762939453,145516400,26.134754180908203
AAPL,2016-10-03,28.177499771118164,28.262500762939453,28.06999969482422,28.1299991607666,86807200,26.012224197387695
AAPL,2016-10-04,28.264999389648438,28.577499389648438,28.157499313354492,28.25,118947200,26.123193740844727
AAPL,2016-10-05,28.350000381469727,28.415000915527344,28.172500610351562,28.262500762939453,85812400,26.134754180908203
AAPL,2016-10-06,28.424999237060547,28.584999084472656,28.282499313354492,28.47249984741211,115117200,26.328943252563477
AAPL,2016-10-07,28.577499389648438,28.639999389648438,28.377500534057617,28.514999389648438,97433600,26.36823844909668
AAPL,2016-10-10,28.7549991607666,29.1875,28.68000030517578,29.012500762939453,144944000,26.82828140258789
AAPL,2016-10-11,29.424999237060547,29.672500610351562,29.049999237060547,29.075000762939453,256164000,26.88608169555664
AAPL,2016-10-12,29.337499618530273,29.4950008392334,29.1875,29.334999084472656,150347200,27.126506805419922
AAPL,2016-10-13,29.197500228881836,29.360000610351562,28.93000030517578,29.2450008392334,140769600,27.043283462524414
AAPL,2016-10-14,29.469999313354492,29.542499542236328,29.282499313354492,29.407499313354492,142608800,27.193553924560547
AAPL,2016-10-17,29.332500457763672,29.459999084472656,29.19499969482422,29.387500762939453,94499600,27.175052642822266
AAPL,2016-10-18,29.545000076293945,29.552499771118164,29.362499237060547,29.36750030517578,98214000,27.156557083129883
AAPL,2016-10-19,29.3125,29.440000534057617,28.450000762939453,29.280000686645508,80138400,27.07564926147461
AAPL,2016-10-20,29.21500015258789,29.344999313354492,29.082500457763672,29.264999389648438,96503200,27.061779022216797
AAPL,2016-10-21,29.202499389648438,29.227500915527344,29.06999969482422,29.149999618530273,92770800,26.95543098449707
AAPL,2016-10-24,29.274999618530273,29.434999465942383,29.25,29.412500381469727,94154800,27.198177337646484
AAPL,2016-10-25,29.487499237060547,29.59000015258789,29.327499389648438,29.5625,192516000,27.33687973022461
AAPL,2016-10-26,28.577499389648438,28.924999237060547,28.327499389648438,28.897499084472656,264536800,26.721942901611328
AAPL,2016-10-27,28.84749984741211,28.96500015258789,28.524999618530273,28.6200008392334,138248000,26.4653377532959
AAPL,2016-10-28,28.467500686645508,28.802499771118164,28.362499237060547,28.43000030517578,151446800,26.289640426635742
AAPL,2016-10-31,28.412500381469727,28.5575008392334,28.299999237060547,28.385000228881836,105677600,26.24802589416504
AAPL,2016-11-01,28.364999771118164,28.4424991607666,27.63249969482422,27.872499465942383,175303200,25.774112701416016
AAPL,2016-11-02,27.850000381469727,28.087499618530273,27.8075008392334,27.897499084472656,113326800,25.797231674194336
AAPL,2016-11-03,27.7450008392334,27.864999771118164,27.387500762939453,27.457500457763672,107730400,25.520713806152344
AAPL,2016-11-04,27.13249969482422,27.5625,27.02750015258789,27.209999084472656,123348000,25.290674209594727
AAPL,2016-11-07,27.520000457763672,27.627500534057617,27.364999771118164,27.602500915527344,130240000,25.65549659729004
AAPL,2016-11-08,27.577499389648438,27.93000030517578,27.424999237060547,27.764999389648438,97016800,25.806528091430664
AAPL,2016-11-09,27.469999313354492,27.829999923706055,27.012500762939453,27.719999313354492,236705600,25.764705657958984
AAPL,2016-11-10,27.772499084472656,27.772499084472656,26.457500457763672,26.947500228881836,228538000,25.046688079833984
AAPL,2016-11-11,26.780000686645508,27.217500686645508,26.637500762939453,27.107500076293945,136575600,25.195405960083008
AAPL,2016-11-14,26.927499771118164,26.952499389648438,26.020000457763672,26.427499771118164,204702000,24.56336784362793
AAPL,2016-11-15,26.642499923706055,26.920000076293945,26.540000915527344,26.77750015258789,129058000,24.8886775970459
AAPL,2016-11-16,26.674999237060547,27.5575008392334,26.649999618530273,27.497499465942383,235362000,25.557889938354492
AAPL,2016-11-17,27.452499389648438,27.587499618530273,27.207500457763672,27.487499237060547,110528000,25.54859733581543
AAPL,2016-11-18,27.43000030517578,27.635000228881836,27.415000915527344,27.514999389648438,113715600,25.57415771484375
AAPL,2016-11-21,27.530000686645508,27.997499465942383,27.502500534057617,27.9325008392334,117058400,25.962215423583984
AAPL,2016-11-22,27.987499237060547,28.104999542236328,27.850000381469727,27.950000762939453,103862000,25.978479385375977
AAPL,2016-11-23,27.84000015258789,27.877500534057617,27.582500457763672,27.8075008392334,109705600,25.84602165222168
AAPL,2016-11-25,27.782499313354492,27.967500686645508,27.737499237060547,27.947500228881836,45903600,25.976144790649414
AAPL,2016-11-28,27.857500076293945,28.11750030517578,27.84749984741211,27.892499923706055,108776000,25.925033569335938
AAPL,2016-11-29,27.69499969482422,28.00749969482422,27.517499923706055,27.864999771118164,114115200,25.899463653564453
AAPL,2016-11-30,27.899999618530273,28.049999237060547,27.5674991607666,27.6299991607666,144649200,25.68104362487793
AAPL,2016-12-01,27.592500686645508,27.735000610351562,27.25749969482422,27.372499465942383,148347600,25.44171142578125
AAPL,2016-12-02,27.292499542236328,27.522499084472656,27.212499618530273,27.475000381469727,106112000,25.536977767944336
AAPL,2016-12-05,27.5,27.50749969482422,27.0625,27.27750015258789,137298000,25.35341453552246
AAPL,2016-12-06,27.375,27.59000015258789,27.297500610351562,27.487499237060547,104782000,25.54859733581543
AAPL,2016-12-07,27.315000534057617,27.797500610351562,27.290000915527344,27.75749969482422,119994800,25.799556732177734
AAPL,2016-12-08,27.71500015258789,28.107500076293945,27.649999618530273,28.030000686645508,108273200,26.05283546447754
AAPL,2016-12-09,28.077499389648438,28.674999237060547,28.077499389648438,28.487499237060547,137610400,26.478059768676758
AAPL,2016-12-12,28.322500228881836,28.75,28.122499465942383,28.325000762939453,105497600,26.3270263671875
AAPL,2016-12-13,28.459999084472656,28.979999542236328,28.4375,28.797500610351562,174935200,26.76620101928711
AAPL,2016-12-14,28.760000228881836,29.049999237060547,28.7450008392334,28.797500610351562,136127200,26.76620101928711
AAPL,2016-12-15,28.844999313354492,29.1825008392334,28.8075008392334,28.954999923706055,186098000,26.91258430480957
AAPL,2016-12-16,29.11750030517578,29.125,28.912500381469727,28.99250030517578,177404400,26.947433471679688
AAPL,2016-12-19,28.950000762939453,29.344999313354492,28.9375,29.15999984741211,111117600,27.103124618530273
AAPL,2016-12-20,29.184999465942383,29.375,29.170000076293945,29.237499237060547,85700000,27.175155639648438
AAPL,2016-12-21,29.200000762939453,29.350000381469727,29.19499969482422,29.264999389648438,95132800,27.200721740722656
AAPL,2016-12-22,29.087499618530273,29.127500534057617,28.90999984741211,29.072500228881836,104343600,27.02179527282715
AAPL,2016-12-23,28.897499084472656,29.1299991607666,28.897499084472656,29.1299991607666,56998000,27.075241088867188
AAPL,2016-12-27,29.1299991607666,29.450000762939453,29.122499465942383,29.315000534057617,73187600,27.247194290161133
AAPL,2016-12-28,29.3799991607666,29.5049991607666,29.049999237060547,29.190000534057617,83623600,27.13100814819336
AAPL,2016-12-29,29.112499237060547,29.27750015258789,29.100000381469727,29.1825008392334,60158000,27.124042510986328
AAPL,2016-12-30,29.162500381469727,29.299999237060547,28.857500076293945,28.954999923706055,122345200,26.91258430480957
AAPL,2017-01-03,28.950000762939453,29.082500457763672,28.690000534057617,29.037500381469727,115127600,26.989269256591797
AAPL,2017-01-04,28.962499618530273,29.127500534057617,28.9375,29.0049991607666,84472400,26.959060668945312
AAPL,2017-01-05,28.979999542236328,29.21500015258789,28.952499389648438,29.15250015258789,88774400,27.09615135192871
AAPL,2017-01-06,29.19499969482422,29.540000915527344,29.11750030517578,29.477500915527344,127007600,27.398229598999023
AAPL,2017-01-09,29.487499237060547,29.857500076293945,29.485000610351562,29.747499465942383,134247600,27.649181365966797
AAPL,2017-01-10,29.6924991607666,29.844999313354492,29.575000762939453,29.77750015258789,97848400,27.677074432373047
AAPL,2017-01-11,29.684999465942383,29.982500076293945,29.649999618530273,29.9375,110354400,27.825782775878906
AAPL,2017-01-12,29.725000381469727,29.825000762939453,29.552499771118164,29.8125,108344800,27.7096004486084
AAPL,2017-01-13,29.77750015258789,29.905000686645508,29.702499389648438,29.760000228881836,104447600,27.660804748535156
AAPL,2017-01-17,29.584999084472656,30.059999465942383,29.55500030517578,30,137759200,27.883869171142578
AAPL,2017-01-18,30,30.125,29.927499771118164,29.997499465942383,94852000,27.881553649902344
AAPL,2017-01-19,29.850000381469727,30.022499084472656,29.842500686645508,29.94499969482422,102389200,27.832754135131836
AAPL,2017-01-20,30.112499237060547,30.112499237060547,29.9325008392334,30,130391600,27.883869171142578
AAPL,2017-01-23,30,30.202499389648438,29.9424991607666,30.020000457763672,88200800,27.902462005615234
AAPL,2017-01-24,29.887500762939453,30.024999618530273,29.875,29.99250030517578,92844000,27.87689971923828
AAPL,2017-01-25,30.104999542236328,30.524999618530273,30.06999969482422,30.469999313354492,129510400,28.320722579956055
AAPL,2017-01-26,30.417499542236328,30.610000610351562,30.399999618530273,30.485000610351562,105350400,28.33466148376465
AAPL,2017-01-27,30.53499984741211,30.587499618530273,30.399999618530273,30.487499237060547,82251600,28.336986541748047
AAPL,2017-01-30,30.232500076293945,30.407499313354492,30.165000915527344,30.407499313354492,121510000,28.26262855529785
AAPL,2017-01-31,30.287500381469727,30.34749984741211,30.155000686645508,30.337499618530273,196804000,28.197561264038086
AAPL,2017-02-01,31.75749969482422,32.622501373291016,31.752500534057617,32.1875,447940000,29.917072296142578
AAPL,2017-02-02,31.9950008392334,32.34749984741211,31.94499969482422,32.13249969482422,134841600,29.865951538085938
AAPL,2017-02-03,32.07749938964844,32.29750061035156,32.040000915527344,32.27000045776367,98029200,29.993749618530273
AAPL,2017-02-06,32.282501220703125,32.625,32.224998474121094,32.5724983215332,107383600,30.27492332458496
AAPL,2017-02-07,32.6349983215332,33.022499084472656,32.61249923706055,32.88249969482422,152735200,30.563047409057617
AAPL,2017-02-08,32.837501525878906,33.05500030517578,32.80500030517578,33.0099983215332,92016400,30.68155860900879
AAPL,2017-02-09,32.912498474121094,33.11249923706055,32.779998779296875,33.10499954223633,113399600,30.90326690673828
AAPL,2017-02-10,33.1150016784668,33.23500061035156,33.01250076293945,33.029998779296875,80262000,30.833248138427734
AAPL,2017-02-13,33.27000045776367,33.45500183105469,33.1875,33.3224983215332,92141600,31.106292724609375
AAPL,2017-02-14,33.36750030517578,33.772499084472656,33.3125,33.755001068115234,132904800,31.510028839111328
AAPL,2017-02-15,33.880001068115234,34.067501068115234,33.654998779296875,33.877498626708984,142492400,31.62438201904297
AAPL,2017-02-16,33.91749954223633,33.974998474121094,33.709999084472656,33.837501525878906,90338400,31.587047576904297
AAPL,2017-02-17,33.775001525878906,33.95750045776367,33.775001525878906,33.93000030517578,88792800,31.673385620117188
AAPL,2017-02-21,34.057498931884766,34.1875,33.994998931884766,34.17499923706055,98028800,31.902099609375
AAPL,2017-02-22,34.10749816894531,34.279998779296875,34.02750015258789,34.27750015258789,83347600,31.99778175354004
AAPL,2017-02-23,34.345001220703125,34.369998931884766,34.07500076293945,34.13249969482422,83152800,31.862430572509766
AAPL,2017-02-24,33.977500915527344,34.165000915527344,33.81999969482422,34.165000915527344,87106400,31.892763137817383
AAPL,2017-02-27,34.28499984741211,34.36000061035156,34.06999969482422,34.23249816894531,81029600,31.955764770507812
AAPL,2017-02-28,34.27000045776367,34.36000061035156,34.17499923706055,34.247501373291016,93931600,31.96977996826172
AAPL,2017-03-01,34.47249984741211,35.037498474121094,34.400001525878906,34.9474983215332,145658400,32.62322235107422
AAPL,2017-03-02,35,35.06999969482422,34.689998626708984,34.7400016784668,104844000,32.42951965332031
AAPL,2017-03-03,34.69499969482422,34.95750045776367,34.647499084472656,34.94499969482422,84432400,32.62089157104492
AAPL,2017-03-06,34.842498779296875,34.942501068115234,34.650001525878906,34.834999084472656,87000000,32.5181999206543
AAPL,2017-03-07,34.76499938964844,34.994998931884766,34.6974983215332,34.880001068115234,69785200,32.560211181640625
AAPL,2017-03-08,34.73749923706055,34.95000076293945,34.70500183105469,34.75,74828800,32.43885040283203
AAPL,2017-03-09,34.685001373291016,34.6974983215332,34.26250076293945,34.66999816894531,88623600,32.364173889160156
AAPL,2017-03-10,34.8125,34.84000015258789,34.65999984741211,34.78499984741211,78451200,32.471519470214844
AAPL,2017-03-13,34.712501525878906,34.85749816894531,34.70500183105469,34.79999923706055,69686800,32.48553466796875
AAPL,2017-03-14,34.82500076293945,34.912498474121094,34.709999084472656,34.747501373291016,61236400,32.436519622802734
AAPL,2017-03-15,34.852500915527344,35.1875,34.75749969482422,35.1150016784668,102767200,32.77957534790039
AAPL,2017-03-16,35.18000030517578,35.255001068115234,35.064998626708984,35.17250061035156,76928000,32.83325958251953
AAPL,2017-03-17,35.25,35.25,34.97249984741211,34.997501373291016,175540000,32.66990280151367
AAPL,2017-03-20,35.099998474121094,35.375,35.057498931884766,35.3650016784668,86168000,33.01295471191406
AAPL,2017-03-21,35.52750015258789,35.70000076293945,34.932498931884766,34.959999084472656,158119600,32.6348876953125
AAPL,2017-03-22,34.962501525878906,35.400001525878906,34.939998626708984,35.35499954223633,103440800,33.00361633300781
AAPL,2017-03-23,35.314998626708984,35.39500045776367,35.15250015258789,35.22999954223633,81385200,32.886932373046875
AAPL,2017-03-24,35.375,35.435001373291016,35.087501525878906,35.15999984741211,89582400,32.821590423583984
AAPL,2017-03-27,34.84749984741211,35.30500030517578,34.654998779296875,35.220001220703125,94300400,32.87759780883789
AAPL,2017-03-28,35.227500915527344,36.0099983215332,35.154998779296875,35.95000076293945,133499200,33.55903625488281
AAPL,2017-03-29,35.91999816894531,36.122501373291016,35.79750061035156,36.029998779296875,116760000,33.63372039794922
AAPL,2017-03-30,36.04750061035156,36.125,35.875,35.98249816894531,84829200,33.589378356933594
AAPL,2017-03-31,35.93000030517578,36.067501068115234,35.752498626708984,35.915000915527344,78646800,33.52637481689453
AAPL,2017-04-03,35.9275016784668,36.029998779296875,35.76250076293945,35.92499923706055,79942800,33.53570556640625
AAPL,2017-04-04,35.8125,36.22249984741211,35.79249954223633,36.192501068115234,79565600,33.785423278808594
AAPL,2017-04-05,36.05500030517578,36.3650016784668,35.95249938964844,36.005001068115234,110871600,33.610382080078125
AAPL,2017-04-06,36.0724983215332,36.130001068115234,35.86249923706055,35.915000915527344,84596000,33.52637481689453
AAPL,2017-04-07,35.932498931884766,36.04499816894531,35.817501068115234,35.834999084472656,66688800,33.451690673828125
AAPL,2017-04-10,35.900001525878906,35.970001220703125,35.724998474121094,35.79249954223633,75733600,33.41201400756836
AAPL,2017-04-11,35.73500061035156,35.837501525878906,35.01499938964844,35.407501220703125,121517600,33.05262756347656
AAPL,2017-04-12,35.400001525878906,35.537498474121094,35.252498626708984,35.45000076293945,81400000,33.092288970947266
AAPL,2017-04-13,35.477500915527344,35.595001220703125,35.26250076293945,35.26250076293945,71291600,32.91727828979492
AAPL,2017-04-17,35.369998931884766,35.470001220703125,35.217498779296875,35.45750045776367,66328400,33.099300384521484
AAPL,2017-04-18,35.352500915527344,35.5099983215332,35.27750015258789,35.29999923706055,58790000,32.952274322509766
AAPL,2017-04-19,35.470001220703125,35.5,35.11249923706055,35.16999816894531,69313600,32.8309211730957
AAPL,2017-04-20,35.30500030517578,35.72999954223633,35.290000915527344,35.61000061035156,93278400,33.24165344238281
AAPL,2017-04-21,35.61000061035156,35.66999816894531,35.462501525878906,35.567501068115234,69283600,33.20198440551758
AAPL,2017-04-24,35.875,35.98749923706055,35.79499816894531,35.90999984741211,68537200,33.52170944213867
AAPL,2017-04-25,35.977500915527344,36.224998474121094,35.967498779296875,36.13249969482422,75486000,33.729408264160156
AAPL,2017-04-26,36.11750030517578,36.150001525878906,35.845001220703125,35.91999816894531,80164800,33.53104782104492
AAPL,2017-04-27,35.97999954223633,36.040000915527344,35.82749938964844,35.9474983215332,56985200,33.556705474853516
AAPL,2017-04-28,36.022499084472656,36.07500076293945,35.817501068115234,35.912498474121094,83441600,33.52404022216797
AAPL,2017-05-01,36.275001525878906,36.79999923706055,36.2400016784668,36.64500045776367,134411600,34.20782470703125
AAPL,2017-05-02,36.8849983215332,37.022499084472656,36.709999084472656,36.877498626708984,181408800,34.42485809326172
AAPL,2017-05-03,36.397499084472656,36.872501373291016,36.067501068115234,36.76499938964844,182788000,34.31983947753906
AAPL,2017-05-04,36.630001068115234,36.78499984741211,36.45249938964844,36.63249969482422,93487600,34.1961555480957
AAPL,2017-05-05,36.689998626708984,37.244998931884766,36.689998626708984,37.2400016784668,109310800,34.76325988769531
AAPL,2017-05-08,37.25749969482422,38.42499923706055,37.25749969482422,38.252498626708984,195009600,35.708404541015625
AAPL,2017-05-09,38.467498779296875,38.720001220703125,38.36249923706055,38.497501373291016,156521600,35.937110900878906
AAPL,2017-05-10,38.407501220703125,38.48500061035156,38.02750015258789,38.314998626708984,103222800,35.76674270629883
AAPL,2017-05-11,38.11249923706055,38.51750183105469,38.07749938964844,38.48749923706055,109020400,36.076072692871094
AAPL,2017-05-12,38.67499923706055,39.10499954223633,38.66749954223633,39.025001525878906,130108000,36.579898834228516
AAPL,2017-05-15,39.002498626708984,39.162498474121094,38.76250076293945,38.92499923706055,104038800,36.48616409301758
AAPL,2017-05-16,38.98500061035156,39.01499938964844,38.68000030517578,38.86750030517578,80194000,36.43227005004883
AAPL,2017-05-17,38.400001525878906,38.64250183105469,37.4275016784668,37.5625,203070800,35.20902633666992
AAPL,2017-05-18,37.817501068115234,38.334999084472656,37.782501220703125,38.1349983215332,134272800,35.745662689208984
AAPL,2017-05-19,38.345001220703125,38.494998931884766,38.157501220703125,38.26499938964844,107843200,35.867515563964844
AAPL,2017-05-22,38.5,38.64500045776367,38.227500915527344,38.497501373291016,91865600,36.08546447753906
AAPL,2017-05-23,38.724998474121094,38.724998474121094,38.32749938964844,38.45000076293945,79675600,36.04092788696289
AAPL,2017-05-24,38.459999084472656,38.54249954223633,38.16749954223633,38.334999084472656,76712000,35.93313980102539
AAPL,2017-05-25,38.432498931884766,38.587501525878906,38.25749969482422,38.467498779296875,76942400,36.05732345581055
AAPL,2017-05-26,38.5,38.560001373291016,38.32749938964844,38.40250015258789,87710400,35.996402740478516
AAPL,2017-05-30,38.35499954223633,38.60749816894531,38.33250045776367,38.41749954223633,80507600,36.01046371459961
AAPL,2017-05-31,38.49250030517578,38.54249954223633,38.095001220703125,38.189998626708984,97804800,35.797218322753906
AAPL,2017-06-01,38.29249954223633,38.33250045776367,38.05500030517578,38.29499816894531,65616400,35.89563751220703
AAPL,2017-06-02,38.39500045776367,38.86249923706055,38.22249984741211,38.86249923706055,111082800,36.42758560180664
AAPL,2017-06-05,38.584999084472656,38.61249923706055,38.3650016784668,38.48249816894531,101326800,36.071388244628906
AAPL,2017-06-06,38.474998474121094,38.95249938964844,38.44499969482422,38.61249923706055,106499600,36.193241119384766
AAPL,2017-06-07,38.755001068115234,38.994998931884766,38.619998931884766,38.842498779296875,84278400,36.40882873535156
AAPL,2017-06-08,38.8125,38.8849983215332,38.599998474121094,38.747501373291016,85003200,36.31978988647461
AAPL,2017-06-09,38.79750061035156,38.79750061035156,36.505001068115234,37.244998931884766,259530800,34.91142272949219
AAPL,2017-06-12,36.435001373291016,36.522499084472656,35.627498626708984,36.35499954223633,289229200,34.07717514038086
AAPL,2017-06-13,36.790000915527344,36.86249923706055,36.287498474121094,36.647499084472656,136661600,34.35136413574219
AAPL,2017-06-14,36.875,36.875,35.959999084472656,36.290000915527344,126124800,34.01626968383789
AAPL,2017-06-15,35.83000183105469,36.119998931884766,35.5525016784668,36.0724983215332,128661600,33.81239318847656
AAPL,2017-06-16,35.94499969482422,36.125,35.54999923706055,35.567501068115234,201444400,33.339027404785156
AAPL,2017-06-19,35.915000915527344,36.685001373291016,35.915000915527344,36.584999084472656,130165600,34.292781829833984
AAPL,2017-06-20,36.717498779296875,36.717498779296875,36.23500061035156,36.252498626708984,99600400,33.98110580444336
AAPL,2017-06-21,36.380001068115234,36.51750183105469,36.15250015258789,36.467498779296875,85063200,34.18263244628906
AAPL,2017-06-22,36.442501068115234,36.67499923706055,36.279998779296875,36.407501220703125,76425200,34.12639236450195
AAPL,2017-06-23,36.282501220703125,36.790000915527344,36.27750015258789,36.56999969482422,141757600,34.27871322631836
AAPL,2017-06-26,36.79249954223633,37.06999969482422,36.345001220703125,36.45500183105469,102769600,34.170921325683594
AAPL,2017-06-27,36.252498626708984,36.540000915527344,35.904998779296875,35.932498931884766,99047600,33.6811637878418
AAPL,2017-06-28,36.122501373291016,36.52750015258789,35.790000915527344,36.45750045776367,88329600,34.17327117919922
AAPL,2017-06-29,36.1775016784668,36.282501220703125,35.56999969482422,35.91999816894531,125997600,33.6694450378418
AAPL,2017-06-30,36.11249923706055,36.2400016784668,35.94499969482422,36.005001068115234,92096400,33.74912643432617
AAPL,2017-07-03,36.220001220703125,36.32500076293945,35.775001525878906,35.875,57111200,33.62725830078125
AAPL,2017-07-05,35.92250061035156,36.1974983215332,35.68000030517578,36.022499084472656,86278400,33.7655143737793
AAPL,2017-07-06,35.755001068115234,35.875,35.602500915527344,35.682498931884766,96515200,33.44682312011719
AAPL,2017-07-07,35.724998474121094,36.1875,35.724998474121094,36.04499816894531,76806800,33.78660583496094
AAPL,2017-07-10,36.02750015258789,36.48749923706055,35.842498779296875,36.26499938964844,84362400,33.992828369140625
AAPL,2017-07-11,36.182498931884766,36.462501525878906,36.095001220703125,36.38249969482422,79127200,34.10297393798828
AAPL,2017-07-12,36.467498779296875,36.54499816894531,36.20500183105469,36.435001373291016,99538000,34.152183532714844
AAPL,2017-07-13,36.375,37.122501373291016,36.36000061035156,36.942501068115234,100797600,34.62788009643555
AAPL,2017-07-14,36.99250030517578,37.33250045776367,36.83250045776367,37.2599983215332,80528400,34.92548370361328
AAPL,2017-07-17,37.20500183105469,37.724998474121094,37.14250183105469,37.38999938964844,95174000,35.047340393066406
AAPL,2017-07-18,37.29999923706055,37.532501220703125,37.16749954223633,37.52000045776367,71475200,35.1692008972168
AAPL,2017-07-19,37.619998931884766,37.85499954223633,37.48749923706055,37.755001068115234,83692000,35.38947296142578
AAPL,2017-07-20,37.875,37.935001373291016,37.54750061035156,37.584999084472656,68974800,35.23012161254883
AAPL,2017-07-21,37.497501373291016,37.61000061035156,37.220001220703125,37.567501068115234,105010400,35.21371078491211
AAPL,2017-07-24,37.64500045776367,38.11000061035156,37.474998474121094,38.022499084472656,85972800,35.64020538330078
AAPL,2017-07-25,37.95000076293945,38.459999084472656,37.95000076293945,38.185001373291016,75415600,35.79253005981445
AAPL,2017-07-26,38.337501525878906,38.48249816894531,38.26499938964844,38.3650016784668,63124000,35.96125793457031
AAPL,2017-07-27,38.4375,38.497501373291016,36.82500076293945,37.63999938964844,129905200,35.281681060791016
AAPL,2017-07-28,37.47249984741211,37.557498931884766,37.29750061035156,37.375,68854800,35.03327560424805
AAPL,2017-07-31,37.474998474121094,37.58250045776367,37.032501220703125,37.182498931884766,79383600,34.85283660888672
AAPL,2017-08-01,37.275001525878906,37.55500030517578,37.102500915527344,37.51250076293945,141474400,35.162166595458984
AAPL,2017-08-02,39.81999969482422,39.9375,39.040000915527344,39.28499984741211,279747200,36.8236083984375
AAPL,2017-08-03,39.26250076293945,39.3025016784668,38.755001068115234,38.89250183105469,108389200,36.45570373535156
AAPL,2017-08-04,39.01750183105469,39.349998474121094,38.92250061035156,39.09749984741211,82239600,36.647857666015625
AAPL,2017-08-07,39.26499938964844,39.72999954223633,39.16749954223633,39.70249938964844,87481200,37.2149543762207
AAPL,2017-08-08,39.650001525878906,40.45750045776367,39.567501068115234,40.02000045776367,144823600,37.51255416870117
AAPL,2017-08-09,39.814998626708984,40.317501068115234,39.77750015258789,40.26499938964844,104526000,37.742210388183594
AAPL,2017-08-10,39.974998474121094,40,38.657501220703125,38.83000183105469,163217200,36.54004669189453
AAPL,2017-08-11,39.150001525878906,39.64250183105469,39.01750183105469,39.369998931884766,105028400,37.04819869995117
AAPL,2017-08-14,39.83000183105469,40.0525016784668,39.6875,39.962501525878906,88490800,37.605777740478516
AAPL,2017-08-15,40.165000915527344,40.54999923706055,40.03499984741211,40.400001525878906,117862000,38.017459869384766
AAPL,2017-08-16,40.48500061035156,40.627498626708984,40.037498474121094,40.23749923706055,110686400,37.86453628540039
AAPL,2017-08-17,40.130001068115234,40.1775016784668,39.459999084472656,39.46500015258789,111762400,37.137596130371094
AAPL,2017-08-18,39.46500015258789,39.875,39.18000030517578,39.375,109712400,37.05290222167969
AAPL,2017-08-21,39.375,39.47249984741211,38.77750015258789,39.3025016784668,105474000,36.984683990478516
AAPL,2017-08-22,39.557498931884766,40,39.505001068115234,39.94499969482422,86418400,37.589290618896484
AAPL,2017-08-23,39.76750183105469,40.11750030517578,39.720001220703125,39.994998931884766,77596400,37.63633728027344
AAPL,2017-08-24,40.10749816894531,40.185001373291016,39.63750076293945,39.817501068115234,79275600,37.46931076049805
AAPL,2017-08-25,39.912498474121094,40.13999938964844,39.817501068115234,39.96500015258789,101920400,37.608131408691406
AAPL,2017-08-28,40.03499984741211,40.5,39.98249816894531,40.36750030517578,103864000,37.986873626708984
AAPL,2017-08-29,40.025001525878906,40.779998779296875,40,40.727500915527344,118067600,38.32563781738281
AAPL,2017-08-30,40.95000076293945,40.97249984741211,40.65250015258789,40.837501525878906,109078400,38.429168701171875
AAPL,2017-08-31,40.90999984741211,41.130001068115234,40.869998931884766,41,107140400,38.582069396972656
AAPL,2017-09-01,41.20000076293945,41.23500061035156,40.907501220703125,41.01250076293945,66364400,38.593833923339844
AAPL,2017-09-05,40.9375,41.0625,40.13999938964844,40.52000045776367,117874000,38.1303825378418
AAPL,2017-09-06,40.6775016784668,40.747501373291016,40.130001068115234,40.477500915527344,86606800,38.090389251708984
AAPL,2017-09-07,40.522499084472656,40.560001373291016,40.09000015258789,40.314998626708984,87714000,37.93747329711914
AAPL,2017-09-08,40.21500015258789,40.287498474121094,39.63249969482422,39.657501220703125,114446000,37.31874465942383
AAPL,2017-09-11,40.125,40.51250076293945,39.97249984741211,40.375,126323200,37.99393844604492
AAPL,2017-09-12,40.65250015258789,40.9900016784668,39.692501068115234,40.21500015258789,286856000,37.84336853027344
AAPL,2017-09-13,39.967498779296875,39.9900016784668,39.477500915527344,39.912498474121094,179629600,37.5587158203125
AAPL,2017-09-14,39.747501373291016,39.849998474121094,39.522499084472656,39.56999969482422,95042800,37.23640441894531
AAPL,2017-09-15,39.61750030517578,40.24250030517578,39.5,39.970001220703125,196458400,37.61282730102539
AAPL,2017-09-18,40.02750015258789,40.125,39.5,39.66749954223633,113077600,37.328155517578125
AAPL,2017-09-19,39.877498626708984,39.942501068115234,39.61000061035156,39.682498931884766,83242400,37.34226989746094
AAPL,2017-09-20,39.474998474121094,39.564998626708984,38.45750045776367,39.01750183105469,211805600,36.716487884521484
AAPL,2017-09-21,38.95000076293945,38.95000076293945,38.1875,38.34749984741211,150046800,36.08599853515625
AAPL,2017-09-22,37.8849983215332,38.067501068115234,37.63999938964844,37.97249984741211,186581600,35.73312759399414
AAPL,2017-09-25,37.497501373291016,37.95750045776367,37.290000915527344,37.63750076293945,177549200,35.417869567871094
AAPL,2017-09-26,37.94499969482422,38.47999954223633,37.92250061035156,38.28499984741211,146640000,36.027183532714844
AAPL,2017-09-27,38.45000076293945,38.68000030517578,38.3849983215332,38.557498931884766,102016800,36.28362274169922
AAPL,2017-09-28,38.47249984741211,38.56999969482422,38.17499923706055,38.31999969482422,88022000,36.06011962890625
AAPL,2017-09-29,38.3025016784668,38.532501220703125,38,38.529998779296875,105199200,36.25774383544922
AAPL,2017-10-02,38.564998626708984,38.61249923706055,38.18000030517578,38.45249938964844,74795200,36.18480682373047
AAPL,2017-10-03,38.502498626708984,38.772499084472656,38.477500915527344,38.619998931884766,64921200,36.342437744140625
AAPL,2017-10-04,38.407501220703125,38.46500015258789,38.1150016784668,38.369998931884766,80655200,36.107181549072266
AAPL,2017-10-05,38.54499816894531,38.86000061035156,38.51250076293945,38.84749984741211,85135200,36.556522369384766
AAPL,2017-10-06,38.74250030517578,38.872501373291016,38.63999938964844,38.82500076293945,69630400,36.53534698486328
AAPL,2017-10-09,38.95249938964844,39.182498931884766,38.872501373291016,38.959999084472656,65051600,36.66238021850586
AAPL,2017-10-10,39.01499938964844,39.5,38.775001525878906,38.974998474121094,62468000,36.676490783691406
AAPL,2017-10-11,38.99250030517578,39.244998931884766,38.9375,39.13750076293945,67622400,36.82941436767578
AAPL,2017-10-12,39.087501525878906,39.342498779296875,38.932498931884766,39,64500400,36.70002746582031
AAPL,2017-10-13,39.182498931884766,39.31999969482422,39.102500915527344,39.247501373291016,65576800,36.93292236328125
AAPL,2017-10-16,39.474998474121094,40,39.412498474121094,39.970001220703125,96486000,37.61282730102539
AAPL,2017-10-17,39.94499969482422,40.217498779296875,39.807498931884766,40.11750030517578,75989200,37.751617431640625
AAPL,2017-10-18,40.10499954223633,40.1775016784668,39.900001525878906,39.939998626708984,65496800,37.5845832824707
AAPL,2017-10-19,39.1875,39.27000045776367,38.755001068115234,38.994998931884766,170336800,36.695308685302734
AAPL,2017-10-20,39.15250015258789,39.4375,38.9900016784668,39.0625,95896400,36.75885009765625
AAPL,2017-10-23,39.22249984741211,39.42250061035156,38.875,39.04249954223633,87937200,36.740020751953125
AAPL,2017-10-24,39.0724983215332,39.35499954223633,39.04999923706055,39.275001525878906,71028800,36.95880889892578
AAPL,2017-10-25,39.227500915527344,39.38750076293945,38.817501068115234,39.102500915527344,84828400,36.796470642089844
AAPL,2017-10-26,39.307498931884766,39.45750045776367,39.19499969482422,39.352500915527344,68002000,37.031734466552734
AAPL,2017-10-27,39.8224983215332,40.900001525878906,39.67499923706055,40.76250076293945,177816800,38.35857391357422
AAPL,2017-10-30,40.97249984741211,42.01750183105469,40.93000030517578,41.68000030517578,178803200,39.22198486328125
AAPL,2017-10-31,41.974998474121094,42.412498474121094,41.73500061035156,42.2599983215332,144187200,39.76776123046875
AAPL,2017-11-01,42.467498779296875,42.48500061035156,41.40250015258789,41.72249984741211,134551200,39.261966705322266
AAPL,2017-11-02,41.650001525878906,42.125,41.31999969482422,42.02750015258789,165573600,39.54898452758789
AAPL,2017-11-03,43.5,43.564998626708984,42.779998779296875,43.125,237594400,40.58175277709961
AAPL,2017-11-06,43.092498779296875,43.747501373291016,42.93000030517578,43.5625,140105200,40.99345016479492
AAPL,2017-11-07,43.477500915527344,43.8125,43.400001525878906,43.70249938964844,97446000,41.12519454956055
AAPL,2017-11-08,43.665000915527344,44.060001373291016,43.58250045776367,44.060001373291016,97638000,41.461612701416016
AAPL,2017-11-09,43.77750015258789,44.025001525878906,43.28499984741211,43.970001220703125,117930400,41.376922607421875
AAPL,2017-11-10,43.77750015258789,43.845001220703125,43.567501068115234,43.66749954223633,100582000,41.239986419677734
AAPL,2017-11-13,43.375,43.625,43.349998474121094,43.49250030517578,67928400,41.0747184753418
AAPL,2017-11-14,43.2599983215332,43.369998931884766,42.79499816894531,42.834999084472656,99130000,40.45376205444336
AAPL,2017-11-15,42.49250030517578,42.58000183105469,42.095001220703125,42.27000045776367,116632400,39.920166015625
AAPL,2017-11-16,42.79499816894531,42.967498779296875,42.57500076293945,42.775001525878906,94550000,40.3970947265625
AAPL,2017-11-17,42.7599983215332,42.84749984741211,42.40999984741211,42.537498474121094,87598000,40.17279815673828
AAPL,2017-11-20,42.5724983215332,42.63999938964844,42.38999938964844,42.494998931884766,65049600,40.132667541503906
AAPL,2017-11-21,42.69499969482422,43.42499923706055,42.69499969482422,43.28499984741211,100525200,40.878746032714844
AAPL,2017-11-22,43.34000015258789,43.75,43.26250076293945,43.7400016784668,102355600,41.308448791503906
AAPL,2017-11-24,43.775001525878906,43.875,43.662498474121094,43.74250030517578,56106800,41.310813903808594
AAPL,2017-11-27,43.76250076293945,43.77000045776367,43.334999084472656,43.522499084472656,82867200,41.1030387878418
AAPL,2017-11-28,43.57500076293945,43.717498779296875,42.96500015258789,43.26750183105469,105715200,40.86222457885742
AAPL,2017-11-29,43.157501220703125,43.22999954223633,41.790000915527344,42.369998931884766,166665600,40.01462173461914
AAPL,2017-11-30,42.60749816894531,43.03499984741211,42.11000061035156,42.962501525878906,166108800,40.57417297363281
AAPL,2017-12-01,42.48749923706055,42.91749954223633,42.125,42.76250076293945,159037200,40.385292053222656
AAPL,2017-12-04,43.119998931884766,43.154998779296875,42.407501220703125,42.45000076293945,130169600,40.09017562866211
AAPL,2017-12-05,42.26499938964844,42.880001068115234,42.099998474121094,42.40999984741211,109400800,40.052391052246094
AAPL,2017-12-06,41.875,42.54999923706055,41.6150016784668,42.252498626708984,114240000,39.903648376464844
AAPL,2017-12-07,42.25749969482422,42.61000061035156,42.227500915527344,42.33000183105469,102693200,39.97684097290039
AAPL,2017-12-08,42.622501373291016,42.75,42.20500183105469,42.342498779296875,93420800,39.98863983154297
AAPL,2017-12-11,42.29999923706055,43.22249984741211,42.1974983215332,43.16749954223633,141095200,40.76778030395508
AAPL,2017-12-12,43.037498474121094,43.09749984741211,42.8650016784668,42.92499923706055,77636800,40.538761138916016
AAPL,2017-12-13,43.125,43.3849983215332,43,43.067501068115234,95273600,40.67334747314453
AAPL,2017-12-14,43.099998474121094,43.282501220703125,42.912498474121094,43.05500030517578,81906000,40.661537170410156
AAPL,2017-12-15,43.407501220703125,43.54249954223633,43.1150016784668,43.49250030517578,160677200,41.0747184753418
AAPL,2017-12-18,43.720001220703125,44.29999923706055,43.71500015258789,44.10499954223633,117684400,41.65317916870117
AAPL,2017-12-19,43.75749969482422,43.84749984741211,43.522499084472656,43.6349983215332,109745600,41.209285736083984
AAPL,2017-12-20,43.717498779296875,43.85499954223633,43.3125,43.587501525878906,93902400,41.164432525634766
AAPL,2017-12-21,43.54249954223633,44.005001068115234,43.525001525878906,43.752498626708984,83799600,41.320255279541016
AAPL,2017-12-22,43.66999816894531,43.85499954223633,43.625,43.752498626708984,65397600,41.320255279541016
AAPL,2017-12-26,42.70000076293945,42.86750030517578,42.41999816894531,42.64250183105469,132742000,40.2719612121582
AAPL,2017-12-27,42.525001525878906,42.69499969482422,42.4275016784668,42.650001525878906,85992800,40.279052734375
AAPL,2017-12-28,42.75,42.962501525878906,42.619998931884766,42.77000045776367,65920800,40.39237976074219
AAPL,2017-12-29,42.630001068115234,42.647499084472656,42.30500030517578,42.307498931884766,103999600,39.955589294433594
AAPL,2018-01-02,42.540000915527344,43.07500076293945,42.314998626708984,43.064998626708984,102223600,40.67097473144531
AAPL,2018-01-03,43.13249969482422,43.63750076293945,42.9900016784668,43.057498931884766,118071600,40.66389465332031
AAPL,2018-01-04,43.1349983215332,43.36750030517578,43.02000045776367,43.25749969482422,89738400,40.8527717590332
AAPL,2018-01-05,43.36000061035156,43.842498779296875,43.26250076293945,43.75,94640000,41.31789779663086
AAPL,2018-01-08,43.587501525878906,43.90250015258789,43.48249816894531,43.587501525878906,82271200,41.164432525634766
AAPL,2018-01-09,43.63750076293945,43.76499938964844,43.352500915527344,43.58250045776367,86336000,41.15971374511719
AAPL,2018-01-10,43.290000915527344,43.57500076293945,43.25,43.5724983215332,95839600,41.1502685546875
AAPL,2018-01-11,43.647499084472656,43.872501373291016,43.622501373291016,43.81999969482422,74670800,41.384002685546875
AAPL,2018-01-12,44.04499816894531,44.34000015258789,43.912498474121094,44.272499084472656,101672400,41.81135177612305
AAPL,2018-01-16,44.474998474121094,44.84749984741211,44.03499984741211,44.04750061035156,118263600,41.59886169433594
AAPL,2018-01-17,44.037498474121094,44.8125,43.76750183105469,44.775001525878906,137547200,42.285919189453125
AAPL,2018-01-18,44.842498779296875,45.025001525878906,44.5625,44.814998626708984,124773600,42.32368469238281
AAPL,2018-01-19,44.65250015258789,44.89500045776367,44.352500915527344,44.6150016784668,129700400,42.13481521606445
AAPL,2018-01-22,44.32500076293945,44.44499969482422,44.150001525878906,44.25,108434400,41.79010009765625
AAPL,2018-01-23,44.32500076293945,44.86000061035156,44.20500183105469,44.2599983215332,130756400,41.799537658691406
AAPL,2018-01-24,44.3125,44.32500076293945,43.29999923706055,43.55500030517578,204420400,41.13374328613281
AAPL,2018-01-25,43.627498626708984,43.73749923706055,42.63249969482422,42.77750015258789,166116000,40.39945602416992
AAPL,2018-01-26,43,43,42.51499938964844,42.877498626708984,156572000,40.4939079284668
AAPL,2018-01-29,42.540000915527344,42.540000915527344,41.76750183105469,41.9900016784668,202561600,39.655738830566406
AAPL,2018-01-30,41.38249969482422,41.842498779296875,41.17499923706055,41.74250030517578,184192800,39.421993255615234
AAPL,2018-01-31,41.717498779296875,42.11000061035156,41.625,41.85749816894531,129915600,39.53060531616211
AAPL,2018-02-01,41.79249954223633,42.154998779296875,41.689998626708984,41.94499969482422,188923200,39.61323165893555
AAPL,2018-02-02,41.5,41.70000076293945,40.025001525878906,40.125,346375200,37.8944206237793
AAPL,2018-02-05,39.775001525878906,40.970001220703125,39,39.122501373291016,290954000,36.94764709472656
AAPL,2018-02-06,38.70750045776367,40.93000030517578,38.5,40.75749969482422,272975200,38.491764068603516
AAPL,2018-02-07,40.772499084472656,40.849998474121094,39.76750183105469,39.8849983215332,206434400,37.66775894165039
AAPL,2018-02-08,40.0724983215332,40.25,38.75749969482422,38.787498474121094,217562000,36.631263732910156
AAPL,2018-02-09,39.26750183105469,39.47249984741211,37.560001373291016,39.102500915527344,282690400,37.079307556152344
AAPL,2018-02-12,39.625,40.97249984741211,39.377498626708984,40.6775016784668,243278000,38.57282257080078
AAPL,2018-02-13,40.48749923706055,41.1875,40.412498474121094,41.084999084472656,130196800,38.95924758911133
AAPL,2018-02-14,40.7599983215332,41.8849983215332,40.720001220703125,41.842498779296875,162579600,39.67756271362305
AAPL,2018-02-15,42.4474983215332,43.272499084472656,42.25,43.247501373291016,204588800,41.009849548339844
AAPL,2018-02-16,43.09000015258789,43.70500183105469,42.942501068115234,43.10749816894531,160704400,40.87710189819336
AAPL,2018-02-20,43.01250076293945,43.564998626708984,42.85499954223633,42.962501525878906,135722000,40.739601135253906
AAPL,2018-02-21,43.20750045776367,43.529998779296875,42.752498626708984,42.76750183105469,149886400,40.5546875
AAPL,2018-02-22,42.95000076293945,43.48749923706055,42.9275016784668,43.125,123967600,40.8936882019043
AAPL,2018-02-23,43.41749954223633,43.912498474121094,43.3849983215332,43.875,135249600,41.604888916015625
AAPL,2018-02-26,44.087501525878906,44.84749984741211,44.0525016784668,44.74250030517578,152648800,42.42750549316406
AAPL,2018-02-27,44.775001525878906,45.119998931884766,44.540000915527344,44.59749984741211,155712400,42.29001235961914
AAPL,2018-02-28,44.814998626708984,45.154998779296875,44.51250076293945,44.529998779296875,151128400,42.22599792480469
AAPL,2018-03-01,44.6349983215332,44.94499969482422,43.165000915527344,43.75,195208000,41.486366271972656
AAPL,2018-03-02,43.20000076293945,44.07500076293945,43.11249923706055,44.0525016784668,153816000,41.77320861816406
AAPL,2018-03-05,43.8025016784668,44.435001373291016,43.630001068115234,44.20500183105469,113605600,41.91781997680664
AAPL,2018-03-06,44.477500915527344,44.5625,44.032501220703125,44.16749954223633,95154000,41.88225173950195
AAPL,2018-03-07,43.73500061035156,43.962501525878906,43.567501068115234,43.75749969482422,126814000,41.493473052978516
AAPL,2018-03-08,43.869998931884766,44.279998779296875,43.76750183105469,44.23500061035156,95096400,41.946266174316406
AAPL,2018-03-09,44.4900016784668,45,44.34749984741211,44.994998931884766,128740800,42.66694641113281
AAPL,2018-03-12,45.0724983215332,45.59749984741211,45.0525016784668,45.43000030517578,128828400,43.07943344116211
AAPL,2018-03-13,45.647499084472656,45.875,44.810001373291016,44.99250030517578,126774000,42.664573669433594
AAPL,2018-03-14,45.08000183105469,45.130001068115234,44.45249938964844,44.61000061035156,117473600,42.3018684387207
AAPL,2018-03-15,44.625,45.060001373291016,44.51750183105469,44.662498474121094,90975200,42.35164260864258
AAPL,2018-03-16,44.662498474121094,44.779998779296875,44.404998779296875,44.505001068115234,157618800,42.202293395996094
AAPL,2018-03-19,44.33000183105469,44.36750030517578,43.415000915527344,43.82500076293945,133787200,41.55747985839844
AAPL,2018-03-20,43.810001373291016,44.20000076293945,43.73500061035156,43.810001373291016,78597600,41.54324722290039
AAPL,2018-03-21,43.7599983215332,43.772499084472656,42.814998626708984,42.817501068115234,148219600,40.602108001708984
AAPL,2018-03-22,42.5,43.16999816894531,42.150001525878906,42.212501525878906,165963200,40.028411865234375
AAPL,2018-03-23,42.09749984741211,42.47999954223633,41.23500061035156,41.23500061035156,164115200,39.10148239135742
AAPL,2018-03-26,42.01750183105469,43.275001525878906,41.61000061035156,43.192501068115234,150164800,40.957698822021484
AAPL,2018-03-27,43.41999816894531,43.787498474121094,41.72999954223633,42.084999084472656,163690400,39.90748977661133
AAPL,2018-03-28,41.8125,42.505001068115234,41.29750061035156,41.619998931884766,166674000,39.466552734375
AAPL,2018-03-29,41.95249938964844,42.9375,41.724998474121094,41.94499969482422,153594000,39.774742126464844
AAPL,2018-04-02,41.65999984741211,42.23500061035156,41.11750030517578,41.66999816894531,150347200,39.513973236083984
AAPL,2018-04-03,41.90999984741211,42.1875,41.220001220703125,42.09749984741211,121112000,39.91934585571289
AAPL,2018-04-04,41.220001220703125,43.002498626708984,41.192501068115234,42.90250015258789,138422000,40.682708740234375
AAPL,2018-04-05,43.14500045776367,43.557498931884766,43.02000045776367,43.20000076293945,107732800,40.964813232421875
AAPL,2018-04-06,42.74250030517578,43.119998931884766,42.04999923706055,42.095001220703125,140021200,39.91698455810547
AAPL,2018-04-09,42.470001220703125,43.272499084472656,42.462501525878906,42.51250076293945,116070800,40.31287384033203
AAPL,2018-04-10,43.25,43.5,42.88249969482422,43.3125,113634400,41.071502685546875
AAPL,2018-04-11,43.057498931884766,43.47999954223633,42.92499923706055,43.11000061035156,89726400,40.87947082519531
AAPL,2018-04-12,43.352500915527344,43.75,43.2599983215332,43.53499984741211,91557200,41.2824821472168
AAPL,2018-04-13,43.69499969482422,43.959999084472656,43.462501525878906,43.682498931884766,100497200,41.42234802246094
AAPL,2018-04-16,43.75749969482422,44.04750061035156,43.70750045776367,43.95500183105469,86313600,41.68075180053711
AAPL,2018-04-17,44.122501373291016,44.73500061035156,44.102500915527344,44.560001373291016,106421600,42.25444412231445
AAPL,2018-04-18,44.45249938964844,44.70500183105469,44.220001220703125,44.459999084472656,83018000,42.15961837768555
AAPL,2018-04-19,43.439998626708984,43.84749984741211,43.165000915527344,43.20000076293945,139235200,40.964813232421875
AAPL,2018-04-20,42.650001525878906,42.80500030517578,41.35749816894531,41.43000030517578,261964400,39.28639602661133
AAPL,2018-04-23,41.70750045776367,41.72999954223633,41.022499084472656,41.310001373291016,146062000,39.172607421875
AAPL,2018-04-24,41.41749954223633,41.58250045776367,40.30500030517578,40.73500061035156,134768000,38.627349853515625
AAPL,2018-04-25,40.654998779296875,41.35499954223633,40.602500915527344,40.912498474121094,113528400,38.7956657409668
AAPL,2018-04-26,41.029998779296875,41.432498931884766,40.842498779296875,41.05500030517578,111852000,38.9307975769043
AAPL,2018-04-27,41,41.08250045776367,40.157501220703125,40.58000183105469,142623200,38.48037338256836
AAPL,2018-04-30,40.532501220703125,41.814998626708984,40.459999084472656,41.314998626708984,169709600,39.17734909057617
AAPL,2018-05-01,41.602500915527344,42.29999923706055,41.317501068115234,42.275001525878906,214277600,40.087677001953125
AAPL,2018-05-02,43.807498931884766,44.4375,43.45000076293945,44.14250183105469,266157600,41.858551025390625
AAPL,2018-05-03,43.970001220703125,44.375,43.61000061035156,44.22249984741211,136272800,41.93440628051758
AAPL,2018-05-04,44.5625,46.0625,44.54249954223633,45.95750045776367,224805200,43.57964324951172
AAPL,2018-05-07,46.29499816894531,46.91749954223633,46.1875,46.290000915527344,169805600,43.894935607910156
AAPL,2018-05-08,46.247501373291016,46.55500030517578,45.91749954223633,46.51250076293945,113611200,44.105926513671875
AAPL,2018-05-09,46.63750076293945,46.849998474121094,46.30500030517578,46.84000015258789,92844800,44.41647720336914
AAPL,2018-05-10,46.935001373291016,47.592498779296875,46.912498474121094,47.5099983215332,111957200,45.05181121826172
AAPL,2018-05-11,47.372501373291016,47.51499938964844,46.86249923706055,47.147499084472656,104848800,44.88046646118164
AAPL,2018-05-14,47.252498626708984,47.38249969482422,46.96500015258789,47.037498474121094,83115200,44.775753021240234
AAPL,2018-05-15,46.69499969482422,46.76750183105469,46.275001525878906,46.61000061035156,94780800,44.368812561035156
AAPL,2018-05-16,46.51750183105469,47.1150016784668,46.5,47.04499816894531,76732400,44.78289794921875
AAPL,2018-05-17,47,47.227500915527344,46.59000015258789,46.747501373291016,69176000,44.49970245361328
AAPL,2018-05-18,46.79750061035156,46.95249938964844,46.532501220703125,46.57749938964844,73190800,44.3378791809082
AAPL,2018-05-21,47,47.317501068115234,46.727500915527344,46.907501220703125,73603200,44.65200424194336
AAPL,2018-05-22,47.095001220703125,47.220001220703125,46.69499969482422,46.790000915527344,60962800,44.5401611328125
AAPL,2018-05-23,46.587501525878906,47.125,46.439998626708984,47.09000015258789,80233600,44.825721740722656
AAPL,2018-05-24,47.192501068115234,47.209999084472656,46.5525016784668,47.037498474121094,92936000,44.775753021240234
AAPL,2018-05-25,47.057498931884766,47.412498474121094,46.912498474121094,47.14500045776367,69844000,44.87808609008789
AAPL,2018-05-29,46.900001525878906,47.1875,46.717498779296875,46.974998474121094,90056400,44.716243743896484
AAPL,2018-05-30,46.93000030517578,47,46.69499969482422,46.875,74762000,44.621070861816406
AAPL,2018-05-31,46.80500030517578,47.057498931884766,46.53499984741211,46.717498779296875,109931200,44.47113800048828
AAPL,2018-06-01,46.997501373291016,47.564998626708984,46.9375,47.560001373291016,93770000,45.273128509521484
AAPL,2018-06-04,47.90999984741211,48.35499954223633,47.837501525878906,47.95750045776367,105064800,45.65151596069336
AAPL,2018-06-05,48.26750183105469,48.48500061035156,48.09000015258789,48.32749938964844,86264000,46.003719329833984
AAPL,2018-06-06,48.407501220703125,48.52000045776367,47.97999954223633,48.494998931884766,83734400,46.16316604614258
AAPL,2018-06-07,48.53499984741211,48.54999923706055,48.084999084472656,48.3650016784668,85388800,46.03942108154297
AAPL,2018-06-08,47.79249954223633,48,47.442501068115234,47.92499923706055,106627200,45.62059020996094
AAPL,2018-06-11,47.837501525878906,47.99250030517578,47.5525016784668,47.807498931884766,73234000,45.50872802734375
AAPL,2018-06-12,47.84749984741211,48.15250015258789,47.787498474121094,48.06999969482422,67644400,45.75862121582031
AAPL,2018-06-13,48.10499954223633,48.220001220703125,47.61000061035156,47.67499923706055,86553600,45.382606506347656
AAPL,2018-06-14,47.88750076293945,47.89250183105469,47.55500030517578,47.70000076293945,86440400,45.40639877319336
AAPL,2018-06-15,47.50749969482422,47.540000915527344,47.064998626708984,47.209999084472656,246876800,44.93996047973633
AAPL,2018-06-18,46.970001220703125,47.30500030517578,46.79999923706055,47.185001373291016,73939600,44.916160583496094
AAPL,2018-06-19,46.28499984741211,46.58250045776367,45.86249923706055,46.42250061035156,134314000,44.19032669067383
AAPL,2018-06-20,46.587501525878906,46.79999923706055,46.432498931884766,46.625,82514800,44.38309097290039
AAPL,2018-06-21,46.8125,47.087501525878906,46.23500061035156,46.3650016784668,102847600,44.13559341430664
AAPL,2018-06-22,46.529998779296875,46.537498474121094,46.17499923706055,46.22999954223633,108801600,44.0070915222168
AAPL,2018-06-25,45.849998474121094,46.22999954223633,45.182498931884766,45.54249954223633,126652400,43.3526496887207
AAPL,2018-06-26,45.747501373291016,46.63249969482422,45.6349983215332,46.10749816894531,98276800,43.89046859741211
AAPL,2018-06-27,46.307498931884766,46.81999969482422,46.00749969482422,46.040000915527344,101141200,43.82622146606445
AAPL,2018-06-28,46.025001525878906,46.5525016784668,45.95000076293945,46.375,69460800,44.145111083984375
AAPL,2018-06-29,46.5724983215332,46.79750061035156,45.727500915527344,46.27750015258789,90950800,44.052303314208984
AAPL,2018-07-02,45.95500183105469,46.82500076293945,45.85499954223633,46.79499816894531,70925200,44.54491424560547
AAPL,2018-07-03,46.9474983215332,46.98749923706055,45.8849983215332,45.97999954223633,55819200,43.76910400390625
AAPL,2018-07-05,46.314998626708984,46.602500915527344,46.06999969482422,46.349998474121094,66416800,44.12131881713867
AAPL,2018-07-06,46.35499954223633,47.10749816894531,46.29999923706055,46.99250030517578,69940800,44.73292541503906
AAPL,2018-07-09,47.375,47.66999816894531,47.32500076293945,47.64500045776367,79026400,45.35404968261719
AAPL,2018-07-10,47.6775016784668,47.81999969482422,47.54499816894531,47.587501525878906,63756400,45.299312591552734
AAPL,2018-07-11,47.125,47.44499969482422,46.90250015258789,46.970001220703125,75326000,44.71149826049805
AAPL,2018-07-12,47.38249969482422,47.852500915527344,47.32749938964844,47.75749969482422,72164400,45.46113204956055
AAPL,2018-07-13,47.77000045776367,47.959999084472656,47.724998474121094,47.83250045776367,50055600,45.532527923583984
AAPL,2018-07-16,47.880001068115234,48.162498474121094,47.60499954223633,47.727500915527344,60172400,45.43259048461914
AAPL,2018-07-17,47.4375,47.967498779296875,47.29999923706055,47.86249923706055,62138000,45.56108856201172
AAPL,2018-07-18,47.94499969482422,47.95000076293945,47.48249816894531,47.599998474121094,65573600,45.311214447021484
AAPL,2018-07-19,47.42250061035156,48.13750076293945,47.42250061035156,47.970001220703125,81147200,45.66341781616211
AAPL,2018-07-20,47.94499969482422,48.10749816894531,47.54249954223633,47.86000061035156,82704800,45.5587158203125
AAPL,2018-07-23,47.66999816894531,47.9900016784668,47.38999938964844,47.90250015258789,63957600,45.59916305541992
AAPL,2018-07-24,48.11249923706055,48.415000915527344,48.01250076293945,48.25,74791600,45.929954528808594
AAPL,2018-07-25,48.26499938964844,48.712501525878906,48.10749816894531,48.70500183105469,66839600,46.36307144165039
AAPL,2018-07-26,48.65250015258789,48.9900016784668,48.40250015258789,48.5525016784668,76304000,46.21791076660156
AAPL,2018-07-27,48.747501373291016,48.79750061035156,47.525001525878906,47.744998931884766,96096000,45.44923400878906
AAPL,2018-07-30,47.974998474121094,48.04999923706055,47.26750183105469,47.477500915527344,84118000,45.194602966308594
AAPL,2018-07-31,47.57500076293945,48.03499984741211,47.334999084472656,47.5724983215332,157492000,45.28502655029297
AAPL,2018-08-01,49.782501220703125,50.439998626708984,49.32749938964844,50.375,271742800,47.952781677246094
AAPL,2018-08-02,50.14500045776367,52.095001220703125,50.087501525878906,51.84749984741211,249616000,49.35447311401367
AAPL,2018-08-03,51.75749969482422,52.185001373291016,51.369998931884766,51.997501373291016,133789600,49.49726486206055
AAPL,2018-08-06,52,52.3125,51.76750183105469,52.26750183105469,101701600,49.75428771972656
AAPL,2018-08-07,52.33000183105469,52.375,51.689998626708984,51.77750015258789,102349600,49.28783416748047
AAPL,2018-08-08,51.51250076293945,51.95249938964844,51.130001068115234,51.8125,90102000,49.32115936279297
AAPL,2018-08-09,52.38249969482422,52.44499969482422,51.79999923706055,52.220001220703125,93970400,49.70906066894531
AAPL,2018-08-10,51.84000015258789,52.275001525878906,51.66749954223633,51.88249969482422,98444800,49.56100082397461
AAPL,2018-08-13,52.32749938964844,52.73749923706055,51.92499923706055,52.217498779296875,103563600,49.881004333496094
AAPL,2018-08-14,52.540000915527344,52.63999938964844,52.064998626708984,52.4375,82992000,50.09116744995117
AAPL,2018-08-15,52.30500030517578,52.685001373291016,52.08250045776367,52.560001373291016,115230400,50.20818328857422
AAPL,2018-08-16,52.9375,53.45249938964844,52.86750030517578,53.33000183105469,114001600,50.94373321533203
AAPL,2018-08-17,53.36000061035156,54.48749923706055,53.290000915527344,54.39500045776367,141708000,51.961063385009766
AAPL,2018-08-20,54.525001525878906,54.79499816894531,53.77750015258789,53.8650016784668,121150800,51.45478820800781
AAPL,2018-08-21,54.20000076293945,54.29750061035156,53.50749969482422,53.7599983215332,104639200,51.3544921875
AAPL,2018-08-22,53.525001525878906,54.09000015258789,53.459999084472656,53.76250076293945,76072400,51.35687255859375
AAPL,2018-08-23,53.662498474121094,54.26250076293945,53.650001525878906,53.872501373291016,75532800,51.46196365356445
AAPL,2018-08-24,54.150001525878906,54.224998474121094,53.77750015258789,54.040000915527344,73905600,51.621952056884766
AAPL,2018-08-27,54.287498474121094,54.685001373291016,54.08250045776367,54.48500061035156,82100400,52.047054290771484
AAPL,2018-08-28,54.752498626708984,55.1349983215332,54.72999954223633,54.92499923706055,91107200,52.46735763549805
AAPL,2018-08-29,55.037498474121094,55.872501373291016,54.852500915527344,55.744998931884766,109019200,53.250667572021484
AAPL,2018-08-30,55.8125,57.064998626708984,55.599998474121094,56.25749969482422,195175200,53.74024200439453
AAPL,2018-08-31,56.627498626708984,57.217498779296875,56.5,56.907501220703125,173360400,54.36116027832031
AAPL,2018-09-04,57.102500915527344,57.29499816894531,56.657501220703125,57.09000015258789,109560400,54.53548812866211
AAPL,2018-09-05,57.247501373291016,57.41749954223633,56.275001525878906,56.717498779296875,133332000,54.17966079711914
AAPL,2018-09-06,56.557498931884766,56.837501525878906,55.32500076293945,55.775001525878906,137160000,53.279319763183594
AAPL,2018-09-07,55.462501525878906,56.342498779296875,55.1775016784668,55.32500076293945,150479200,52.84945297241211
AAPL,2018-09-10,55.23749923706055,55.462501525878906,54.11750030517578,54.58250045776367,158066000,52.14018249511719
AAPL,2018-09-11,54.502498626708984,56.07500076293945,54.13999938964844,55.962501525878906,142996000,53.45843505859375
AAPL,2018-09-12,56.23500061035156,56.25,54.959999084472656,55.26750183105469,197114800,52.79452896118164
AAPL,2018-09-13,55.880001068115234,57.087501525878906,55.64250183105469,56.602500915527344,166825600,54.069801330566406
AAPL,2018-09-14,56.4375,56.709999084472656,55.630001068115234,55.959999084472656,127997200,53.4560546875
AAPL,2018-09-17,55.537498474121094,55.73749923706055,54.317501068115234,54.470001220703125,148780400,52.03271484375
AAPL,2018-09-18,54.4474983215332,55.462501525878906,54.279998779296875,54.560001373291016,126286800,52.11870193481445
AAPL,2018-09-19,54.625,54.904998779296875,53.82500076293945,54.592498779296875,108495200,52.14974594116211
AAPL,2018-09-20,55.060001373291016,55.56999969482422,54.787498474121094,55.00749969482422,106435200,52.546165466308594
AAPL,2018-09-21,55.19499969482422,55.34000015258789,54.3224983215332,54.415000915527344,384986800,51.98017883300781
AAPL,2018-09-24,54.20500183105469,55.314998626708984,54.157501220703125,55.1974983215332,110773600,52.72766876220703
AAPL,2018-09-25,54.9375,55.70500183105469,54.92499923706055,55.54750061035156,98217600,53.062007904052734
AAPL,2018-09-26,55.25,55.9375,54.939998626708984,55.10499954223633,95938800,52.63930892944336
AAPL,2018-09-27,55.95500183105469,56.61000061035156,55.8849983215332,56.23749923706055,120724800,53.72113037109375
AAPL,2018-09-28,56.1974983215332,56.459999084472656,56.005001068115234,56.435001373291016,91717600,53.90979766845703
AAPL,2018-10-01,56.98749923706055,57.35499954223633,56.587501525878906,56.814998626708984,94403200,54.27279281616211
AAPL,2018-10-02,56.8125,57.5,56.657501220703125,57.31999969482422,99152800,54.755191802978516
AAPL,2018-10-03,57.51250076293945,58.36750030517578,57.44499969482422,58.01750183105469,114619200,55.421485900878906
AAPL,2018-10-04,57.69499969482422,58.087501525878906,56.682498931884766,56.997501373291016,128168000,54.447120666503906
AAPL,2018-10-05,56.9900016784668,57.102500915527344,55.14500045776367,56.0724983215332,134322000,53.563514709472656
AAPL,2018-10-08,55.5525016784668,56.20000076293945,55.04999923706055,55.942501068115234,118655600,53.439327239990234
AAPL,2018-10-09,55.90999984741211,56.817501068115234,55.5625,56.717498779296875,107564000,54.17966079711914
AAPL,2018-10-10,56.3650016784668,56.587501525878906,54.01250076293945,54.09000015258789,167962400,51.66971206665039
AAPL,2018-10-11,53.630001068115234,54.875,53.08000183105469,53.61249923706055,212497600,51.213584899902344
AAPL,2018-10-12,55.10499954223633,55.720001220703125,54.209999084472656,55.52750015258789,161351600,53.04289627075195
AAPL,2018-10-15,55.290000915527344,55.45750045776367,54.317501068115234,54.34000015258789,123164000,51.90853500366211
AAPL,2018-10-16,54.73249816894531,55.747501373291016,54.189998626708984,55.537498474121094,116736000,53.052452087402344
AAPL,2018-10-17,55.57500076293945,55.65999984741211,54.834999084472656,55.29750061035156,91541600,52.82319641113281
AAPL,2018-10-18,54.46500015258789,54.935001373291016,53.25,54.005001068115234,130325200,51.588523864746094
AAPL,2018-10-19,54.51499938964844,55.314998626708984,54.35749816894531,54.82749938964844,132314800,52.374229431152344
AAPL,2018-10-22,54.9474983215332,55.84000015258789,54.73500061035156,55.162498474121094,115168400,52.69422149658203
AAPL,2018-10-23,53.95750045776367,55.8125,53.67499923706055,55.682498931884766,155071200,53.19096755981445
AAPL,2018-10-24,55.650001525878906,56.057498931884766,53.6349983215332,53.772499084472656,163702000,51.36643600463867
AAPL,2018-10-25,54.4275016784668,55.345001220703125,54.1875,54.95000076293945,119423200,52.491241455078125
AAPL,2018-10-26,53.974998474121094,55.04750061035156,53.16749954223633,54.07500076293945,189033600,51.6554069519043
AAPL,2018-10-29,54.79750061035156,54.92250061035156,51.522499084472656,53.060001373291016,183742000,50.68581008911133
AAPL,2018-10-30,52.787498474121094,53.79499816894531,52.317501068115234,53.32500076293945,146640000,50.93895721435547
AAPL,2018-10-31,54.220001220703125,55.11249923706055,54.154998779296875,54.71500015258789,153435600,52.26675796508789
AAPL,2018-11-01,54.76250076293945,55.59000015258789,54.20249938964844,55.55500030517578,233292800,53.06917953491211
AAPL,2018-11-02,52.38750076293945,53.412498474121094,51.35749816894531,51.869998931884766,365314800,49.54905319213867
AAPL,2018-11-05,51.07500076293945,51.09749984741211,49.54249954223633,50.397499084472656,264654800,48.14244079589844
AAPL,2018-11-06,50.47999954223633,51.18000030517578,50.42250061035156,50.942501068115234,127531600,48.66305160522461
AAPL,2018-11-07,51.49250030517578,52.51499938964844,51.032501220703125,52.48749923706055,133697600,50.13893508911133
AAPL,2018-11-08,52.494998931884766,52.529998779296875,51.6875,52.122501373291016,101450400,49.963985443115234
AAPL,2018-11-09,51.38750076293945,51.502498626708984,50.5625,51.11750030517578,137463200,49.000606536865234
AAPL,2018-11-12,49.75,49.962501525878906,48.4474983215332,48.54249954223633,204542000,46.5322380065918
AAPL,2018-11-13,47.907501220703125,49.29499816894531,47.86249923706055,48.057498931884766,187531600,46.067325592041016
AAPL,2018-11-14,48.474998474121094,48.619998931884766,46.48249816894531,46.70000076293945,243204000,44.76604461669922
AAPL,2018-11-15,47.09749984741211,47.99250030517578,46.724998474121094,47.852500915527344,185915200,45.87081527709961
AAPL,2018-11-16,47.625,48.74250030517578,47.3650016784668,48.38249969482422,147713200,46.37886428833008
AAPL,2018-11-19,47.5,47.67499923706055,46.247501373291016,46.46500015258789,167701200,44.540771484375
AAPL,2018-11-20,44.592498779296875,45.36750030517578,43.877498626708984,44.244998931884766,271300800,42.4127082824707
AAPL,2018-11-21,44.932498931884766,45.067501068115234,44.13750076293945,44.19499969482422,124496800,42.36478042602539
AAPL,2018-11-23,43.73500061035156,44.150001525878906,43.025001525878906,43.0724983215332,94496000,41.28876495361328
AAPL,2018-11-26,43.560001373291016,43.73749923706055,42.564998626708984,43.654998779296875,179994000,41.84714126586914
AAPL,2018-11-27,42.877498626708984,43.692501068115234,42.720001220703125,43.560001373291016,165549600,41.756080627441406
AAPL,2018-11-28,44.182498931884766,45.3224983215332,43.73249816894531,45.23500061035156,184250000,43.36170959472656
AAPL,2018-11-29,45.665000915527344,45.70000076293945,44.42499923706055,44.88750076293945,167080000,43.02861785888672
AAPL,2018-11-30,45.0724983215332,45.08250045776367,44.25749969482422,44.64500045776367,158126000,42.796146392822266
AAPL,2018-12-03,46.1150016784668,46.23500061035156,45.3025016784668,46.20500183105469,163210000,44.29153823852539
AAPL,2018-12-04,45.23749923706055,45.59749984741211,44.067501068115234,44.17250061035156,165377200,42.34321594238281
AAPL,2018-12-06,42.939998626708984,43.69499969482422,42.60499954223633,43.68000030517578,172393600,41.87110137939453
AAPL,2018-12-07,43.372501373291016,43.622501373291016,42.07500076293945,42.122501373291016,169126400,40.378108978271484
AAPL,2018-12-10,41.25,42.522499084472656,40.83250045776367,42.400001525878906,248104000,40.64412307739258
AAPL,2018-12-11,42.915000915527344,42.9474983215332,41.75,42.157501220703125,189126800,40.411651611328125
AAPL,2018-12-12,42.599998474121094,42.97999954223633,42.255001068115234,42.275001525878906,142510800,40.524295806884766
AAPL,2018-12-13,42.622501373291016,43.14250183105469,42.38750076293945,42.73749923706055,127594400,40.96763610839844
AAPL,2018-12-14,42.25,42.27000045776367,41.31999969482422,41.369998931884766,162814800,39.656768798828125
AAPL,2018-12-17,41.36249923706055,42.087501525878906,40.682498931884766,40.98500061035156,177151600,39.287715911865234
AAPL,2018-12-18,41.345001220703125,41.88249969482422,41.09749984741211,41.51750183105469,135366000,39.798160552978516
AAPL,2018-12-19,41.5,41.86249923706055,39.772499084472656,40.22249984741211,196189200,38.556800842285156
AAPL,2018-12-20,40.099998474121094,40.52750015258789,38.82500076293945,39.20750045776367,259092000,37.583831787109375
AAPL,2018-12-21,39.21500015258789,39.540000915527344,37.407501220703125,37.682498931884766,382978400,36.121978759765625
AAPL,2018-12-24,37.037498474121094,37.88750076293945,36.647499084472656,36.70750045776367,148676800,35.187355041503906
AAPL,2018-12-26,37.07500076293945,39.307498931884766,36.68000030517578,39.29249954223633,234330000,37.665306091308594
AAPL,2018-12-27,38.959999084472656,39.192501068115234,37.51750183105469,39.037498474121094,212468400,37.42086410522461
AAPL,2018-12-28,39.375,39.630001068115234,38.63750076293945,39.057498931884766,169165600,37.440040588378906
AAPL,2018-12-31,39.63249969482422,39.84000015258789,39.119998931884766,39.435001373291016,140014000,37.801902770996094
AAPL,2019-01-02,38.72249984741211,39.712501525878906,38.557498931884766,39.47999954223633,148158800,37.84504318237305
AAPL,2019-01-03,35.994998931884766,36.43000030517578,35.5,35.54750061035156,365248800,34.07538986206055
AAPL,2019-01-04,36.13249969482422,37.13750076293945,35.95000076293945,37.064998626708984,234428400,35.53004837036133
AAPL,2019-01-07,37.17499923706055,37.20750045776367,36.474998474121094,36.98249816894531,219111200,35.45097351074219
AAPL,2019-01-08,37.38999938964844,37.95500183105469,37.130001068115234,37.6875,164101200,36.126773834228516
AAPL,2019-01-09,37.8224983215332,38.63249969482422,37.407501220703125,38.32749938964844,180396400,36.740264892578125
AAPL,2019-01-10,38.125,38.49250030517578,37.71500015258789,38.45000076293945,143122800,36.85770797729492
AAPL,2019-01-11,38.220001220703125,38.42499923706055,37.877498626708984,38.0724983215332,108092800,36.49583435058594
AAPL,2019-01-14,37.712501525878906,37.817501068115234,37.30500030517578,37.5,129756800,35.94703674316406
AAPL,2019-01-15,37.567501068115234,38.34749984741211,37.51250076293945,38.26750183105469,114843600,36.6827507019043
AAPL,2019-01-16,38.27000045776367,38.970001220703125,38.25,38.73500061035156,122278800,37.130897521972656
AAPL,2019-01-17,38.54999923706055,39.415000915527344,38.314998626708984,38.96500015258789,119284800,37.351375579833984
AAPL,2019-01-18,39.375,39.470001220703125,38.994998931884766,39.20500183105469,135004000,37.581424713134766
AAPL,2019-01-22,39.102500915527344,39.182498931884766,38.154998779296875,38.32500076293945,121576000,36.73787307739258
AAPL,2019-01-23,38.537498474121094,38.78499984741211,37.92499923706055,38.47999954223633,92522400,36.88644790649414
AAPL,2019-01-24,38.52750015258789,38.619998931884766,37.935001373291016,38.17499923706055,101766000,36.594085693359375
AAPL,2019-01-25,38.869998931884766,39.532501220703125,38.58000183105469,39.439998626708984,134142000,37.80669021606445
AAPL,2019-01-28,38.9474983215332,39.08250045776367,38.415000915527344,39.07500076293945,104768400,37.45681381225586
AAPL,2019-01-29,39.0625,39.532501220703125,38.52750015258789,38.66999816894531,166348800,37.068580627441406
AAPL,2019-01-30,40.8125,41.537498474121094,40.057498931884766,41.3125,244439200,39.60165023803711
AAPL,2019-01-31,41.52750015258789,42.25,41.13999938964844,41.61000061035156,162958400,39.8868293762207
AAPL,2019-02-01,41.7400016784668,42.244998931884766,41.48249816894531,41.630001068115234,130672400,39.906009674072266
AAPL,2019-02-04,41.852500915527344,42.915000915527344,41.81999969482422,42.8125,125982000,41.03953552246094
AAPL,2019-02-05,43.21500015258789,43.77000045776367,43.087501525878906,43.54499816894531,144406400,41.741703033447266
AAPL,2019-02-06,43.662498474121094,43.89250183105469,43.212501525878906,43.560001373291016,112958400,41.756080627441406
AAPL,2019-02-07,43.099998474121094,43.48500061035156,42.584999084472656,42.73500061035156,126966800,40.965240478515625
AAPL,2019-02-08,42.247501373291016,42.665000915527344,42.10499954223633,42.602500915527344,95280000,41.01337814331055
AAPL,2019-02-11,42.76250076293945,42.8025016784668,42.3125,42.35749816894531,83973600,40.77750778198242
AAPL,2019-02-12,42.525001525878906,42.75,42.42499923706055,42.72249984741211,89134000,41.12890625
AAPL,2019-02-13,42.84749984741211,43.119998931884766,42.47999954223633,42.54499816894531,89960800,40.9580192565918
AAPL,2019-02-14,42.4275016784668,42.814998626708984,42.345001220703125,42.70000076293945,87342800,41.10725021362305
AAPL,2019-02-15,42.8125,42.92499923706055,42.4375,42.60499954223633,98507200,41.01578903198242
AAPL,2019-02-19,42.4275016784668,42.86000061035156,42.372501373291016,42.73249816894531,75891200,41.13853073120117
AAPL,2019-02-20,42.79750061035156,43.33000183105469,42.747501373291016,43.00749969482422,104457600,41.40327072143555
AAPL,2019-02-21,42.95000076293945,43.092498779296875,42.57500076293945,42.76499938964844,68998800,41.169822692871094
AAPL,2019-02-22,42.89500045776367,43.25,42.845001220703125,43.24250030517578,75652800,41.62949752807617
AAPL,2019-02-25,43.540000915527344,43.967498779296875,43.48749923706055,43.557498931884766,87493600,41.93276596069336
AAPL,2019-02-26,43.4275016784668,43.82500076293945,43.29249954223633,43.58250045776367,68280800,41.95682144165039
AAPL,2019-02-27,43.3025016784668,43.75,43.182498931884766,43.717498779296875,111341600,42.0867805480957
AAPL,2019-02-28,43.58000183105469,43.727500915527344,43.22999954223633,43.287498474121094,112861600,41.67282485961914
AAPL,2019-03-01,43.56999969482422,43.787498474121094,43.22249984741211,43.74250030517578,103544800,42.1108512878418
AAPL,2019-03-04,43.92250061035156,44.4375,43.49250030517578,43.962501525878906,109744800,42.32265853881836
AAPL,2019-03-05,43.98500061035156,44,43.6349983215332,43.88249969482422,78949600,42.245635986328125
AAPL,2019-03-06,43.66749954223633,43.872501373291016,43.48500061035156,43.630001068115234,83241600,42.00255584716797
AAPL,2019-03-07,43.467498779296875,43.61000061035156,43.005001068115234,43.125,99185600,41.51638412475586
AAPL,2019-03-08,42.58000183105469,43.26750183105469,42.375,43.227500915527344,95997600,41.61506271362305
AAPL,2019-03-11,43.872501373291016,44.779998779296875,43.837501525878906,44.724998474121094,128044000,43.05670928955078
AAPL,2019-03-12,45,45.66749954223633,44.842498779296875,45.227500915527344,129870400,43.540462493896484
AAPL,2019-03-13,45.5625,45.82500076293945,45.22999954223633,45.4275016784668,124130000,43.733009338378906
AAPL,2019-03-14,45.974998474121094,46.025001525878906,45.63999938964844,45.932498931884766,94318000,44.21916198730469
AAPL,2019-03-15,46.212501525878906,46.83250045776367,45.935001373291016,46.529998779296875,156171600,44.79438018798828
AAPL,2019-03-18,46.45000076293945,47.09749984741211,46.4474983215332,47.005001068115234,104879200,45.25165557861328
AAPL,2019-03-19,47.087501525878906,47.247501373291016,46.47999954223633,46.63249969482422,126585600,44.89305114746094
AAPL,2019-03-20,46.557498931884766,47.372501373291016,46.182498931884766,47.040000915527344,124140800,45.28535842895508
AAPL,2019-03-21,47.505001068115234,49.08250045776367,47.45249938964844,48.772499084472656,204136800,46.95323181152344
AAPL,2019-03-22,48.834999084472656,49.42250061035156,47.69499969482422,47.76250076293945,169630800,45.98090362548828
AAPL,2019-03-25,47.877498626708984,47.994998931884766,46.650001525878906,47.185001373291016,175381200,45.42494583129883
AAPL,2019-03-26,47.915000915527344,48.220001220703125,46.14500045776367,46.6974983215332,199202000,44.955623626708984
AAPL,2019-03-27,47.1875,47.439998626708984,46.63750076293945,47.11750030517578,119393600,45.35997009277344
AAPL,2019-03-28,47.23749923706055,47.38999938964844,46.88249969482422,47.18000030517578,83121600,45.420135498046875
AAPL,2019-03-29,47.45750045776367,47.52000045776367,47.1349983215332,47.48749923706055,94256000,45.71615219116211
AAPL,2019-04-01,47.90999984741211,47.91999816894531,47.095001220703125,47.810001373291016,111448000,46.02663040161133
AAPL,2019-04-02,47.772499084472656,48.6150016784668,47.76250076293945,48.505001068115234,91062800,46.695709228515625
AAPL,2019-04-03,48.3125,49.125,48.287498474121094,48.837501525878906,93087200,47.01579666137695
AAPL,2019-04-04,48.6974983215332,49.092498779296875,48.28499984741211,48.92250061035156,76457200,47.097633361816406
AAPL,2019-04-05,49.11249923706055,49.275001525878906,48.98249816894531,49.25,74106400,47.412925720214844
AAPL,2019-04-08,49.10499954223633,50.057498931884766,49.084999084472656,50.025001525878906,103526800,48.15900802612305
AAPL,2019-04-09,50.08000183105469,50.712501525878906,49.807498931884766,49.875,143072800,48.01459884643555
AAPL,2019-04-10,49.66999816894531,50.185001373291016,49.54499816894531,50.154998779296875,86781200,48.28416442871094
AAPL,2019-04-11,50.212501525878906,50.25,49.61000061035156,49.73749923706055,83603200,47.882240295410156
AAPL,2019-04-12,49.79999923706055,50.03499984741211,49.0525016784668,49.717498779296875,111042800,47.862979888916016
AAPL,2019-04-15,49.64500045776367,49.962501525878906,49.502498626708984,49.807498931884766,70146400,47.94961929321289
AAPL,2019-04-16,49.8650016784668,50.342498779296875,49.63999938964844,49.8125,102785600,47.95444107055664
AAPL,2019-04-17,49.8849983215332,50.845001220703125,49.65250015258789,50.782501220703125,115627200,48.88825988769531
AAPL,2019-04-18,50.779998779296875,51.037498474121094,50.630001068115234,50.96500015258789,96783200,49.0639533996582
AAPL,2019-04-22,50.70750045776367,51.23500061035156,50.584999084472656,51.13249969482422,77758000,49.22519302368164
AAPL,2019-04-23,51.10749816894531,51.9375,50.974998474121094,51.869998931884766,93292000,49.935176849365234
AAPL,2019-04-24,51.84000015258789,52.119998931884766,51.76250076293945,51.790000915527344,70162400,49.85817337036133
AAPL,2019-04-25,51.70750045776367,51.939998626708984,51.279998779296875,51.31999969482422,74172800,49.405704498291016
AAPL,2019-04-26,51.224998474121094,51.25,50.529998779296875,51.07500076293945,74596400,49.16984176635742
AAPL,2019-04-29,51.099998474121094,51.49250030517578,50.96500015258789,51.15250015258789,88818800,49.24445343017578
AAPL,2019-04-30,50.76499938964844,50.849998474121094,49.77750015258789,50.16749954223633,186139600,48.29619598388672
AAPL,2019-05-01,52.470001220703125,53.82749938964844,52.307498931884766,52.630001068115234,259309200,50.666847229003906
AAPL,2019-05-02,52.459999084472656,53.162498474121094,52.032501220703125,52.287498474121094,127985200,50.337120056152344
AAPL,2019-05-03,52.72249984741211,52.959999084472656,52.557498931884766,52.9375,83569600,50.96287536621094
AAPL,2019-05-06,51.0724983215332,52.209999084472656,50.875,52.119998931884766,129772400,50.17586898803711
AAPL,2019-05-07,51.470001220703125,51.85499954223633,50.20750045776367,50.71500015258789,155054800,48.82327651977539
AAPL,2019-05-08,50.474998474121094,51.334999084472656,50.4375,50.724998474121094,105358000,48.83289337158203
AAPL,2019-05-09,50.099998474121094,50.41999816894531,49.165000915527344,50.18000030517578,139634400,48.3082275390625
AAPL,2019-05-10,49.35499954223633,49.712501525878906,48.192501068115234,49.29499816894531,164834800,47.63898468017578
AAPL,2019-05-13,46.9275016784668,47.369998931884766,45.712501525878906,46.43000030517578,229722400,44.870235443115234
AAPL,2019-05-14,46.602500915527344,47.42499923706055,46.352500915527344,47.165000915527344,146118800,45.58055114746094
AAPL,2019-05-15,46.567501068115234,47.9375,46.505001068115234,47.72999954223633,106178800,46.12657165527344
AAPL,2019-05-16,47.477500915527344,48.11750030517578,47.209999084472656,47.52000045776367,132125600,45.923614501953125
AAPL,2019-05-17,46.73249816894531,47.724998474121094,46.689998626708984,47.25,131516400,45.66269302368164
AAPL,2019-05-20,45.880001068115234,46.087501525878906,45.06999969482422,45.772499084472656,154449200,44.234825134277344
AAPL,2019-05-21,46.30500030517578,47,46.17499923706055,46.650001525878906,113459200,45.08284378051758
AAPL,2019-05-22,46.165000915527344,46.4275016784668,45.63750076293945,45.69499969482422,118994400,44.15993118286133
AAPL,2019-05-23,44.95000076293945,45.1349983215332,44.45249938964844,44.915000915527344,146118800,43.40613555908203
AAPL,2019-05-24,45.04999923706055,45.53499984741211,44.654998779296875,44.74250030517578,94858800,43.239437103271484
AAPL,2019-05-28,44.72999954223633,45.147499084472656,44.477500915527344,44.557498931884766,111792800,43.06064224243164
AAPL,2019-05-29,44.10499954223633,44.837501525878906,44,44.345001220703125,113924800,42.85528564453125
AAPL,2019-05-30,44.48749923706055,44.807498931884766,44.16749954223633,44.57500076293945,84873600,43.07756423950195
AAPL,2019-05-31,44.057498931884766,44.497501373291016,43.747501373291016,43.76750183105469,108174400,42.29718017578125
AAPL,2019-06-03,43.900001525878906,44.47999954223633,42.567501068115234,43.32500076293945,161584400,41.86954879760742
AAPL,2019-06-04,43.86000061035156,44.95750045776367,43.630001068115234,44.90999984741211,123872000,43.40130615234375
AAPL,2019-06-05,46.06999969482422,46.247501373291016,45.28499984741211,45.6349983215332,119093600,44.10194396972656
AAPL,2019-06-06,45.77000045776367,46.36750030517578,45.537498474121094,46.30500030517578,90105200,44.74943542480469
AAPL,2019-06-07,46.627498626708984,47.97999954223633,46.442501068115234,47.537498474121094,122737600,45.94053649902344
AAPL,2019-06-10,47.95249938964844,48.842498779296875,47.904998779296875,48.14500045776367,104883600,46.527626037597656
AAPL,2019-06-11,48.71500015258789,49,48.400001525878906,48.70249938964844,107731600,47.06640625
AAPL,2019-06-12,48.48749923706055,48.99250030517578,48.34749984741211,48.54750061035156,73012800,46.91661071777344
AAPL,2019-06-13,48.67499923706055,49.1974983215332,48.400001525878906,48.537498474121094,86698400,46.90694046020508
AAPL,2019-06-14,47.88750076293945,48.397499084472656,47.57500076293945,48.185001373291016,75046000,46.566287994384766
AAPL,2019-06-17,48.224998474121094,48.7400016784668,48.04249954223633,48.47249984741211,58676400,46.84412384033203
AAPL,2019-06-18,49.01250076293945,50.0724983215332,48.8025016784668,49.61249923706055,106204000,47.94581604003906
AAPL,2019-06-19,49.91999816894531,49.970001220703125,49.32749938964844,49.467498779296875,84496800,47.80569839477539
AAPL,2019-06-20,50.092498779296875,50.15250015258789,49.50749969482422,49.8650016784668,86056000,48.189849853515625
AAPL,2019-06-21,49.70000076293945,50.212501525878906,49.537498474121094,49.69499969482422,191202400,48.02555465698242
AAPL,2019-06-24,49.6349983215332,50.040000915527344,49.54249954223633,49.64500045776367,72881600,47.977230072021484
AAPL,2019-06-25,49.60749816894531,49.814998626708984,48.8224983215332,48.89250183105469,84281200,47.25001907348633
AAPL,2019-06-26,49.442501068115234,50.247501373291016,49.337501525878906,49.95000076293945,104270000,48.27199172973633
AAPL,2019-06-27,50.0724983215332,50.39250183105469,49.89250183105469,49.935001373291016,83598800,48.25749969482422
AAPL,2019-06-28,49.66999816894531,49.875,49.26250076293945,49.47999954223633,124442400,47.81777572631836
AAPL,2019-07-01,50.79249954223633,51.122501373291016,50.162498474121094,50.38750076293945,109012000,48.69479751586914
AAPL,2019-07-02,50.352500915527344,50.782501220703125,50.34000015258789,50.682498931884766,67740800,48.979888916015625
AAPL,2019-07-03,50.81999969482422,51.11000061035156,50.67250061035156,51.102500915527344,45448000,49.38576889038086
AAPL,2019-07-05,50.837501525878906,51.27000045776367,50.724998474121094,51.057498931884766,69062000,49.342281341552734
AAPL,2019-07-08,50.20249938964844,50.349998474121094,49.602500915527344,50.005001068115234,101354400,48.32514190673828
AAPL,2019-07-09,49.79999923706055,50.377498626708984,49.70249938964844,50.310001373291016,82312000,48.619895935058594
AAPL,2019-07-10,50.462501525878906,50.932498931884766,50.38999938964844,50.807498931884766,71588400,49.1006965637207
AAPL,2019-07-11,50.82749938964844,51.09749984741211,50.4275016784668,50.4375,80767200,48.74311828613281
AAPL,2019-07-12,50.61249923706055,51,50.54999923706055,50.82500076293945,70380800,49.11759567260742
AAPL,2019-07-15,51.022499084472656,51.467498779296875,51,51.3025016784668,67789600,49.57905197143555
AAPL,2019-07-16,51.147499084472656,51.52750015258789,50.875,51.125,67467200,49.40751647949219
AAPL,2019-07-17,51.01250076293945,51.272499084472656,50.817501068115234,50.837501525878906,56430000,49.12967300415039
AAPL,2019-07-18,51,51.470001220703125,50.92499923706055,51.415000915527344,74162400,49.687774658203125
AAPL,2019-07-19,51.4474983215332,51.625,50.59000015258789,50.647499084472656,83717200,48.946048736572266
AAPL,2019-07-22,50.912498474121094,51.807498931884766,50.90250015258789,51.80500030517578,89111600,50.064674377441406
AAPL,2019-07-23,52.1150016784668,52.227500915527344,51.8224983215332,52.209999084472656,73420800,50.45606994628906
AAPL,2019-07-24,51.91749954223633,52.287498474121094,51.79249954223633,52.16749954223633,59966400,50.41499710083008
AAPL,2019-07-25,52.22249984741211,52.310001373291016,51.682498931884766,51.755001068115234,55638400,50.016361236572266
AAPL,2019-07-26,51.869998931884766,52.432498931884766,51.78499984741211,51.935001373291016,70475600,50.190303802490234
AAPL,2019-07-29,52.1150016784668,52.65999984741211,52.11000061035156,52.41999816894531,86693600,50.659019470214844
AAPL,2019-07-30,52.189998626708984,52.540000915527344,51.82749938964844,52.19499969482422,135742800,50.441566467285156
AAPL,2019-07-31,54.10499954223633,55.342498779296875,52.82500076293945,53.2599983215332,277125600,51.470794677734375
AAPL,2019-08-01,53.474998474121094,54.50749969482422,51.685001373291016,52.10749816894531,216071600,50.35700607299805
AAPL,2019-08-02,51.38249969482422,51.60749816894531,50.407501220703125,51.005001068115234,163448400,49.291542053222656
AAPL,2019-08-05,49.497501373291016,49.662498474121094,48.14500045776367,48.334999084472656,209572000,46.71123504638672
AAPL,2019-08-06,49.07749938964844,49.51750183105469,48.5099983215332,49.25,143299200,47.59550857543945
AAPL,2019-08-07,48.852500915527344,49.88999938964844,48.45500183105469,49.7599983215332,133457600,48.0883674621582
AAPL,2019-08-08,50.04999923706055,50.88249969482422,49.84749984741211,50.85749816894531,108038000,49.149009704589844
AAPL,2019-08-09,50.32500076293945,50.689998626708984,49.8224983215332,50.247501373291016,98478800,48.74400329589844
AAPL,2019-08-12,49.904998779296875,50.51250076293945,49.787498474121094,50.119998931884766,89927600,48.62031173706055
AAPL,2019-08-13,50.255001068115234,53.03499984741211,50.119998931884766,52.24250030517578,188874000,50.679298400878906
AAPL,2019-08-14,50.790000915527344,51.61000061035156,50.647499084472656,50.6875,146189600,49.17082595825195
AAPL,2019-08-15,50.8650016784668,51.28499984741211,49.91749954223633,50.435001373291016,108909600,48.92588424682617
AAPL,2019-08-16,51.06999969482422,51.790000915527344,50.959999084472656,51.625,110481600,50.080284118652344
AAPL,2019-08-19,52.654998779296875,53.182498931884766,52.50749969482422,52.587501525878906,97654400,51.01397705078125
AAPL,2019-08-20,52.720001220703125,53.337501525878906,52.58000183105469,52.59000015258789,107537200,51.01639175415039
AAPL,2019-08-21,53.247501373291016,53.412498474121094,52.900001525878906,53.15999984741211,86141600,51.56935119628906
AAPL,2019-08-22,53.29750061035156,53.61000061035156,52.6875,53.1150016784668,89014800,51.52569580078125
AAPL,2019-08-23,52.35749816894531,53.01250076293945,50.25,50.65999984741211,187272000,49.144161224365234
AAPL,2019-08-26,51.46500015258789,51.79750061035156,51.26499938964844,51.622501373291016,104174400,50.07785415649414
AAPL,2019-08-27,51.96500015258789,52.13750076293945,50.88249969482422,51.040000915527344,103493200,49.512786865234375
AAPL,2019-08-28,51.025001525878906,51.43000030517578,50.83000183105469,51.38249969482422,63755200,49.845027923583984
AAPL,2019-08-29,52.125,52.33000183105469,51.665000915527344,52.252498626708984,83962000,50.68900680541992
AAPL,2019-08-30,52.540000915527344,52.61249923706055,51.79999923706055,52.185001373291016,84573600,50.62351989746094
AAPL,2019-09-03,51.60749816894531,51.744998931884766,51.05500030517578,51.42499923706055,80092000,49.886253356933594
AAPL,2019-09-04,52.09749984741211,52.369998931884766,51.83000183105469,52.29750061035156,76752400,50.732662200927734
AAPL,2019-09-05,53,53.49250030517578,52.877498626708984,53.31999969482422,95654800,51.72456359863281
AAPL,2019-09-06,53.51250076293945,53.60499954223633,53.127498626708984,53.314998626708984,77449200,51.71970748901367
AAPL,2019-09-09,53.709999084472656,54.11000061035156,52.76750183105469,53.54249954223633,109237600,51.940406799316406
AAPL,2019-09-10,53.46500015258789,54.19499969482422,52.9275016784668,54.17499923706055,127111600,52.55397033691406
AAPL,2019-09-11,54.51750183105469,55.9275016784668,54.432498931884766,55.897499084472656,177158400,54.22493362426758
AAPL,2019-09-12,56.20000076293945,56.60499954223633,55.71500015258789,55.772499084472656,128906800,54.103675842285156
AAPL,2019-09-13,55,55.1974983215332,54.255001068115234,54.6875,159053200,53.0511474609375
AAPL,2019-09-16,54.432498931884766,55.032501220703125,54.38999938964844,54.974998474121094,84632400,53.33003616333008
AAPL,2019-09-17,54.9900016784668,55.20500183105469,54.779998779296875,55.17499923706055,73274800,53.52405548095703
AAPL,2019-09-18,55.26499938964844,55.712501525878906,54.86000061035156,55.692501068115234,101360000,54.02606964111328
AAPL,2019-09-19,55.502498626708984,55.939998626708984,55.092498779296875,55.2400016784668,88242400,53.58710861206055
AAPL,2019-09-20,55.345001220703125,55.63999938964844,54.36750030517578,54.432498931884766,221652400,52.803775787353516
AAPL,2019-09-23,54.73749923706055,54.959999084472656,54.412498474121094,54.68000030517578,76662000,53.04386901855469
AAPL,2019-09-24,55.25749969482422,55.622501373291016,54.29750061035156,54.41999816894531,124763200,52.79164505004883
AAPL,2019-09-25,54.63750076293945,55.375,54.28499984741211,55.25749969482422,87613600,53.60409164428711
AAPL,2019-09-26,55,55.23500061035156,54.70750045776367,54.97249984741211,75334000,53.327613830566406
AAPL,2019-09-27,55.1349983215332,55.2400016784668,54.31999969482422,54.70500183105469,101408000,53.068115234375
AAPL,2019-09-30,55.224998474121094,56.14500045776367,55.1974983215332,55.99250030517578,103909600,54.317100524902344
AAPL,2019-10-01,56.26750183105469,57.05500030517578,56.04999923706055,56.147499084472656,139223200,54.46746063232422
AAPL,2019-10-02,55.76499938964844,55.89500045776367,54.48249816894531,54.7400016784668,138449200,53.10206985473633
AAPL,2019-10-03,54.60749816894531,55.2400016784668,53.782501220703125,55.20500183105469,114426000,53.55316925048828
AAPL,2019-10-04,56.40999984741211,56.872501373291016,55.97249984741211,56.752498626708984,138478800,55.05435562133789
AAPL,2019-10-07,56.567501068115234,57.48249816894531,56.459999084472656,56.76499938964844,122306000,55.06648254394531
AAPL,2019-10-08,56.45500183105469,57.01499938964844,56.08250045776367,56.099998474121094,111820000,54.421382904052734
AAPL,2019-10-09,56.75749969482422,56.9474983215332,56.40999984741211,56.75749969482422,74770400,55.059207916259766
AAPL,2019-10-10,56.98249816894531,57.61000061035156,56.82500076293945,57.522499084472656,113013600,55.80131530761719
AAPL,2019-10-11,58.23749923706055,59.40999984741211,58.07749938964844,59.0525016784668,166795600,57.2855339050293
AAPL,2019-10-14,58.724998474121094,59.532501220703125,58.66749954223633,58.967498779296875,96427600,57.20307540893555
AAPL,2019-10-15,59.09749984741211,59.412498474121094,58.720001220703125,58.83000183105469,87360000,57.0696907043457
AAPL,2019-10-16,58.342498779296875,58.810001373291016,58.29999923706055,58.592498779296875,73903200,56.839298248291016
AAPL,2019-10-17,58.772499084472656,59.037498474121094,58.380001068115234,58.81999969482422,67585200,57.05998611450195
AAPL,2019-10-18,58.647499084472656,59.39500045776367,58.5724983215332,59.102500915527344,97433600,57.33403778076172
AAPL,2019-10-21,59.380001068115234,60.247501373291016,59.33000183105469,60.127498626708984,87247200,58.328369140625
AAPL,2019-10-22,60.290000915527344,60.54999923706055,59.904998779296875,59.9900016784668,82293600,58.194976806640625
AAPL,2019-10-23,60.525001525878906,60.810001373291016,60.30500030517578,60.79499816894531,75828800,58.97589111328125
AAPL,2019-10-24,61.127498626708984,61.20000076293945,60.45249938964844,60.89500045776367,69275200,59.07290267944336
AAPL,2019-10-25,60.790000915527344,61.682498931884766,60.720001220703125,61.64500045776367,73477200,59.80046081542969
AAPL,2019-10-28,61.85499954223633,62.3125,61.68000030517578,62.26250076293945,96572800,60.39948272705078
AAPL,2019-10-29,62.24250030517578,62.4375,60.64250183105469,60.8224983215332,142839600,59.00257110595703
AAPL,2019-10-30,61.189998626708984,61.32500076293945,60.3025016784668,60.814998626708984,124522000,58.99528884887695
AAPL,2019-10-31,61.810001373291016,62.29249954223633,59.314998626708984,62.189998626708984,139162000,60.32914352416992
AAPL,2019-11-01,62.3849983215332,63.98249816894531,62.290000915527344,63.95500183105469,151125200,62.04134750366211
AAPL,2019-11-04,64.3324966430664,64.4625015258789,63.845001220703125,64.375,103272000,62.44878005981445
AAPL,2019-11-05,64.26249694824219,64.54750061035156,64.08000183105469,64.282501220703125,79897600,62.35904312133789
AAPL,2019-11-06,64.19249725341797,64.37249755859375,63.842498779296875,64.30999755859375,75864400,62.385711669921875
AAPL,2019-11-07,64.68499755859375,65.0875015258789,64.527496337890625,64.85749816894531,94940400,63.10572052001953
AAPL,2019-11-08,64.67250061035156,65.11000061035156,64.2125015258789,65.035003662109375,69986400,63.278446197509766
AAPL,2019-11-11,64.57499694824219,65.61750030517578,64.56999969482422,65.55000305175781,81821200,63.779544830322266
AAPL,2019-11-12,65.38749694824219,65.69750213623047,65.2300033569336,65.48999786376953,87388800,63.72114562988281
AAPL,2019-11-13,65.282501220703125,66.19499969482422,65.26750183105469,66.11750030517578,102734400,64.33168029785156
AAPL,2019-11-14,65.9375,66.220001220703125,65.5250015258789,65.660003662109375,89182800,63.88655471801758
AAPL,2019-11-15,65.91999816894531,66.44499969482422,65.75250244140625,66.44000244140625,100206400,64.64549255371094
AAPL,2019-11-18,66.44999694824219,66.85749816894531,66.05750274658203,66.7750015258789,86703200,64.97142791748047
AAPL,2019-11-19,66.9749984741211,67,66.347503662109375,66.57250213623047,76167200,64.77440643310547
AAPL,2019-11-20,66.38500213623047,66.5199966430664,65.0999984741211,65.79750061035156,106234400,64.02033996582031
AAPL,2019-11-21,65.92250061035156,66.00250244140625,65.29499816894531,65.50250244140625,121395200,63.73331069946289
AAPL,2019-11-22,65.64749908447266,65.79499816894531,65.20999908447266,65.44499969482422,65325200,63.677364349365234
AAPL,2019-11-25,65.67749786376953,66.61000061035156,65.62999725341797,66.592498779296875,84020400,64.793853759765625
AAPL,2019-11-26,66.73500061035156,66.79000091552734,65.625,66.07250213623047,105207600,64.28791809082031
AAPL,2019-11-27,66.3949966430664,66.99500274658203,66.32749938964844,66.95999908447266,65235600,65.15143585205078
AAPL,2019-11-29,66.6500015258789,67,66.4749984741211,66.8125,46617600,65.00791931152344
AAPL,2019-12-02,66.81749725341797,67.0625,65.86250305175781,66.04000091552734,94487200,64.25628662109375
AAPL,2019-12-03,64.57749938964844,64.88249969482422,64.07250213623047,64.86250305175781,114430400,63.110591888427734
AAPL,2019-12-04,65.26750183105469,65.82749938964844,65.16999816894531,65.43499755859375,67181600,63.66762924194336
AAPL,2019-12-05,65.94750213623047,66.472503662109375,65.68250274658203,66.3949966430664,74424400,64.60169982910156
AAPL,2019-12-06,66.87000274658203,67.75,66.82499694824219,67.67749786376953,106075600,65.84956359863281
AAPL,2019-12-09,67.5,67.69999694824219,66.22750091552734,66.7300033569336,128042400,64.92766571044922
AAPL,2019-12-10,67.1500015258789,67.51750183105469,66.464996337890625,67.12000274658203,90420400,65.30712127685547
AAPL,2019-12-11,67.20249938964844,67.7750015258789,67.125,67.69249725341797,78756800,65.8641586303711
AAPL,2019-12-12,66.94499969482422,68.13999938964844,66.83000183105469,67.86499786376953,137310400,66.03199005126953
AAPL,2019-12-13,67.86499786376953,68.82499694824219,67.73249816894531,68.7874984741211,133587600,66.92957305908203
AAPL,2019-12-16,69.25,70.19750213623047,69.24500274658203,69.964996337890625,128186000,68.07526397705078
AAPL,2019-12-17,69.89250183105469,70.44249725341797,69.69999694824219,70.10250091552734,114158400,68.2090835571289
AAPL,2019-12-18,69.94999694824219,70.4749984741211,69.779998779296875,69.93499755859375,116028400,68.04608154296875
AAPL,2019-12-19,69.875,70.29499816894531,69.73750305175781,70.00499725341797,98369200,68.11421203613281
AAPL,2019-12-20,70.55750274658203,70.6624984741211,69.63999938964844,69.86000061035156,275978000,67.97309875488281
AAPL,2019-12-23,70.13249969482422,71.0625,70.092498779296875,71,98572000,69.08232879638672
AAPL,2019-12-24,71.17250061035156,71.222503662109375,70.7300033569336,71.06749725341797,48478800,69.14800262451172
AAPL,2019-12-26,71.20500183105469,72.49500274658203,71.17500305175781,72.47750091552734,93121200,70.51991271972656
AAPL,2019-12-27,72.779998779296875,73.49250030517578,72.029998779296875,72.44999694824219,146266000,70.49314880371094
AAPL,2019-12-30,72.36499786376953,73.17250061035156,71.30500030517578,72.87999725341797,144114400,70.91154479980469
AAPL,2019-12-31,72.48249816894531,73.41999816894531,72.37999725341797,73.4124984741211,100805600,71.4296646118164
AAPL,2020-01-02,74.05999755859375,75.1500015258789,73.79750061035156,75.0875015258789,135480400,73.059417724609375
AAPL,2020-01-03,74.2874984741211,75.1449966430664,74.125,74.35749816894531,146322800,72.3491439819336
AAPL,2020-01-06,73.44750213623047,74.98999786376953,73.1875,74.94999694824219,118387200,72.9256362915039
AAPL,2020-01-07,74.95999908447266,75.2249984741211,74.37000274658203,74.597503662109375,108872000,72.582672119140625
AAPL,2020-01-08,74.29000091552734,76.11000061035156,74.29000091552734,75.79750061035156,132079200,73.75023651123047
AAPL,2020-01-09,76.80999755859375,77.60749816894531,76.55000305175781,77.407501220703125,170108400,75.31673431396484
AAPL,2020-01-10,77.6500015258789,78.1675033569336,77.0625,77.5824966430664,140644800,75.48701477050781
AAPL,2020-01-13,77.910003662109375,79.26750183105469,77.7874984741211,79.23999786376953,121532000,77.09977722167969
AAPL,2020-01-14,79.17500305175781,79.39250183105469,78.0425033569336,78.16999816894531,161954400,76.05865478515625
AAPL,2020-01-15,77.9625015258789,78.875,77.38749694824219,77.83499908447266,121923600,75.73271179199219
AAPL,2020-01-16,78.39749908447266,78.92500305175781,78.02249908447266,78.80999755859375,108829200,76.68138122558594
AAPL,2020-01-17,79.06749725341797,79.68499755859375,78.75,79.68250274658203,137816400,77.530303955078125
AAPL,2020-01-21,79.29750061035156,79.75499725341797,79,79.14250183105469,110843200,77.0049057006836
AAPL,2020-01-22,79.6449966430664,79.99749755859375,79.32749938964844,79.42500305175781,101832400,77.2797622680664
AAPL,2020-01-23,79.4800033569336,79.88999938964844,78.9124984741211,79.80750274658203,104472000,77.65193939208984
AAPL,2020-01-24,80.0625,80.8324966430664,79.37999725341797,79.57749938964844,146537600,77.428131103515625
AAPL,2020-01-27,77.51499938964844,77.94249725341797,76.220001220703125,77.23750305175781,161940000,75.15137481689453
AAPL,2020-01-28,78.1500015258789,79.5999984741211,78.04750061035156,79.42250061035156,162234000,77.27733612060547
AAPL,2020-01-29,81.11250305175781,81.9625015258789,80.345001220703125,81.08499908447266,216229200,78.894927978515625
AAPL,2020-01-30,80.13500213623047,81.02249908447266,79.6875,80.967498779296875,126743200,78.78059387207031
AAPL,2020-01-31,80.23249816894531,80.66999816894531,77.07250213623047,77.37750244140625,199588400,75.28759002685547
AAPL,2020-02-03,76.07499694824219,78.37249755859375,75.55500030517578,77.16500091552734,173788400,75.08080291748047
AAPL,2020-02-04,78.82749938964844,79.910003662109375,78.407501220703125,79.7125015258789,136616400,77.55950927734375
AAPL,2020-02-05,80.87999725341797,81.19000244140625,79.73750305175781,80.36250305175781,118826800,78.19194793701172
AAPL,2020-02-06,80.64250183105469,81.30500030517578,80.06500244140625,81.30249786376953,105425600,79.10655975341797
AAPL,2020-02-07,80.592498779296875,80.8499984741211,79.5,80.00749969482422,117684000,78.03128814697266
AAPL,2020-02-10,78.54499816894531,80.38749694824219,78.4625015258789,80.38749694824219,109348800,78.40189361572266
AAPL,2020-02-11,80.9000015258789,80.9749984741211,79.67749786376953,79.902496337890625,94323200,77.92888641357422
AAPL,2020-02-12,80.36750030517578,81.80500030517578,80.36750030517578,81.80000305175781,113730400,79.7795181274414
AAPL,2020-02-13,81.04750061035156,81.55500030517578,80.8375015258789,81.217498779296875,94747600,79.211395263671875
AAPL,2020-02-14,81.18499755859375,81.49500274658203,80.7125015258789,81.23750305175781,80113600,79.230926513671875
AAPL,2020-02-18,78.839996337890625,79.9375,78.652496337890625,79.75,152531200,77.78015899658203
AAPL,2020-02-19,80,81.14250183105469,80,80.904998779296875,93984000,78.9066162109375
AAPL,2020-02-20,80.657501220703125,81.1624984741211,79.55249786376953,80.07499694824219,100566000,78.09712219238281
AAPL,2020-02-21,79.654998779296875,80.11250305175781,77.625,78.26249694824219,129554000,76.32939147949219
AAPL,2020-02-24,74.31500244140625,76.04499816894531,72.30750274658203,74.54499816894531,222195200,72.70372009277344
AAPL,2020-02-25,75.23750305175781,75.63249969482422,71.532501220703125,72.0199966430664,230673600,70.24108123779297
AAPL,2020-02-26,71.63249969482422,74.470001220703125,71.625,73.1624984741211,198054800,71.35536193847656
AAPL,2020-02-27,70.2750015258789,71.5,68.23999786376953,68.37999725341797,320605600,66.69099426269531
AAPL,2020-02-28,64.31500244140625,69.60250091552734,64.092498779296875,68.339996337890625,426510000,66.65196228027344
AAPL,2020-03-02,70.56999969482422,75.36000061035156,69.43000030517578,74.70249938964844,341397200,72.85731506347656
AAPL,2020-03-03,75.9175033569336,76,71.44999694824219,72.33000183105469,319475600,70.543426513671875
AAPL,2020-03-04,74.11000061035156,75.8499984741211,73.282501220703125,75.68499755859375,219178400,73.81556701660156
AAPL,2020-03-05,73.87999725341797,74.88749694824219,72.85250091552734,73.2300033569336,187572800,71.42120361328125
AAPL,2020-03-06,70.5,72.70500183105469,70.30750274658203,72.25749969482422,226176800,70.47269439697266
AAPL,2020-03-09,65.9375,69.52249908447266,65.75,66.5425033569336,286744800,64.89888763427734
AAPL,2020-03-10,69.285003662109375,71.61000061035156,67.342498779296875,71.33499908447266,285290000,69.57300567626953
AAPL,2020-03-11,69.347503662109375,70.30500030517578,67.964996337890625,68.85749816894531,255598800,67.15669250488281
AAPL,2020-03-12,63.98500061035156,67.5,62,62.057498931884766,418474000,60.524658203125
AAPL,2020-03-13,66.222503662109375,69.9800033569336,63.23749923706055,69.49250030517578,370732000,67.77601623535156
AAPL,2020-03-16,60.48749923706055,64.7699966430664,60,60.5525016784668,322423600,59.05683517456055
AAPL,2020-03-17,61.877498626708984,64.402496337890625,59.599998474121094,63.21500015258789,324056000,61.65357208251953
AAPL,2020-03-18,59.942501068115234,62.5,59.279998779296875,61.66749954223633,300233600,60.1442985534668
AAPL,2020-03-19,61.84749984741211,63.209999084472656,60.65250015258789,61.19499969482422,271857200,59.68346405029297
AAPL,2020-03-20,61.79499816894531,62.95750045776367,57,57.310001373291016,401693200,55.89442443847656
AAPL,2020-03-23,57.02000045776367,57.125,53.15250015258789,56.092498779296875,336752800,54.70699691772461
AAPL,2020-03-24,59.09000015258789,61.92250061035156,58.57500076293945,61.720001220703125,287531200,60.19548797607422
AAPL,2020-03-25,62.6875,64.5625,61.07500076293945,61.380001068115234,303602000,59.8638916015625
AAPL,2020-03-26,61.630001068115234,64.66999816894531,61.59000015258789,64.61000061035156,252087200,63.01411056518555
AAPL,2020-03-27,63.1875,63.967498779296875,61.76250076293945,61.935001373291016,204216800,60.40519332885742
AAPL,2020-03-30,62.685001373291016,63.880001068115234,62.349998474121094,63.70249938964844,167976400,62.1290283203125
AAPL,2020-03-31,63.900001525878906,65.62249755859375,63,63.5724983215332,197002000,62.002227783203125
AAPL,2020-04-01,61.625,62.18000030517578,59.782501220703125,60.227500915527344,176218400,58.7398567199707
AAPL,2020-04-02,60.084999084472656,61.287498474121094,59.224998474121094,61.23249816894531,165934000,59.72003173828125
AAPL,2020-04-03,60.70000076293945,61.42499923706055,59.74250030517578,60.352500915527344,129880000,58.861778259277344
AAPL,2020-04-06,62.724998474121094,65.777496337890625,62.345001220703125,65.61750030517578,201820400,63.99673843383789
AAPL,2020-04-07,67.69999694824219,67.92500305175781,64.75,64.85749816894531,202887200,63.255489349365234
AAPL,2020-04-08,65.68499755859375,66.842498779296875,65.30750274658203,66.51750183105469,168895200,64.87451171875
AAPL,2020-04-09,67.17500305175781,67.51750183105469,66.17500305175781,66.99749755859375,161834800,65.34264373779297
AAPL,2020-04-13,67.07749938964844,68.42500305175781,66.4574966430664,68.3125,131022800,66.62516021728516
AAPL,2020-04-14,70,72.0625,69.51249694824219,71.76249694824219,194994800,69.98993682861328
AAPL,2020-04-15,70.5999984741211,71.5824966430664,70.157501220703125,71.10749816894531,131154400,69.35112762451172
AAPL,2020-04-16,71.845001220703125,72.05000305175781,70.5875015258789,71.67250061035156,157125200,69.902191162109375
AAPL,2020-04-17,71.17250061035156,71.73750305175781,69.214996337890625,70.69999694824219,215250000,68.95367431640625
AAPL,2020-04-20,69.48750305175781,70.41999816894531,69.2125015258789,69.23249816894531,130015200,67.5224609375
AAPL,2020-04-21,69.06999969482422,69.3125,66.35749816894531,67.092498779296875,180991600,65.43529510498047
AAPL,2020-04-22,68.402496337890625,69.4749984741211,68.05000305175781,69.0250015258789,116862400,67.32006072998047
AAPL,2020-04-23,68.967498779296875,70.4375,68.717498779296875,68.75749969482422,124814400,67.059173583984375
AAPL,2020-04-24,69.30000305175781,70.75250244140625,69.25,70.74250030517578,126161200,68.99513244628906
AAPL,2020-04-27,70.44999694824219,71.13500213623047,69.98750305175781,70.7925033569336,117087600,69.04390716552734
AAPL,2020-04-28,71.2699966430664,71.4574966430664,69.55000305175781,69.6449966430664,112004800,67.92472839355469
AAPL,2020-04-29,71.18250274658203,72.4175033569336,70.972503662109375,71.93250274658203,137280800,70.1557388305664
AAPL,2020-04-30,72.48999786376953,73.63249969482422,72.0875015258789,73.44999694824219,183064000,71.635772705078125
AAPL,2020-05-01,71.5625,74.75,71.4625015258789,72.26750183105469,240616800,70.48248291015625
AAPL,2020-05-04,72.2925033569336,73.42250061035156,71.58000183105469,73.29000091552734,133568000,71.4797134399414
AAPL,2020-05-05,73.76499938964844,75.25,73.61499786376953,74.38999938964844,147751200,72.55253601074219
AAPL,2020-05-06,75.11499786376953,75.80999755859375,74.717498779296875,75.157501220703125,142333600,73.30107879638672
AAPL,2020-05-07,75.80500030517578,76.2925033569336,75.49250030517578,75.93499755859375,115215200,74.05936431884766
AAPL,2020-05-08,76.410003662109375,77.5875015258789,76.07250213623047,77.532501220703125,133838400,75.822113037109375
AAPL,2020-05-11,77.0250015258789,79.26249694824219,76.80999755859375,78.75250244140625,145946400,77.01520538330078
AAPL,2020-05-12,79.4574966430664,79.92250061035156,77.72750091552734,77.85250091552734,162301200,76.13504791259766
AAPL,2020-05-13,78.0374984741211,78.98750305175781,75.80249786376953,76.9124984741211,200622400,75.215789794921875
AAPL,2020-05-14,76.12750244140625,77.44750213623047,75.38249969482422,77.38500213623047,158929200,75.677886962890625
AAPL,2020-05-15,75.0875015258789,76.9749984741211,75.05249786376953,76.92749786376953,166348400,75.23046112060547
AAPL,2020-05-18,78.2925033569336,79.125,77.58000183105469,78.73999786376953,135178400,77.002960205078125
AAPL,2020-05-19,78.75749969482422,79.62999725341797,78.25250244140625,78.285003662109375,101729600,76.55802154541016
AAPL,2020-05-20,79.16999816894531,79.87999725341797,79.12999725341797,79.80750274658203,111504800,78.04692077636719
AAPL,2020-05-21,79.66500091552734,80.222503662109375,78.967498779296875,79.2125015258789,102688800,77.465057373046875
AAPL,2020-05-22,78.94249725341797,79.80750274658203,78.8375015258789,79.722503662109375,81803200,77.96380615234375
AAPL,2020-05-26,80.875,81.05999755859375,79.125,79.18250274658203,125522000,77.43572998046875
AAPL,2020-05-27,79.035003662109375,79.67749786376953,78.27249908447266,79.527496337890625,112945200,77.7730941772461
AAPL,2020-05-28,79.19249725341797,80.86000061035156,78.907501220703125,79.5625,133560800,77.807342529296875
AAPL,2020-05-29,79.8125,80.2874984741211,79.11750030517578,79.48500061035156,153532400,77.731536865234375
AAPL,2020-06-01,79.4375,80.5875015258789,79.30249786376953,80.4625015258789,80791200,78.68748474121094
AAPL,2020-06-02,80.1875,80.86000061035156,79.73249816894531,80.83499908447266,87642800,79.0517578125
AAPL,2020-06-03,81.16500091552734,81.55000305175781,80.57499694824219,81.279998779296875,104491200,79.48695373535156
AAPL,2020-06-04,81.097503662109375,81.404998779296875,80.19499969482422,80.58000183105469,87560400,78.802398681640625
AAPL,2020-06-05,80.8375015258789,82.9375,80.80750274658203,82.875,137250400,81.04676055908203
AAPL,2020-06-08,82.5625,83.4000015258789,81.83000183105469,83.36499786376953,95654400,81.52593994140625
AAPL,2020-06-09,83.035003662109375,86.402496337890625,83.00250244140625,85.99749755859375,147712400,84.10037994384766
AAPL,2020-06-10,86.9749984741211,88.69249725341797,86.52249908447266,88.20999908447266,166651600,86.264068603515625
AAPL,2020-06-11,87.32749938964844,87.76499938964844,83.87000274658203,83.9749984741211,201662400,82.12248992919922
AAPL,2020-06-12,86.18000030517578,86.94999694824219,83.55500030517578,84.69999694824219,200146000,82.83148956298828
AAPL,2020-06-15,83.3125,86.41999816894531,83.1449966430664,85.74749755859375,138808800,83.85588836669922
AAPL,2020-06-16,87.86499786376953,88.30000305175781,86.18000030517578,88.0199966430664,165428800,86.07826232910156
AAPL,2020-06-17,88.7874984741211,88.8499984741211,87.77249908447266,87.89749908447266,114406400,85.95845031738281
AAPL,2020-06-18,87.85250091552734,88.36250305175781,87.30500030517578,87.93250274658203,96820400,85.9926986694336
AAPL,2020-06-19,88.660003662109375,89.13999938964844,86.2874984741211,87.43000030517578,264476000,85.50127410888672
AAPL,2020-06-22,87.83499908447266,89.86499786376953,87.7874984741211,89.717498779296875,135445200,87.73831939697266
AAPL,2020-06-23,91,93.095001220703125,90.56749725341797,91.63249969482422,212155600,89.61106872558594
AAPL,2020-06-24,91.25,92.19750213623047,89.62999725341797,90.01499938964844,192623200,88.02924346923828
AAPL,2020-06-25,90.17500305175781,91.25,89.39250183105469,91.20999908447266,137522400,89.19786834716797
AAPL,2020-06-26,91.10250091552734,91.33000183105469,88.25499725341797,88.407501220703125,205256800,86.45720672607422
AAPL,2020-06-29,88.3125,90.5425033569336,87.81999969482422,90.44499969482422,130646000,88.44976043701172
AAPL,2020-06-30,90.0199966430664,91.49500274658203,90,91.19999694824219,140223200,89.188079833984375
AAPL,2020-07-01,91.279998779296875,91.839996337890625,90.97750091552734,91.027496337890625,110737200,89.01941680908203
AAPL,2020-07-02,91.9625015258789,92.61750030517578,90.910003662109375,91.027496337890625,114041600,89.01941680908203
AAPL,2020-07-06,92.5,93.94499969482422,92.467498779296875,93.4625015258789,118655600,91.40068817138672
AAPL,2020-07-07,93.85250091552734,94.654998779296875,93.05750274658203,93.17250061035156,112424400,91.11710357666016
AAPL,2020-07-08,94.18000030517578,95.375,94.089996337890625,95.342498779296875,117092000,93.23921203613281
AAPL,2020-07-09,96.26249694824219,96.31749725341797,94.67250061035156,95.75250244140625,125642800,93.640167236328125
AAPL,2020-07-10,95.33499908447266,95.9800033569336,94.70500183105469,95.91999816894531,90257200,93.80399322509766
AAPL,2020-07-13,97.26499938964844,99.95500183105469,95.25749969482422,95.47750091552734,191649200,93.37125396728516
AAPL,2020-07-14,94.839996337890625,97.25499725341797,93.87750244140625,97.05750274658203,170989200,94.91639709472656
AAPL,2020-07-15,98.98999786376953,99.24749755859375,96.48999786376953,97.7249984741211,153198000,95.56914520263672
AAPL,2020-07-16,96.5625,97.404998779296875,95.904998779296875,96.52249908447266,110577600,94.39319610595703
AAPL,2020-07-17,96.98750305175781,97.14749908447266,95.839996337890625,96.32749938964844,92186800,94.20249938964844
AAPL,2020-07-20,96.4175033569336,98.5,96.0625,98.35749816894531,90318000,96.1877212524414
AAPL,2020-07-21,99.17250061035156,99.25,96.74250030517578,97,103433200,94.860137939453125
AAPL,2020-07-22,96.69249725341797,97.9749984741211,96.60250091552734,97.27249908447266,89001600,95.12664031982422
AAPL,2020-07-23,96.99749755859375,97.07749938964844,92.01000213623047,92.845001220703125,197004400,90.79681396484375
AAPL,2020-07-24,90.98750305175781,92.970001220703125,89.1449966430664,92.61499786376953,185438800,90.5718994140625
AAPL,2020-07-27,93.70999908447266,94.904998779296875,93.4800033569336,94.80999755859375,121214000,92.7184829711914
AAPL,2020-07-28,94.36750030517578,94.55000305175781,93.24749755859375,93.25250244140625,103625600,91.195343017578125
AAPL,2020-07-29,93.75,95.2300033569336,93.7125015258789,95.04000091552734,90329200,92.9433822631836
AAPL,2020-07-30,94.1875,96.29750061035156,93.76750183105469,96.19000244140625,158130000,94.06803131103516
AAPL,2020-07-31,102.88500213623047,106.41500091552734,100.82499694824219,106.26000213623047,374336800,103.91588592529297
AAPL,2020-08-03,108.19999694824219,111.63749694824219,107.89250183105469,108.9375,308151200,106.5343017578125
AAPL,2020-08-04,109.13249969482422,110.79000091552734,108.38749694824219,109.66500091552734,173071600,107.24576568603516
AAPL,2020-08-05,109.37750244140625,110.39250183105469,108.89749908447266,110.0625,121776800,107.63450622558594
AAPL,2020-08-06,110.40499877929688,114.4124984741211,109.79750061035156,113.90249633789062,202428800,111.38978576660156
AAPL,2020-08-07,113.20500183105469,113.67500305175781,110.2925033569336,111.11250305175781,198045600,108.85726165771484
AAPL,2020-08-10,112.5999984741211,113.7750015258789,110,112.72750091552734,212403600,110.4394760131836
AAPL,2020-08-11,111.97000122070312,112.48249816894531,109.10749816894531,109.375,187902400,107.15502166748047
AAPL,2020-08-12,110.49749755859375,113.2750015258789,110.29750061035156,113.01000213623047,165598000,110.71622467041016
AAPL,2020-08-13,114.43000030517578,116.0425033569336,113.92749786376953,115.01000213623047,210082000,112.67565155029297
AAPL,2020-08-14,114.83000183105469,115,113.04499816894531,114.90750122070312,165565200,112.57522583007812
AAPL,2020-08-17,116.0625,116.0875015258789,113.9625015258789,114.60749816894531,119561600,112.28130340576172
AAPL,2020-08-18,114.35250091552734,116,114.00749969482422,115.5625,105633600,113.21692657470703
AAPL,2020-08-19,115.98249816894531,117.1624984741211,115.61000061035156,115.7074966430664,145538000,113.35897827148438
AAPL,2020-08-20,115.75,118.39250183105469,115.73249816894531,118.2750015258789,126907200,115.8743667602539
AAPL,2020-08-21,119.26249694824219,124.86750030517578,119.25,124.37000274658203,338054800,121.84567260742188
AAPL,2020-08-24,128.69749450683594,128.78500366210938,123.9375,125.85749816894531,345937600,123.30298614501953
AAPL,2020-08-25,124.69750213623047,125.18000030517578,123.05249786376953,124.82499694824219,211495600,122.29142761230469
AAPL,2020-08-26,126.18000030517578,126.99250030517578,125.0824966430664,126.52249908447266,163022400,123.95447540283203
AAPL,2020-08-27,127.14250183105469,127.48500061035156,123.8324966430664,125.01000213623047,155552400,122.47268676757812
AAPL,2020-08-28,126.01249694824219,126.44249725341797,124.57749938964844,124.80750274658203,187630000,122.2742919921875
AAPL,2020-08-31,127.58000183105469,131,126,129.0399932861328,225702700,126.42086029052734
AAPL,2020-09-01,132.75999450683594,134.8000030517578,130.52999877929688,134.17999267578125,151948100,131.45655822753906
AAPL,2020-09-02,137.58999633789062,137.97999572753906,127,131.39999389648438,200119000,128.73292541503906
AAPL,2020-09-03,126.91000366210938,128.83999633789062,120.5,120.87999725341797,257599600,118.42649841308594
AAPL,2020-09-04,120.06999969482422,123.69999694824219,110.88999938964844,120.95999908447266,332607200,118.50487518310547
AAPL,2020-09-08,113.94999694824219,118.98999786376953,112.68000030517578,112.81999969482422,231366600,110.53009796142578
AAPL,2020-09-09,117.26000213623047,119.13999938964844,115.26000213623047,117.31999969482422,176940500,114.93875885009766
AAPL,2020-09-10,120.36000061035156,120.5,112.5,113.48999786376953,182274400,111.18649291992188
AAPL,2020-09-11,114.56999969482422,115.2300033569336,110,112,180860300,109.72673034667969
AAPL,2020-09-14,114.72000122070312,115.93000030517578,112.80000305175781,115.36000061035156,140150100,113.01852416992188
AAPL,2020-09-15,118.33000183105469,118.83000183105469,113.61000061035156,115.54000091552734,184642000,113.19487762451172
AAPL,2020-09-16,115.2300033569336,116,112.04000091552734,112.12999725341797,154679000,109.8541030883789
AAPL,2020-09-17,109.72000122070312,112.19999694824219,108.70999908447266,110.33999633789062,178011000,108.10041809082031
AAPL,2020-09-18,110.4000015258789,110.87999725341797,106.08999633789062,106.83999633789062,287104900,104.67146301269531
AAPL,2020-09-21,104.54000091552734,110.19000244140625,103.0999984741211,110.08000183105469,195713800,107.84571075439453
AAPL,2020-09-22,112.68000030517578,112.86000061035156,109.16000366210938,111.80999755859375,183055400,109.54060363769531
AAPL,2020-09-23,111.62000274658203,112.11000061035156,106.7699966430664,107.12000274658203,150718700,104.94579315185547
AAPL,2020-09-24,105.16999816894531,110.25,105,108.22000122070312,167743300,106.0234603881836
AAPL,2020-09-25,108.43000030517578,112.44000244140625,107.66999816894531,112.27999877929688,149981400,110.00106811523438
AAPL,2020-09-28,115.01000213623047,115.31999969482422,112.77999877929688,114.95999908447266,137672400,112.62667083740234
AAPL,2020-09-29,114.55000305175781,115.30999755859375,113.56999969482422,114.08999633789062,99382200,111.7743148803711
AAPL,2020-09-30,113.79000091552734,117.26000213623047,113.62000274658203,115.80999755859375,142675200,113.45941162109375
AAPL,2020-10-01,117.63999938964844,117.72000122070312,115.83000183105469,116.79000091552734,116120400,114.41950225830078
AAPL,2020-10-02,112.88999938964844,115.37000274658203,112.22000122070312,113.0199966430664,144712000,110.72602844238281
AAPL,2020-10-05,113.91000366210938,116.6500015258789,113.55000305175781,116.5,106243800,114.13540649414062
AAPL,2020-10-06,115.69999694824219,116.12000274658203,112.25,113.16000366210938,161498200,110.86320495605469
AAPL,2020-10-07,114.62000274658203,115.55000305175781,114.12999725341797,115.08000183105469,96849000,112.74422454833984
AAPL,2020-10-08,116.25,116.4000015258789,114.58999633789062,114.97000122070312,83477200,112.63645935058594
AAPL,2020-10-09,115.27999877929688,117,114.91999816894531,116.97000122070312,100506900,114.59587097167969
AAPL,2020-10-12,120.05999755859375,125.18000030517578,119.27999877929688,124.4000015258789,240226800,121.87505340576172
AAPL,2020-10-13,125.2699966430664,125.38999938964844,119.6500015258789,121.0999984741211,262330500,118.64202880859375
AAPL,2020-10-14,121,123.02999877929688,119.62000274658203,121.19000244140625,150712000,118.73020935058594
AAPL,2020-10-15,118.72000122070312,121.19999694824219,118.1500015258789,120.70999908447266,112559200,118.25995635986328
AAPL,2020-10-16,121.27999877929688,121.55000305175781,118.80999755859375,119.0199966430664,115393800,116.604248046875
AAPL,2020-10-19,119.95999908447266,120.41999816894531,115.66000366210938,115.9800033569336,120639300,113.62596893310547
AAPL,2020-10-20,116.19999694824219,118.9800033569336,115.62999725341797,117.51000213623047,124423700,115.1249008178711
AAPL,2020-10-21,116.66999816894531,118.70999908447266,116.44999694824219,116.87000274658203,89946000,114.4979019165039
AAPL,2020-10-22,117.44999694824219,118.04000091552734,114.58999633789062,115.75,101988000,113.40061950683594
AAPL,2020-10-23,116.38999938964844,116.55000305175781,114.27999877929688,115.04000091552734,82572600,112.70503234863281
AAPL,2020-10-26,114.01000213623047,116.55000305175781,112.87999725341797,115.05000305175781,111850700,112.71485137939453
AAPL,2020-10-27,115.48999786376953,117.27999877929688,114.54000091552734,116.5999984741211,92276800,114.2333755493164
AAPL,2020-10-28,115.05000305175781,115.43000030517578,111.0999984741211,111.19999694824219,143937800,108.94298553466797
AAPL,2020-10-29,112.37000274658203,116.93000030517578,112.19999694824219,115.31999969482422,146129200,112.9793472290039
AAPL,2020-10-30,111.05999755859375,111.98999786376953,107.72000122070312,108.86000061035156,190272600,106.65048217773438
AAPL,2020-11-02,109.11000061035156,110.68000030517578,107.31999969482422,108.7699966430664,122866900,106.56228637695312
AAPL,2020-11-03,109.66000366210938,111.48999786376953,108.7300033569336,110.44000244140625,107624400,108.19841003417969
AAPL,2020-11-04,114.13999938964844,115.58999633789062,112.3499984741211,114.94999694824219,138235500,112.61685180664062
AAPL,2020-11-05,117.94999694824219,119.62000274658203,116.87000274658203,119.02999877929688,126387100,116.61405181884766
AAPL,2020-11-06,118.31999969482422,119.19999694824219,116.12999725341797,118.69000244140625,114457900,116.48157501220703
AAPL,2020-11-09,120.5,121.98999786376953,116.05000305175781,116.31999969482422,154515300,114.15567016601562
AAPL,2020-11-10,115.55000305175781,117.58999633789062,114.12999725341797,115.97000122070312,138023400,113.81217956542969
AAPL,2020-11-11,117.19000244140625,119.62999725341797,116.44000244140625,119.48999786376953,112295000,117.26667785644531
AAPL,2020-11-12,119.62000274658203,120.52999877929688,118.56999969482422,119.20999908447266,103162300,116.99187469482422
AAPL,2020-11-13,119.44000244140625,119.66999816894531,117.87000274658203,119.26000213623047,81581900,117.04096984863281
AAPL,2020-11-16,118.91999816894531,120.98999786376953,118.1500015258789,120.30000305175781,91183000,118.06160736083984
AAPL,2020-11-17,119.55000305175781,120.66999816894531,118.95999908447266,119.38999938964844,74271000,117.16852569580078
AAPL,2020-11-18,118.61000061035156,119.81999969482422,118,118.02999877929688,76322100,115.8338394165039
AAPL,2020-11-19,117.58999633789062,119.05999755859375,116.80999755859375,118.63999938964844,74113000,116.43248748779297
AAPL,2020-11-20,118.63999938964844,118.7699966430664,117.29000091552734,117.33999633789062,73604300,115.15667724609375
AAPL,2020-11-23,117.18000030517578,117.62000274658203,113.75,113.8499984741211,127959300,111.73162841796875
AAPL,2020-11-24,113.91000366210938,115.8499984741211,112.58999633789062,115.16999816894531,113874200,113.02706909179688
AAPL,2020-11-25,115.55000305175781,116.75,115.16999816894531,116.02999877929688,76499200,113.87105560302734
AAPL,2020-11-27,116.56999969482422,117.48999786376953,116.22000122070312,116.58999633789062,46691300,114.4206314086914
AAPL,2020-11-30,116.97000122070312,120.97000122070312,116.80999755859375,119.05000305175781,169410200,116.83486938476562
AAPL,2020-12-01,121.01000213623047,123.47000122070312,120.01000213623047,122.72000122070312,127728200,120.43658447265625
AAPL,2020-12-02,122.0199966430664,123.37000274658203,120.88999938964844,123.08000183105469,89004200,120.78987884521484
AAPL,2020-12-03,123.5199966430664,123.77999877929688,122.20999908447266,122.94000244140625,78967600,120.65247344970703
AAPL,2020-12-04,122.5999984741211,122.86000061035156,121.5199966430664,122.25,78260400,119.97532653808594
AAPL,2020-12-07,122.30999755859375,124.56999969482422,122.25,123.75,86712000,121.44742584228516
AAPL,2020-12-08,124.37000274658203,124.9800033569336,123.08999633789062,124.37999725341797,82225500,122.06570434570312
AAPL,2020-12-09,124.52999877929688,125.94999694824219,121,121.77999877929688,115089200,119.51406860351562
AAPL,2020-12-10,120.5,123.87000274658203,120.1500015258789,123.23999786376953,81312200,120.94691467285156
AAPL,2020-12-11,122.43000030517578,122.76000213623047,120.55000305175781,122.41000366210938,86939800,120.13235473632812
AAPL,2020-12-14,122.5999984741211,123.3499984741211,121.54000091552734,121.77999877929688,79184500,119.51406860351562
AAPL,2020-12-15,124.33999633789062,127.9000015258789,124.12999725341797,127.87999725341797,157243700,125.50056457519531
AAPL,2020-12-16,127.41000366210938,128.3699951171875,126.55999755859375,127.80999755859375,98208600,125.43187713623047
AAPL,2020-12-17,128.89999389648438,129.5800018310547,128.0399932861328,128.6999969482422,94359800,126.3052978515625
AAPL,2020-12-18,128.9600067138672,129.10000610351562,126.12000274658203,126.66000366210938,192541500,124.30327606201172
AAPL,2020-12-21,125.0199966430664,128.30999755859375,123.44999694824219,128.22999572753906,121251600,125.84405517578125
AAPL,2020-12-22,131.61000061035156,134.41000366210938,129.64999389648438,131.8800048828125,168904800,129.4261474609375
AAPL,2020-12-23,132.16000366210938,132.42999267578125,130.77999877929688,130.9600067138672,88223700,128.5232696533203
AAPL,2020-12-24,131.32000732421875,133.4600067138672,131.10000610351562,131.97000122070312,54930100,129.51446533203125
AAPL,2020-12-28,133.99000549316406,137.33999633789062,133.50999450683594,136.69000244140625,124486200,134.1466522216797
AAPL,2020-12-29,138.0500030517578,138.7899932861328,134.33999633789062,134.8699951171875,121047300,132.3605194091797
AAPL,2020-12-30,135.5800018310547,135.99000549316406,133.39999389648438,133.72000122070312,96452100,131.23190307617188
AAPL,2020-12-31,134.0800018310547,134.74000549316406,131.72000122070312,132.69000244140625,99116600,130.2210693359375
AAPL,2021-01-04,133.52000427246094,133.61000061035156,126.76000213623047,129.41000366210938,143301900,127.00210571289062
AAPL,2021-01-05,128.88999938964844,131.74000549316406,128.42999267578125,131.00999450683594,97664900,128.57235717773438
AAPL,2021-01-06,127.72000122070312,131.0500030517578,126.37999725341797,126.5999984741211,155088000,124.244384765625
AAPL,2021-01-07,128.36000061035156,131.6300048828125,127.86000061035156,130.9199981689453,109578200,128.4840087890625
AAPL,2021-01-08,132.42999267578125,132.6300048828125,130.22999572753906,132.0500030517578,105158200,129.5929718017578
AAPL,2021-01-11,129.19000244140625,130.1699981689453,128.5,128.97999572753906,100384500,126.5801010131836
AAPL,2021-01-12,128.5,129.69000244140625,126.86000061035156,128.8000030517578,91951100,126.40345001220703
AAPL,2021-01-13,128.75999450683594,131.4499969482422,128.49000549316406,130.88999938964844,88636800,128.4545440673828
AAPL,2021-01-14,130.8000030517578,131,128.75999450683594,128.91000366210938,90221800,126.51142120361328
AAPL,2021-01-15,128.77999877929688,130.22000122070312,127,127.13999938964844,111598500,124.77433776855469
AAPL,2021-01-19,127.77999877929688,128.7100067138672,126.94000244140625,127.83000183105469,90757300,125.45149993896484
AAPL,2021-01-20,128.66000366210938,132.49000549316406,128.5500030517578,132.02999877929688,104319500,129.57333374023438
AAPL,2021-01-21,133.8000030517578,139.6699981689453,133.58999633789062,136.8699951171875,120150900,134.3232879638672
AAPL,2021-01-22,136.27999877929688,139.85000610351562,135.02000427246094,139.07000732421875,114459400,136.48236083984375
AAPL,2021-01-25,143.07000732421875,145.08999633789062,136.5399932861328,142.9199981689453,157611700,140.26071166992188
AAPL,2021-01-26,143.60000610351562,144.3000030517578,141.3699951171875,143.16000366210938,98390600,140.4962615966797
AAPL,2021-01-27,143.42999267578125,144.3000030517578,140.41000366210938,142.05999755859375,140843800,139.41671752929688
AAPL,2021-01-28,139.52000427246094,141.99000549316406,136.6999969482422,137.08999633789062,142621100,134.53921508789062
AAPL,2021-01-29,135.8300018310547,136.74000549316406,130.2100067138672,131.9600067138672,177523800,129.50466918945312
AAPL,2021-02-01,133.75,135.3800048828125,130.92999267578125,134.13999938964844,106239800,131.6440887451172
AAPL,2021-02-02,135.72999572753906,136.30999755859375,134.61000061035156,134.99000549316406,83305400,132.47828674316406
AAPL,2021-02-03,135.75999450683594,135.77000427246094,133.61000061035156,133.94000244140625,89880900,131.4478302001953
AAPL,2021-02-04,136.3000030517578,137.39999389648438,134.58999633789062,137.38999938964844,84183100,134.83363342285156
AAPL,2021-02-05,137.35000610351562,137.4199981689453,135.86000061035156,136.75999450683594,75693800,134.41590881347656
AAPL,2021-02-08,136.02999877929688,136.9600067138672,134.9199981689453,136.91000366210938,71297200,134.5633544921875
AAPL,2021-02-09,136.6199951171875,137.8800048828125,135.85000610351562,136.00999450683594,76774200,133.67877197265625
AAPL,2021-02-10,136.47999572753906,136.99000549316406,134.39999389648438,135.38999938964844,73046600,133.06936645507812
AAPL,2021-02-11,135.89999389648438,136.38999938964844,133.77000427246094,135.1300048828125,64280000,132.81385803222656
AAPL,2021-02-12,134.35000610351562,135.52999877929688,133.69000244140625,135.3699951171875,60145100,133.04969787597656
AAPL,2021-02-16,135.49000549316406,136.00999450683594,132.7899932861328,133.19000244140625,80576300,130.90708923339844
AAPL,2021-02-17,131.25,132.22000122070312,129.47000122070312,130.83999633789062,97918500,128.5973663330078
AAPL,2021-02-18,129.1999969482422,130,127.41000366210938,129.7100067138672,96856700,127.48674774169922
AAPL,2021-02-19,130.24000549316406,130.7100067138672,128.8000030517578,129.8699951171875,87668800,127.64399719238281
AAPL,2021-02-22,128.00999450683594,129.72000122070312,125.5999984741211,126,103916400,123.84033203125
AAPL,2021-02-23,123.76000213623047,126.70999908447266,118.38999938964844,125.86000061035156,158273000,123.70272064208984
AAPL,2021-02-24,124.94000244140625,125.55999755859375,122.2300033569336,125.3499984741211,111039900,123.20146942138672
AAPL,2021-02-25,124.68000030517578,126.45999908447266,120.54000091552734,120.98999786376953,148199500,118.91619110107422
AAPL,2021-02-26,122.58999633789062,124.8499984741211,121.19999694824219,121.26000213623047,164560400,119.18156433105469
AAPL,2021-03-01,123.75,127.93000030517578,122.79000091552734,127.79000091552734,116307900,125.59963989257812
AAPL,2021-03-02,128.41000366210938,128.72000122070312,125.01000213623047,125.12000274658203,102260900,122.97539520263672
AAPL,2021-03-03,124.80999755859375,125.70999908447266,121.83999633789062,122.05999755859375,112966300,119.96784973144531
AAPL,2021-03-04,121.75,123.5999984741211,118.62000274658203,120.12999725341797,178155000,118.07093048095703
AAPL,2021-03-05,120.9800033569336,121.94000244140625,117.56999969482422,121.41999816894531,153766600,119.33882904052734
AAPL,2021-03-08,120.93000030517578,121,116.20999908447266,116.36000061035156,154376600,114.36555480957031
AAPL,2021-03-09,119.02999877929688,122.05999755859375,118.79000091552734,121.08999633789062,129525800,119.01448059082031
AAPL,2021-03-10,121.69000244140625,122.16999816894531,119.44999694824219,119.9800033569336,111943300,117.92350769042969
AAPL,2021-03-11,122.54000091552734,123.20999908447266,121.26000213623047,121.95999908447266,103026500,119.86958312988281
AAPL,2021-03-12,120.4000015258789,121.16999816894531,119.16000366210938,121.02999877929688,88105100,118.95550537109375
AAPL,2021-03-15,121.41000366210938,124,120.41999816894531,123.98999786376953,92403800,121.86478424072266
AAPL,2021-03-16,125.69999694824219,127.22000122070312,124.72000122070312,125.56999969482422,115227900,123.4177017211914
AAPL,2021-03-17,124.05000305175781,125.86000061035156,122.33999633789062,124.76000213623047,111932600,122.62159729003906
AAPL,2021-03-18,122.87999725341797,123.18000030517578,120.31999969482422,120.52999877929688,121229700,118.46407318115234
AAPL,2021-03-19,119.9000015258789,121.43000030517578,119.68000030517578,119.98999786376953,185549500,117.93334197998047
AAPL,2021-03-22,120.33000183105469,123.87000274658203,120.26000213623047,123.38999938964844,111912300,121.27507781982422
AAPL,2021-03-23,123.33000183105469,124.23999786376953,122.13999938964844,122.54000091552734,95467100,120.43962860107422
AAPL,2021-03-24,122.81999969482422,122.9000015258789,120.06999969482422,120.08999633789062,88530500,118.03162384033203
AAPL,2021-03-25,119.54000091552734,121.66000366210938,119,120.58999633789062,98844700,118.52305603027344
AAPL,2021-03-26,120.3499984741211,121.4800033569336,118.91999816894531,121.20999908447266,94071200,119.13243103027344
AAPL,2021-03-29,121.6500015258789,122.58000183105469,120.7300033569336,121.38999938964844,80819200,119.3093490600586
AAPL,2021-03-30,120.11000061035156,120.4000015258789,118.86000061035156,119.9000015258789,85671900,117.84487915039062
AAPL,2021-03-31,121.6500015258789,123.5199966430664,121.1500015258789,122.1500015258789,118323800,120.05631256103516
AAPL,2021-04-01,123.66000366210938,124.18000030517578,122.48999786376953,123,75089100,120.89175415039062
AAPL,2021-04-05,123.87000274658203,126.16000366210938,123.06999969482422,125.9000015258789,88651200,123.7420425415039
AAPL,2021-04-06,126.5,127.12999725341797,125.6500015258789,126.20999908447266,80171300,124.04672241210938
AAPL,2021-04-07,125.83000183105469,127.91999816894531,125.13999938964844,127.9000015258789,83466700,125.70777130126953
AAPL,2021-04-08,128.9499969482422,130.38999938964844,128.52000427246094,130.36000061035156,88844600,128.1256103515625
AAPL,2021-04-09,129.8000030517578,133.0399932861328,129.47000122070312,133,106686700,130.72035217285156
AAPL,2021-04-12,132.52000427246094,132.85000610351562,130.6300048828125,131.24000549316406,91420000,128.9905242919922
AAPL,2021-04-13,132.44000244140625,134.66000366210938,131.92999267578125,134.42999267578125,91266500,132.1258544921875
AAPL,2021-04-14,134.94000244140625,135,131.66000366210938,132.02999877929688,87222800,129.76693725585938
AAPL,2021-04-15,133.82000732421875,135,133.63999938964844,134.5,89347100,132.19464111328125
AAPL,2021-04-16,134.3000030517578,134.6699981689453,133.27999877929688,134.16000366210938,84922400,131.86045837402344
AAPL,2021-04-19,133.50999450683594,135.47000122070312,133.33999633789062,134.83999633789062,94264200,132.52883911132812
AAPL,2021-04-20,135.02000427246094,135.52999877929688,131.80999755859375,133.11000061035156,94812300,130.8284454345703
AAPL,2021-04-21,132.36000061035156,133.75,131.3000030517578,133.5,68847100,131.21176147460938
AAPL,2021-04-22,133.0399932861328,134.14999389648438,131.41000366210938,131.94000244140625,84566500,129.67849731445312
AAPL,2021-04-23,132.16000366210938,135.1199951171875,132.16000366210938,134.32000732421875,78657500,132.01773071289062
AAPL,2021-04-26,134.8300018310547,135.05999755859375,133.55999755859375,134.72000122070312,66905100,132.410888671875
AAPL,2021-04-27,135.00999450683594,135.41000366210938,134.11000061035156,134.38999938964844,66015800,132.08656311035156
AAPL,2021-04-28,134.30999755859375,135.02000427246094,133.0800018310547,133.5800018310547,107760100,131.2904052734375
AAPL,2021-04-29,136.47000122070312,137.07000732421875,132.4499969482422,133.47999572753906,151101000,131.19212341308594
AAPL,2021-04-30,131.77999877929688,133.55999755859375,131.07000732421875,131.4600067138672,109839500,129.20675659179688
AAPL,2021-05-03,132.0399932861328,134.07000732421875,131.8300018310547,132.5399932861328,75135100,130.26821899414062
AAPL,2021-05-04,131.19000244140625,131.49000549316406,126.69999694824219,127.8499984741211,137564700,125.65862274169922
AAPL,2021-05-05,129.1999969482422,130.4499969482422,127.97000122070312,128.10000610351562,84000900,125.90434265136719
AAPL,2021-05-06,127.88999938964844,129.75,127.12999725341797,129.74000549316406,78128300,127.5162353515625
AAPL,2021-05-07,130.85000610351562,131.25999450683594,129.47999572753906,130.2100067138672,78973300,128.195556640625
AAPL,2021-05-10,129.41000366210938,129.5399932861328,126.80999755859375,126.8499984741211,88071200,124.88753509521484
AAPL,2021-05-11,123.5,126.2699966430664,122.7699966430664,125.91000366210938,126142800,123.96208190917969
AAPL,2021-05-12,123.4000015258789,124.63999938964844,122.25,122.7699966430664,112172300,120.87064361572266
AAPL,2021-05-13,124.58000183105469,126.1500015258789,124.26000213623047,124.97000122070312,105861300,123.03662109375
AAPL,2021-05-14,126.25,127.88999938964844,125.8499984741211,127.44999694824219,81918000,125.4782485961914
AAPL,2021-05-17,126.81999969482422,126.93000030517578,125.16999816894531,126.2699966430664,74244600,124.3165054321289
AAPL,2021-05-18,126.55999755859375,126.98999786376953,124.77999877929688,124.8499984741211,63342900,122.91847229003906
AAPL,2021-05-19,123.16000366210938,124.91999816894531,122.86000061035156,124.69000244140625,92612000,122.76094818115234
AAPL,2021-05-20,125.2300033569336,127.72000122070312,125.0999984741211,127.30999755859375,76857100,125.3404312133789
AAPL,2021-05-21,127.81999969482422,128,125.20999908447266,125.43000030517578,79295400,123.48949432373047
AAPL,2021-05-24,126.01000213623047,127.94000244140625,125.94000244140625,127.0999984741211,63092900,125.13365936279297
AAPL,2021-05-25,127.81999969482422,128.32000732421875,126.31999969482422,126.9000015258789,72009500,124.93675231933594
AAPL,2021-05-26,126.95999908447266,127.38999938964844,126.41999816894531,126.8499984741211,56575900,124.88753509521484
AAPL,2021-05-27,126.44000244140625,127.63999938964844,125.08000183105469,125.27999877929688,94625600,123.34181213378906
AAPL,2021-05-28,125.56999969482422,125.80000305175781,124.55000305175781,124.61000061035156,71311100,122.68218994140625
AAPL,2021-06-01,125.08000183105469,125.3499984741211,123.94000244140625,124.27999877929688,67637100,122.35729217529297
AAPL,2021-06-02,124.27999877929688,125.23999786376953,124.05000305175781,125.05999755859375,59278900,123.12520599365234
AAPL,2021-06-03,124.68000030517578,124.8499984741211,123.12999725341797,123.54000091552734,76229200,121.62874603271484
AAPL,2021-06-04,124.06999969482422,126.16000366210938,123.8499984741211,125.88999938964844,75169300,123.94237518310547
AAPL,2021-06-07,126.16999816894531,126.31999969482422,124.83000183105469,125.9000015258789,71057600,123.95221710205078
AAPL,2021-06-08,126.5999984741211,128.4600067138672,126.20999908447266,126.73999786376953,74403800,124.77924346923828
AAPL,2021-06-09,127.20999908447266,127.75,126.5199966430664,127.12999725341797,56877900,125.16319274902344
AAPL,2021-06-10,127.0199966430664,128.19000244140625,125.94000244140625,126.11000061035156,71186400,124.15897369384766
AAPL,2021-06-11,126.52999877929688,127.44000244140625,126.0999984741211,127.3499984741211,53522400,125.37979888916016
AAPL,2021-06-14,127.81999969482422,130.5399932861328,127.06999969482422,130.47999572753906,96906500,128.46136474609375
AAPL,2021-06-15,129.94000244140625,130.60000610351562,129.38999938964844,129.63999938964844,62746300,127.6343765258789
AAPL,2021-06-16,130.3699951171875,130.88999938964844,128.4600067138672,130.14999389648438,91815000,128.136474609375
AAPL,2021-06-17,129.8000030517578,132.5500030517578,129.64999389648438,131.7899932861328,96721700,129.75111389160156
AAPL,2021-06-18,130.7100067138672,131.50999450683594,130.24000549316406,130.4600067138672,108953300,128.44171142578125
AAPL,2021-06-21,130.3000030517578,132.41000366210938,129.2100067138672,132.3000030517578,79663300,130.25320434570312
AAPL,2021-06-22,132.1300048828125,134.0800018310547,131.6199951171875,133.97999572753906,74783600,131.9072265625
AAPL,2021-06-23,133.77000427246094,134.32000732421875,133.22999572753906,133.6999969482422,60214200,131.63156127929688
AAPL,2021-06-24,134.4499969482422,134.63999938964844,132.92999267578125,133.41000366210938,68711000,131.34603881835938
AAPL,2021-06-25,133.4600067138672,133.88999938964844,132.80999755859375,133.11000061035156,70783700,131.05067443847656
AAPL,2021-06-28,133.41000366210938,135.25,133.35000610351562,134.77999877929688,62111300,132.69482421875
AAPL,2021-06-29,134.8000030517578,136.49000549316406,134.35000610351562,136.3300018310547,64556100,134.22085571289062
AAPL,2021-06-30,136.1699981689453,137.41000366210938,135.8699951171875,136.9600067138672,63261400,134.84112548828125
AAPL,2021-07-01,136.60000610351562,137.3300018310547,135.75999450683594,137.27000427246094,52485800,135.14634704589844
AAPL,2021-07-02,137.89999389648438,140,137.75,139.9600067138672,78852600,137.79469299316406
AAPL,2021-07-06,140.07000732421875,143.14999389648438,140.07000732421875,142.02000427246094,108181800,139.82284545898438
AAPL,2021-07-07,143.5399932861328,144.88999938964844,142.66000366210938,144.57000732421875,104911600,142.33338928222656
AAPL,2021-07-08,141.5800018310547,144.05999755859375,140.6699981689453,143.24000549316406,105575500,141.0239715576172
AAPL,2021-07-09,142.75,145.64999389648438,142.64999389648438,145.11000061035156,99890800,142.86502075195312
AAPL,2021-07-12,146.2100067138672,146.32000732421875,144,144.5,76299700,142.2644805908203
AAPL,2021-07-13,144.02999877929688,147.4600067138672,143.6300048828125,145.63999938964844,100827100,143.38685607910156
AAPL,2021-07-14,148.10000610351562,149.57000732421875,147.67999267578125,149.14999389648438,127050800,146.84251403808594
AAPL,2021-07-15,149.24000549316406,150,147.08999633789062,148.47999572753906,106820300,146.18289184570312
AAPL,2021-07-16,148.4600067138672,149.75999450683594,145.8800048828125,146.38999938964844,93251400,144.12521362304688
AAPL,2021-07-19,143.75,144.07000732421875,141.6699981689453,142.4499969482422,121434600,140.24618530273438
AAPL,2021-07-20,143.4600067138672,147.10000610351562,142.9600067138672,146.14999389648438,96350000,143.88893127441406
AAPL,2021-07-21,145.52999877929688,146.1300048828125,144.6300048828125,145.39999389648438,74993500,143.1505584716797
AAPL,2021-07-22,145.94000244140625,148.1999969482422,145.80999755859375,146.8000030517578,77338200,144.5289306640625
AAPL,2021-07-23,147.5500030517578,148.72000122070312,146.9199981689453,148.55999755859375,71447400,146.2616424560547
AAPL,2021-07-26,148.27000427246094,149.8300018310547,147.6999969482422,148.99000549316406,72434100,146.68499755859375
AAPL,2021-07-27,149.1199951171875,149.2100067138672,145.5500030517578,146.77000427246094,104818600,144.49935913085938
AAPL,2021-07-28,144.80999755859375,146.97000122070312,142.5399932861328,144.97999572753906,118931200,142.73703002929688
AAPL,2021-07-29,144.69000244140625,146.5500030517578,144.5800018310547,145.63999938964844,56699500,143.38685607910156
AAPL,2021-07-30,144.3800048828125,146.3300018310547,144.11000061035156,145.86000061035156,70440600,143.60342407226562
AAPL,2021-08-02,146.36000061035156,146.9499969482422,145.25,145.52000427246094,62880000,143.2686767578125
AAPL,2021-08-03,145.80999755859375,148.0399932861328,145.17999267578125,147.36000061035156,64786600,145.08021545410156
AAPL,2021-08-04,147.27000427246094,147.7899932861328,146.27999877929688,146.9499969482422,56368300,144.6765594482422
AAPL,2021-08-05,146.97999572753906,147.83999633789062,146.1699981689453,147.05999755859375,46397700,144.7848663330078
AAPL,2021-08-06,146.35000610351562,147.11000061035156,145.6300048828125,146.13999938964844,54126800,144.0946807861328
AAPL,2021-08-09,146.1999969482422,146.6999969482422,145.52000427246094,146.08999633789062,48908700,144.0453643798828
AAPL,2021-08-10,146.44000244140625,147.7100067138672,145.3000030517578,145.60000610351562,69023100,143.5622100830078
AAPL,2021-08-11,146.0500030517578,146.72000122070312,145.52999877929688,145.86000061035156,48493500,143.81857299804688
AAPL,2021-08-12,146.19000244140625,149.0500030517578,145.83999633789062,148.88999938964844,72282600,146.80616760253906
AAPL,2021-08-13,148.97000122070312,149.44000244140625,148.27000427246094,149.10000610351562,59375000,147.0132598876953
AAPL,2021-08-16,148.5399932861328,151.19000244140625,146.47000122070312,151.1199951171875,103296000,149.0049591064453
AAPL,2021-08-17,150.22999572753906,151.67999267578125,149.08999633789062,150.19000244140625,92229700,148.0879669189453
AAPL,2021-08-18,149.8000030517578,150.72000122070312,146.14999389648438,146.36000061035156,86326000,144.31161499023438
AAPL,2021-08-19,145.02999877929688,148,144.5,146.6999969482422,86960300,144.64683532714844
AAPL,2021-08-20,147.44000244140625,148.5,146.77999877929688,148.19000244140625,60549600,146.115966796875
AAPL,2021-08-23,148.30999755859375,150.19000244140625,147.88999938964844,149.7100067138672,60131800,147.61471557617188
AAPL,2021-08-24,149.4499969482422,150.86000061035156,149.14999389648438,149.6199951171875,48606400,147.52593994140625
AAPL,2021-08-25,149.80999755859375,150.32000732421875,147.8000030517578,148.36000061035156,58991300,146.28358459472656
AAPL,2021-08-26,148.35000610351562,149.1199951171875,147.50999450683594,147.5399932861328,48597200,145.47506713867188
AAPL,2021-08-27,147.47999572753906,148.75,146.8300018310547,148.60000610351562,55802400,146.52023315429688
AAPL,2021-08-30,149,153.49000549316406,148.61000061035156,153.1199951171875,90956700,150.97695922851562
AAPL,2021-08-31,152.66000366210938,152.8000030517578,151.2899932861328,151.8300018310547,86453100,149.7050323486328
AAPL,2021-09-01,152.8300018310547,154.97999572753906,152.33999633789062,152.50999450683594,80313700,150.37551879882812
AAPL,2021-09-02,153.8699951171875,154.72000122070312,152.39999389648438,153.64999389648438,71115500,151.4995574951172
AAPL,2021-09-03,153.75999450683594,154.6300048828125,153.08999633789062,154.3000030517578,57808700,152.14044189453125
AAPL,2021-09-07,154.97000122070312,157.25999450683594,154.38999938964844,156.69000244140625,82278300,154.4970245361328
AAPL,2021-09-08,156.97999572753906,157.0399932861328,153.97999572753906,155.11000061035156,74420200,152.93911743164062
AAPL,2021-09-09,155.49000549316406,156.11000061035156,153.9499969482422,154.07000732421875,57305700,151.91368103027344
AAPL,2021-09-10,155,155.47999572753906,148.6999969482422,148.97000122070312,140893200,146.88507080078125
AAPL,2021-09-13,150.6300048828125,151.4199981689453,148.75,149.5500030517578,102404300,147.4569549560547
AAPL,2021-09-14,150.35000610351562,151.07000732421875,146.91000366210938,148.1199951171875,109296300,146.0469512939453
AAPL,2021-09-15,148.55999755859375,149.44000244140625,146.3699951171875,149.02999877929688,83281300,146.94419860839844
AAPL,2021-09-16,148.44000244140625,148.97000122070312,147.22000122070312,148.7899932861328,68034100,146.7075653076172
AAPL,2021-09-17,148.82000732421875,148.82000732421875,145.75999450683594,146.05999755859375,129868800,144.01577758789062
AAPL,2021-09-20,143.8000030517578,144.83999633789062,141.27000427246094,142.94000244140625,123478900,140.93943786621094
AAPL,2021-09-21,143.92999267578125,144.60000610351562,142.77999877929688,143.42999267578125,75834000,141.42259216308594
AAPL,2021-09-22,144.4499969482422,146.42999267578125,143.6999969482422,145.85000610351562,76404300,143.8087158203125
AAPL,2021-09-23,146.64999389648438,147.0800018310547,145.63999938964844,146.8300018310547,64838200,144.77500915527344
AAPL,2021-09-24,145.66000366210938,147.47000122070312,145.55999755859375,146.9199981689453,53477900,144.86373901367188
AAPL,2021-09-27,145.47000122070312,145.9600067138672,143.82000732421875,145.3699951171875,74150700,143.33541870117188
AAPL,2021-09-28,143.25,144.75,141.69000244140625,141.91000366210938,108972300,139.92388916015625
AAPL,2021-09-29,142.47000122070312,144.4499969482422,142.02999877929688,142.8300018310547,74602000,140.8310089111328
AAPL,2021-09-30,143.66000366210938,144.3800048828125,141.27999877929688,141.5,89056700,139.5196075439453
AAPL,2021-10-01,141.89999389648438,142.9199981689453,139.11000061035156,142.64999389648438,94639600,140.65350341796875
AAPL,2021-10-04,141.75999450683594,142.2100067138672,138.27000427246094,139.13999938964844,98322000,137.19265747070312
AAPL,2021-10-05,139.49000549316406,142.24000549316406,139.36000061035156,141.11000061035156,80861100,139.13507080078125
AAPL,2021-10-06,139.47000122070312,142.14999389648438,138.3699951171875,142,83221100,140.01258850097656
AAPL,2021-10-07,143.05999755859375,144.22000122070312,142.72000122070312,143.2899932861328,61732700,141.28456115722656
AAPL,2021-10-08,144.02999877929688,144.17999267578125,142.55999755859375,142.89999389648438,58773200,140.9000244140625
AAPL,2021-10-11,142.27000427246094,144.80999755859375,141.80999755859375,142.80999755859375,64452200,140.81129455566406
AAPL,2021-10-12,143.22999572753906,143.25,141.0399932861328,141.50999450683594,73035900,139.5294952392578
AAPL,2021-10-13,141.24000549316406,141.39999389648438,139.1999969482422,140.91000366210938,78762700,138.9378662109375
AAPL,2021-10-14,142.11000061035156,143.8800048828125,141.50999450683594,143.75999450683594,69907100,141.74795532226562
AAPL,2021-10-15,143.77000427246094,144.89999389648438,143.50999450683594,144.83999633789062,67940300,142.81285095214844
AAPL,2021-10-18,143.4499969482422,146.83999633789062,143.16000366210938,146.5500030517578,85589200,144.49893188476562
AAPL,2021-10-19,147.00999450683594,149.1699981689453,146.5500030517578,148.75999450683594,76378900,146.67799377441406
AAPL,2021-10-20,148.6999969482422,149.75,148.1199951171875,149.25999450683594,58418800,147.17100524902344
AAPL,2021-10-21,148.80999755859375,149.63999938964844,147.8699951171875,149.47999572753906,61421000,147.38792419433594
AAPL,2021-10-22,149.69000244140625,150.17999267578125,148.63999938964844,148.69000244140625,58883400,146.6090087890625
AAPL,2021-10-25,148.67999267578125,149.3699951171875,147.6199951171875,148.63999938964844,50720600,146.55967712402344
AAPL,2021-10-26,149.3300018310547,150.83999633789062,149.00999450683594,149.32000732421875,60893400,147.23016357421875
AAPL,2021-10-27,149.36000061035156,149.72999572753906,148.49000549316406,148.85000610351562,56094900,146.7667236328125
AAPL,2021-10-28,149.82000732421875,153.1699981689453,149.72000122070312,152.57000732421875,100077900,150.4346923828125
AAPL,2021-10-29,147.22000122070312,149.94000244140625,146.41000366210938,149.8000030517578,124953200,147.7034454345703
AAPL,2021-11-01,148.99000549316406,149.6999969482422,147.8000030517578,148.9600067138672,74588300,146.8751983642578
AAPL,2021-11-02,148.66000366210938,151.57000732421875,148.64999389648438,150.02000427246094,69122000,147.92034912109375
AAPL,2021-11-03,150.38999938964844,151.97000122070312,149.82000732421875,151.49000549316406,54511500,149.36976623535156
AAPL,2021-11-04,151.5800018310547,152.42999267578125,150.63999938964844,150.9600067138672,60394600,148.84719848632812
AAPL,2021-11-05,151.88999938964844,152.1999969482422,150.05999755859375,151.27999877929688,65463900,149.3804168701172
AAPL,2021-11-08,151.41000366210938,151.57000732421875,150.16000366210938,150.44000244140625,55020900,148.5509796142578
AAPL,2021-11-09,150.1999969482422,151.42999267578125,150.05999755859375,150.80999755859375,56787900,148.91635131835938
AAPL,2021-11-10,150.02000427246094,150.1300048828125,147.85000610351562,147.9199981689453,65187100,146.0626220703125
AAPL,2021-11-11,148.9600067138672,149.42999267578125,147.67999267578125,147.8699951171875,41000000,146.0132293701172
AAPL,2021-11-12,148.42999267578125,150.39999389648438,147.47999572753906,149.99000549316406,63804000,148.1066131591797
AAPL,2021-11-15,150.3699951171875,151.8800048828125,149.42999267578125,150,59222800,148.1165008544922
AAPL,2021-11-16,149.94000244140625,151.49000549316406,149.33999633789062,151,59256200,149.10394287109375
AAPL,2021-11-17,151,155,150.99000549316406,153.49000549316406,88807000,151.5626678466797
AAPL,2021-11-18,153.7100067138672,158.6699981689453,153.0500030517578,157.8699951171875,137827700,155.88766479492188
AAPL,2021-11-19,157.64999389648438,161.02000427246094,156.52999877929688,160.5500030517578,117305600,158.53404235839844
AAPL,2021-11-22,161.67999267578125,165.6999969482422,161,161.02000427246094,117467900,158.99813842773438
AAPL,2021-11-23,161.1199951171875,161.8000030517578,159.05999755859375,161.41000366210938,96041900,159.38323974609375
AAPL,2021-11-24,160.75,162.13999938964844,159.63999938964844,161.94000244140625,69463600,159.90655517578125
AAPL,2021-11-26,159.57000732421875,160.4499969482422,156.36000061035156,156.80999755859375,76959800,154.84095764160156
AAPL,2021-11-29,159.3699951171875,161.19000244140625,158.7899932861328,160.24000549316406,88748200,158.22792053222656
AAPL,2021-11-30,159.99000549316406,165.52000427246094,159.9199981689453,165.3000030517578,174048100,163.22438049316406
AAPL,2021-12-01,167.47999572753906,170.3000030517578,164.52999877929688,164.77000427246094,152052500,162.7010498046875
AAPL,2021-12-02,158.74000549316406,164.1999969482422,157.8000030517578,163.75999450683594,136739200,161.70372009277344
AAPL,2021-12-03,164.02000427246094,164.9600067138672,159.72000122070312,161.83999633789062,118023100,159.8078155517578
AAPL,2021-12-06,164.2899932861328,167.8800048828125,164.27999877929688,165.32000732421875,107497000,163.24412536621094
AAPL,2021-12-07,169.0800018310547,171.5800018310547,168.33999633789062,171.17999267578125,120405400,169.03054809570312
AAPL,2021-12-08,172.1300048828125,175.9600067138672,170.6999969482422,175.0800018310547,116998900,172.881591796875
AAPL,2021-12-09,174.91000366210938,176.75,173.9199981689453,174.55999755859375,108923700,172.3681182861328
AAPL,2021-12-10,175.2100067138672,179.6300048828125,174.69000244140625,179.4499969482422,115402700,177.1967010498047
AAPL,2021-12-13,181.1199951171875,182.1300048828125,175.52999877929688,175.74000549316406,153237000,173.53329467773438
AAPL,2021-12-14,175.25,177.74000549316406,172.2100067138672,174.3300018310547,139380400,172.14100646972656
AAPL,2021-12-15,175.11000061035156,179.5,172.30999755859375,179.3000030517578,131063300,177.04856872558594
AAPL,2021-12-16,179.27999877929688,181.13999938964844,170.75,172.25999450683594,150185800,170.0970001220703
AAPL,2021-12-17,169.92999267578125,173.47000122070312,169.69000244140625,171.13999938964844,195432700,168.9910430908203
AAPL,2021-12-20,168.27999877929688,170.5800018310547,167.4600067138672,169.75,107499100,167.61849975585938
AAPL,2021-12-21,171.55999755859375,173.1999969482422,169.1199951171875,172.99000549316406,91185900,170.81781005859375
AAPL,2021-12-22,173.0399932861328,175.86000061035156,172.14999389648438,175.63999938964844,92135300,173.43453979492188
AAPL,2021-12-23,175.85000610351562,176.85000610351562,175.27000427246094,176.27999877929688,68356600,174.06651306152344
AAPL,2021-12-27,177.08999633789062,180.4199981689453,177.07000732421875,180.3300018310547,74919600,178.065673828125
AAPL,2021-12-28,180.16000366210938,181.3300018310547,178.52999877929688,179.2899932861328,79144300,177.0386962890625
AAPL,2021-12-29,179.3300018310547,180.6300048828125,178.13999938964844,179.3800048828125,62348900,177.12762451171875
AAPL,2021-12-30,179.47000122070312,180.57000732421875,178.08999633789062,178.1999969482422,59773000,175.96240234375
AAPL,2021-12-31,178.08999633789062,179.22999572753906,177.25999450683594,177.57000732421875,64062300,175.34030151367188
AAPL,2022-01-03,177.8300018310547,182.8800048828125,177.7100067138672,182.00999450683594,104487900,179.72454833984375
AAPL,2022-01-04,182.6300048828125,182.94000244140625,179.1199951171875,179.6999969482422,99310400,177.44354248046875
AAPL,2022-01-05,179.61000061035156,180.1699981689453,174.63999938964844,174.9199981689453,94537600,172.7235870361328
AAPL,2022-01-06,172.6999969482422,175.3000030517578,171.63999938964844,172,96904000,169.84024047851562
AAPL,2022-01-07,172.88999938964844,174.13999938964844,171.02999877929688,172.1699981689453,86709100,170.00811767578125
AAPL,2022-01-10,169.0800018310547,172.5,168.1699981689453,172.19000244140625,106765600,170.02784729003906
AAPL,2022-01-11,172.32000732421875,175.17999267578125,170.82000732421875,175.0800018310547,76138300,172.881591796875
AAPL,2022-01-12,176.1199951171875,177.17999267578125,174.82000732421875,175.52999877929688,74805200,173.325927734375
AAPL,2022-01-13,175.77999877929688,176.6199951171875,171.7899932861328,172.19000244140625,84505800,170.02784729003906
AAPL,2022-01-14,171.33999633789062,173.77999877929688,171.08999633789062,173.07000732421875,80440800,170.89683532714844
AAPL,2022-01-18,171.50999450683594,172.5399932861328,169.41000366210938,169.8000030517578,90956700,167.66786193847656
AAPL,2022-01-19,170,171.0800018310547,165.94000244140625,166.22999572753906,94815000,164.14271545410156
AAPL,2022-01-20,166.97999572753906,169.67999267578125,164.17999267578125,164.50999450683594,91420500,162.44430541992188
AAPL,2022-01-21,164.4199981689453,166.3300018310547,162.3000030517578,162.41000366210938,122848900,160.3706817626953
AAPL,2022-01-24,160.02000427246094,162.3000030517578,154.6999969482422,161.6199951171875,162294600,159.59059143066406
AAPL,2022-01-25,158.97999572753906,162.75999450683594,157.02000427246094,159.77999877929688,115798400,157.773681640625
AAPL,2022-01-26,163.5,164.38999938964844,157.82000732421875,159.69000244140625,108275300,157.68484497070312
AAPL,2022-01-27,162.4499969482422,163.83999633789062,158.27999877929688,159.22000122070312,121954600,157.22071838378906
AAPL,2022-01-28,165.7100067138672,170.35000610351562,162.8000030517578,170.3300018310547,179935700,168.19122314453125
AAPL,2022-01-31,170.16000366210938,175,169.50999450683594,174.77999877929688,115541600,172.58535766601562
AAPL,2022-02-01,174.00999450683594,174.83999633789062,172.30999755859375,174.61000061035156,86213900,172.41748046875
AAPL,2022-02-02,174.75,175.8800048828125,173.3300018310547,175.83999633789062,84914300,173.63201904296875
AAPL,2022-02-03,174.47999572753906,176.24000549316406,172.1199951171875,172.89999389648438,89418100,170.72894287109375
AAPL,2022-02-04,171.67999267578125,174.10000610351562,170.67999267578125,172.38999938964844,82465400,170.4422149658203
AAPL,2022-02-07,172.86000061035156,173.9499969482422,170.9499969482422,171.66000366210938,77251200,169.72048950195312
AAPL,2022-02-08,171.72999572753906,175.35000610351562,171.42999267578125,174.8300018310547,74829200,172.85467529296875
AAPL,2022-02-09,176.0500030517578,176.64999389648438,174.89999389648438,176.27999877929688,71285000,174.2882843017578
AAPL,2022-02-10,174.13999938964844,175.47999572753906,171.5500030517578,172.1199951171875,90865900,170.17527770996094
AAPL,2022-02-11,172.3300018310547,173.0800018310547,168.0399932861328,168.63999938964844,98670700,166.734619140625
AAPL,2022-02-14,167.3699951171875,169.5800018310547,166.55999755859375,168.8800048828125,86185500,166.97190856933594
AAPL,2022-02-15,170.97000122070312,172.9499969482422,170.25,172.7899932861328,62527400,170.83770751953125
AAPL,2022-02-16,171.85000610351562,173.33999633789062,170.0500030517578,172.5500030517578,61177400,170.60044860839844
AAPL,2022-02-17,171.02999877929688,171.91000366210938,168.47000122070312,168.8800048828125,69589300,166.97190856933594
AAPL,2022-02-18,169.82000732421875,170.5399932861328,166.19000244140625,167.3000030517578,82772700,165.4097442626953
AAPL,2022-02-22,164.97999572753906,166.69000244140625,162.14999389648438,164.32000732421875,91162800,162.4634246826172
AAPL,2022-02-23,165.5399932861328,166.14999389648438,159.75,160.07000732421875,90009200,158.26141357421875
AAPL,2022-02-24,152.5800018310547,162.85000610351562,152,162.74000549316406,141147500,160.90126037597656
AAPL,2022-02-25,163.83999633789062,165.1199951171875,160.8699951171875,164.85000610351562,91974200,162.98745727539062
AAPL,2022-02-28,163.05999755859375,165.4199981689453,162.42999267578125,165.1199951171875,95056600,163.25437927246094
AAPL,2022-03-01,164.6999969482422,166.60000610351562,161.97000122070312,163.1999969482422,83474400,161.35606384277344
AAPL,2022-03-02,164.38999938964844,167.36000061035156,162.9499969482422,166.55999755859375,79724800,164.67808532714844
AAPL,2022-03-03,168.47000122070312,168.91000366210938,165.5500030517578,166.22999572753906,76678400,164.35183715820312
AAPL,2022-03-04,164.49000549316406,165.5500030517578,162.10000610351562,163.1699981689453,83737200,161.32640075683594
AAPL,2022-03-07,163.36000061035156,165.02000427246094,159.0399932861328,159.3000030517578,96418800,157.5001220703125
AAPL,2022-03-08,158.82000732421875,162.8800048828125,155.8000030517578,157.44000244140625,131148300,155.66116333007812
AAPL,2022-03-09,161.47999572753906,163.41000366210938,159.41000366210938,162.9499969482422,91454900,161.10887145996094
AAPL,2022-03-10,160.1999969482422,160.38999938964844,155.97999572753906,158.52000427246094,105342000,156.7289581298828
AAPL,2022-03-11,158.92999267578125,159.27999877929688,154.5,154.72999572753906,96970100,152.9817657470703
AAPL,2022-03-14,151.4499969482422,154.1199951171875,150.10000610351562,150.6199951171875,108732100,148.91819763183594
AAPL,2022-03-15,150.89999389648438,155.57000732421875,150.3800048828125,155.08999633789062,92964300,153.3376922607422
AAPL,2022-03-16,157.0500030517578,160,154.4600067138672,159.58999633789062,102300200,157.786865234375
AAPL,2022-03-17,158.61000061035156,161,157.6300048828125,160.6199951171875,75615400,158.8052520751953
AAPL,2022-03-18,160.50999450683594,164.47999572753906,159.75999450683594,163.97999572753906,123511700,162.12725830078125
AAPL,2022-03-21,163.50999450683594,166.35000610351562,163.00999450683594,165.3800048828125,95811400,163.5114288330078
AAPL,2022-03-22,165.50999450683594,169.4199981689453,164.91000366210938,168.82000732421875,81532000,166.91259765625
AAPL,2022-03-23,167.99000549316406,172.63999938964844,167.64999389648438,170.2100067138672,98062700,168.28684997558594
AAPL,2022-03-24,171.05999755859375,174.13999938964844,170.2100067138672,174.07000732421875,90131400,172.10325622558594
AAPL,2022-03-25,173.8800048828125,175.27999877929688,172.75,174.72000122070312,80546200,172.7459259033203
AAPL,2022-03-28,172.1699981689453,175.72999572753906,172,175.60000610351562,90371900,173.615966796875
AAPL,2022-03-29,176.69000244140625,179.00999450683594,176.33999633789062,178.9600067138672,100589400,176.9380340576172
AAPL,2022-03-30,178.5500030517578,179.61000061035156,176.6999969482422,177.77000427246094,92633200,175.76144409179688
AAPL,2022-03-31,177.83999633789062,178.02999877929688,174.39999389648438,174.61000061035156,103049300,172.63714599609375
AAPL,2022-04-01,174.02999877929688,174.8800048828125,171.94000244140625,174.30999755859375,78751300,172.34054565429688
AAPL,2022-04-04,174.57000732421875,178.49000549316406,174.44000244140625,178.44000244140625,76468400,176.42388916015625
AAPL,2022-04-05,177.5,178.3000030517578,174.4199981689453,175.05999755859375,73401800,173.0820770263672
AAPL,2022-04-06,172.36000061035156,173.6300048828125,170.1300048828125,171.8300018310547,89058800,169.88856506347656
AAPL,2022-04-07,171.16000366210938,173.36000061035156,169.85000610351562,172.13999938964844,77594700,170.19505310058594
AAPL,2022-04-08,171.77999877929688,171.77999877929688,169.1999969482422,170.08999633789062,76575500,168.16822814941406
AAPL,2022-04-11,168.7100067138672,169.02999877929688,165.5,165.75,72246700,163.87725830078125
AAPL,2022-04-12,168.02000427246094,169.8699951171875,166.63999938964844,167.66000366210938,79265200,165.76568603515625
AAPL,2022-04-13,167.38999938964844,171.0399932861328,166.77000427246094,170.39999389648438,70618900,168.47471618652344
AAPL,2022-04-14,170.6199951171875,171.27000427246094,165.0399932861328,165.2899932861328,75329400,163.4224395751953
AAPL,2022-04-18,163.9199981689453,166.60000610351562,163.57000732421875,165.07000732421875,69023900,163.20494079589844
AAPL,2022-04-19,165.02000427246094,167.82000732421875,163.91000366210938,167.39999389648438,67723800,165.50860595703125
AAPL,2022-04-20,168.75999450683594,168.8800048828125,166.10000610351562,167.22999572753906,67929800,165.3405303955078
AAPL,2022-04-21,168.91000366210938,171.52999877929688,165.91000366210938,166.4199981689453,87227800,164.53970336914062
AAPL,2022-04-22,166.4600067138672,167.8699951171875,161.5,161.7899932861328,84882400,159.9619903564453
AAPL,2022-04-25,161.1199951171875,163.1699981689453,158.4600067138672,162.8800048828125,96046400,161.03968811035156
AAPL,2022-04-26,162.25,162.33999633789062,156.72000122070312,156.8000030517578,95623200,155.0283660888672
AAPL,2022-04-27,155.91000366210938,159.7899932861328,155.3800048828125,156.57000732421875,88063200,154.80099487304688
AAPL,2022-04-28,159.25,164.52000427246094,158.92999267578125,163.63999938964844,130216800,161.7910919189453
AAPL,2022-04-29,161.83999633789062,166.1999969482422,157.25,157.64999389648438,131747600,155.8687744140625
AAPL,2022-05-02,156.7100067138672,158.22999572753906,153.27000427246094,157.9600067138672,123055300,156.17527770996094
AAPL,2022-05-03,158.14999389648438,160.7100067138672,156.32000732421875,159.47999572753906,88966500,157.67807006835938
AAPL,2022-05-04,159.6699981689453,166.47999572753906,159.25999450683594,166.02000427246094,108256500,164.1442108154297
AAPL,2022-05-05,163.85000610351562,164.0800018310547,154.9499969482422,156.77000427246094,130525300,154.9987335205078
AAPL,2022-05-06,156.00999450683594,159.44000244140625,154.17999267578125,157.27999877929688,116124600,155.7314453125
AAPL,2022-05-09,154.92999267578125,155.8300018310547,151.49000549316406,152.05999755859375,131577900,150.5628204345703
AAPL,2022-05-10,155.52000427246094,156.74000549316406,152.92999267578125,154.50999450683594,115366700,152.98870849609375
AAPL,2022-05-11,153.5,155.4499969482422,145.80999755859375,146.5,142689800,145.05755615234375
AAPL,2022-05-12,142.77000427246094,146.1999969482422,138.8000030517578,142.55999755859375,182602000,141.1563720703125
AAPL,2022-05-13,144.58999633789062,148.10000610351562,143.11000061035156,147.11000061035156,113990900,145.66156005859375
AAPL,2022-05-16,145.5500030517578,147.52000427246094,144.17999267578125,145.5399932861328,86643800,144.10702514648438
AAPL,2022-05-17,148.86000061035156,149.77000427246094,146.67999267578125,149.24000549316406,78336300,147.77059936523438
AAPL,2022-05-18,146.85000610351562,147.36000061035156,139.89999389648438,140.82000732421875,109742900,139.43348693847656
AAPL,2022-05-19,139.8800048828125,141.66000366210938,136.60000610351562,137.35000610351562,136095600,135.9976806640625
AAPL,2022-05-20,139.08999633789062,140.6999969482422,132.61000061035156,137.58999633789062,137426100,136.23529052734375
AAPL,2022-05-23,137.7899932861328,143.25999450683594,137.64999389648438,143.11000061035156,117726300,141.70095825195312
AAPL,2022-05-24,140.80999755859375,141.97000122070312,137.3300018310547,140.36000061035156,104132700,138.97801208496094
AAPL,2022-05-25,138.42999267578125,141.7899932861328,138.33999633789062,140.52000427246094,92482700,139.13645935058594
AAPL,2022-05-26,137.38999938964844,144.33999633789062,137.13999938964844,143.77999877929688,90601500,142.36434936523438
AAPL,2022-05-27,145.38999938964844,149.67999267578125,145.25999450683594,149.63999938964844,90978500,148.1666259765625
AAPL,2022-05-31,149.07000732421875,150.66000366210938,146.83999633789062,148.83999633789062,103718400,147.37452697753906
AAPL,2022-06-01,149.89999389648438,151.74000549316406,147.67999267578125,148.7100067138672,74286600,147.24583435058594
AAPL,2022-06-02,147.8300018310547,151.27000427246094,146.86000061035156,151.2100067138672,72348100,149.72120666503906
AAPL,2022-06-03,146.89999389648438,147.97000122070312,144.4600067138672,145.3800048828125,88570300,143.94859313964844
AAPL,2022-06-06,147.02999877929688,148.57000732421875,144.89999389648438,146.13999938964844,71598400,144.70111083984375
AAPL,2022-06-07,144.35000610351562,149,144.10000610351562,148.7100067138672,67808200,147.24583435058594
AAPL,2022-06-08,148.5800018310547,149.8699951171875,147.4600067138672,147.9600067138672,53950200,146.50318908691406
AAPL,2022-06-09,147.0800018310547,147.9499969482422,142.52999877929688,142.63999938964844,69473000,141.23558044433594
AAPL,2022-06-10,140.27999877929688,140.75999450683594,137.05999755859375,137.1300048828125,91437900,135.7798614501953
AAPL,2022-06-13,132.8699951171875,135.1999969482422,131.44000244140625,131.8800048828125,122207100,130.58154296875
AAPL,2022-06-14,133.1300048828125,133.88999938964844,131.47999572753906,132.75999450683594,84784300,131.4528350830078
AAPL,2022-06-15,134.2899932861328,137.33999633789062,132.16000366210938,135.42999267578125,91533000,134.09654235839844
AAPL,2022-06-16,132.0800018310547,132.38999938964844,129.0399932861328,130.05999755859375,108123900,128.7794189453125
AAPL,2022-06-17,130.07000732421875,133.0800018310547,129.80999755859375,131.55999755859375,134520300,130.26466369628906
AAPL,2022-06-21,133.4199981689453,137.05999755859375,133.32000732421875,135.8699951171875,81000500,134.5322265625
AAPL,2022-06-22,134.7899932861328,137.75999450683594,133.91000366210938,135.35000610351562,73409200,134.01736450195312
AAPL,2022-06-23,136.82000732421875,138.58999633789062,135.6300048828125,138.27000427246094,72433800,136.9086151123047
AAPL,2022-06-24,139.89999389648438,141.91000366210938,139.77000427246094,141.66000366210938,89116800,140.2652130126953
AAPL,2022-06-27,142.6999969482422,143.49000549316406,140.97000122070312,141.66000366210938,70207900,140.2652130126953
AAPL,2022-06-28,142.1300048828125,143.4199981689453,137.32000732421875,137.44000244140625,67083400,136.08677673339844
AAPL,2022-06-29,137.4600067138672,140.6699981689453,136.6699981689453,139.22999572753906,66242400,137.85914611816406
AAPL,2022-06-30,137.25,138.3699951171875,133.77000427246094,136.72000122070312,98964500,135.37387084960938
AAPL,2022-07-01,136.0399932861328,139.0399932861328,135.66000366210938,138.92999267578125,71051600,137.5620880126953
AAPL,2022-07-05,137.77000427246094,141.61000061035156,136.92999267578125,141.55999755859375,73353800,140.1661834716797
AAPL,2022-07-06,141.35000610351562,144.1199951171875,141.0800018310547,142.9199981689453,74064300,141.5128173828125
AAPL,2022-07-07,143.2899932861328,146.5500030517578,143.27999877929688,146.35000610351562,66253700,144.9090576171875
AAPL,2022-07-08,145.25999450683594,147.5500030517578,145,147.0399932861328,64547800,145.5922393798828
AAPL,2022-07-11,145.6699981689453,146.63999938964844,143.77999877929688,144.8699951171875,63141600,143.44361877441406
AAPL,2022-07-12,145.75999450683594,148.4499969482422,145.0500030517578,145.86000061035156,77588800,144.4238739013672
AAPL,2022-07-13,142.99000549316406,146.4499969482422,142.1199951171875,145.49000549316406,71185600,144.05752563476562
AAPL,2022-07-14,144.0800018310547,148.9499969482422,143.25,148.47000122070312,78140700,147.00816345214844
AAPL,2022-07-15,149.77999877929688,150.86000061035156,148.1999969482422,150.1699981689453,76259900,148.69142150878906
AAPL,2022-07-18,150.74000549316406,151.57000732421875,146.6999969482422,147.07000732421875,81420900,145.62196350097656
AAPL,2022-07-19,147.9199981689453,151.22999572753906,146.91000366210938,151,82982400,149.5132598876953
AAPL,2022-07-20,151.1199951171875,153.72000122070312,150.3699951171875,153.0399932861328,64823400,151.53317260742188
AAPL,2022-07-21,154.5,155.57000732421875,151.94000244140625,155.35000610351562,65086600,153.8204345703125
AAPL,2022-07-22,155.38999938964844,156.27999877929688,153.41000366210938,154.08999633789062,66675400,152.5728302001953
AAPL,2022-07-25,154.00999450683594,155.0399932861328,152.27999877929688,152.9499969482422,53623900,151.4440460205078
AAPL,2022-07-26,152.25999450683594,153.08999633789062,150.8000030517578,151.60000610351562,55138700,150.10736083984375
AAPL,2022-07-27,152.5800018310547,157.3300018310547,152.16000366210938,156.7899932861328,78620700,155.24627685546875
AAPL,2022-07-28,156.97999572753906,157.63999938964844,154.41000366210938,157.35000610351562,81378700,155.80075073242188
AAPL,2022-07-29,161.24000549316406,163.6300048828125,159.5,162.50999450683594,101786900,160.90992736816406
AAPL,2022-08-01,161.00999450683594,163.58999633789062,160.88999938964844,161.50999450683594,67829400,159.9197540283203
AAPL,2022-08-02,160.10000610351562,162.41000366210938,159.6300048828125,160.00999450683594,59907000,158.4345245361328
AAPL,2022-08-03,160.83999633789062,166.58999633789062,160.75,166.1300048828125,82507500,164.49429321289062
AAPL,2022-08-04,166.00999450683594,167.19000244140625,164.42999267578125,165.80999755859375,55474100,164.17745971679688
AAPL,2022-08-05,163.2100067138672,165.85000610351562,163,165.35000610351562,56697000,163.9494171142578
AAPL,2022-08-08,166.3699951171875,167.80999755859375,164.1999969482422,164.8699951171875,60276900,163.47344970703125
AAPL,2022-08-09,164.02000427246094,165.82000732421875,163.25,164.9199981689453,63135500,163.52305603027344
AAPL,2022-08-10,167.67999267578125,169.33999633789062,166.89999389648438,169.24000549316406,70170500,167.80645751953125
AAPL,2022-08-11,170.05999755859375,170.99000549316406,168.19000244140625,168.49000549316406,57149200,167.06280517578125
AAPL,2022-08-12,169.82000732421875,172.1699981689453,169.39999389648438,172.10000610351562,68039400,170.6422119140625
AAPL,2022-08-15,171.52000427246094,173.38999938964844,171.35000610351562,173.19000244140625,54091700,171.72300720214844
AAPL,2022-08-16,172.77999877929688,173.7100067138672,171.66000366210938,173.02999877929688,56377100,171.56434631347656
AAPL,2022-08-17,172.77000427246094,176.14999389648438,172.57000732421875,174.5500030517578,79542000,173.07144165039062
AAPL,2022-08-18,173.75,174.89999389648438,173.1199951171875,174.14999389648438,62290100,172.6748504638672
AAPL,2022-08-19,173.02999877929688,173.74000549316406,171.30999755859375,171.52000427246094,70346300,170.067138671875
AAPL,2022-08-22,169.69000244140625,169.86000061035156,167.13999938964844,167.57000732421875,69026800,166.1505889892578
AAPL,2022-08-23,167.0800018310547,168.7100067138672,166.64999389648438,167.22999572753906,54147100,165.81346130371094
AAPL,2022-08-24,167.32000732421875,168.11000061035156,166.25,167.52999877929688,53841500,166.11093139648438
AAPL,2022-08-25,168.77999877929688,170.13999938964844,168.35000610351562,170.02999877929688,51218200,168.5897674560547
AAPL,2022-08-26,170.57000732421875,171.0500030517578,163.55999755859375,163.6199951171875,78961000,162.23403930664062
AAPL,2022-08-29,161.14999389648438,162.89999389648438,159.82000732421875,161.3800048828125,73314000,160.0130157470703
AAPL,2022-08-30,162.1300048828125,162.55999755859375,157.72000122070312,158.91000366210938,77906200,157.56394958496094
AAPL,2022-08-31,160.30999755859375,160.5800018310547,157.13999938964844,157.22000122070312,87991100,155.8882598876953
AAPL,2022-09-01,156.63999938964844,158.4199981689453,154.6699981689453,157.9600067138672,74229900,156.62197875976562
AAPL,2022-09-02,159.75,160.36000061035156,154.97000122070312,155.80999755859375,76957800,154.4901885986328
AAPL,2022-09-06,156.47000122070312,157.08999633789062,153.69000244140625,154.52999877929688,73714800,153.22105407714844
AAPL,2022-09-07,154.82000732421875,156.6699981689453,153.61000061035156,155.9600067138672,87449600,154.638916015625
AAPL,2022-09-08,154.63999938964844,156.36000061035156,152.67999267578125,154.4600067138672,84923800,153.15164184570312
AAPL,2022-09-09,155.47000122070312,157.82000732421875,154.75,157.3699951171875,68028800,156.0369873046875
AAPL,2022-09-12,159.58999633789062,164.25999450683594,159.3000030517578,163.42999267578125,104956000,162.04563903808594
AAPL,2022-09-13,159.89999389648438,160.5399932861328,153.3699951171875,153.83999633789062,122656600,152.53689575195312
AAPL,2022-09-14,154.7899932861328,157.10000610351562,153.61000061035156,155.30999755859375,87965400,153.9944305419922
AAPL,2022-09-15,154.64999389648438,155.24000549316406,151.3800048828125,152.3699951171875,90481100,151.07933044433594
AAPL,2022-09-16,151.2100067138672,151.35000610351562,148.3699951171875,150.6999969482422,162278800,149.42347717285156
AAPL,2022-09-19,149.30999755859375,154.55999755859375,149.10000610351562,154.47999572753906,81474200,153.1714630126953
AAPL,2022-09-20,153.39999389648438,158.0800018310547,153.0800018310547,156.89999389648438,107689800,155.5709686279297
AAPL,2022-09-21,157.33999633789062,158.74000549316406,153.60000610351562,153.72000122070312,101696800,152.41790771484375
AAPL,2022-09-22,152.3800048828125,154.47000122070312,150.91000366210938,152.74000549316406,86652500,151.44622802734375
AAPL,2022-09-23,151.19000244140625,151.47000122070312,148.55999755859375,150.42999267578125,96029900,149.15576171875
AAPL,2022-09-26,149.66000366210938,153.77000427246094,149.63999938964844,150.77000427246094,93339400,149.49288940429688
AAPL,2022-09-27,152.74000549316406,154.72000122070312,149.9499969482422,151.75999450683594,84442700,150.47451782226562
AAPL,2022-09-28,147.63999938964844,150.63999938964844,144.83999633789062,149.83999633789062,146691400,148.5707550048828
AAPL,2022-09-29,146.10000610351562,146.72000122070312,140.67999267578125,142.47999572753906,128138200,141.2731170654297
AAPL,2022-09-30,141.27999877929688,143.10000610351562,138,138.1999969482422,124925300,137.02935791015625
AAPL,2022-10-03,138.2100067138672,143.07000732421875,137.69000244140625,142.4499969482422,114311700,141.24334716796875
AAPL,2022-10-04,145.02999877929688,146.22000122070312,144.25999450683594,146.10000610351562,87830100,144.86244201660156
AAPL,2022-10-05,144.07000732421875,147.3800048828125,143.00999450683594,146.39999389648438,79471000,145.15988159179688
AAPL,2022-10-06,145.80999755859375,147.5399932861328,145.22000122070312,145.42999267578125,68402200,144.19813537597656
AAPL,2022-10-07,142.5399932861328,143.10000610351562,139.4499969482422,140.08999633789062,85925600,138.9033660888672
AAPL,2022-10-10,140.4199981689453,141.88999938964844,138.57000732421875,140.4199981689453,74899000,139.23056030273438
AAPL,2022-10-11,139.89999389648438,141.35000610351562,138.22000122070312,138.97999572753906,77033700,137.802734375
AAPL,2022-10-12,139.1300048828125,140.36000061035156,138.16000366210938,138.33999633789062,70433700,137.16818237304688
AAPL,2022-10-13,134.99000549316406,143.58999633789062,134.3699951171875,142.99000549316406,113224000,141.77879333496094
AAPL,2022-10-14,144.30999755859375,144.52000427246094,138.19000244140625,138.3800048828125,88598000,137.2078399658203
AAPL,2022-10-17,141.07000732421875,142.89999389648438,140.27000427246094,142.41000366210938,85250900,141.20372009277344
AAPL,2022-10-18,145.49000549316406,146.6999969482422,140.61000061035156,143.75,99136600,142.53236389160156
AAPL,2022-10-19,141.69000244140625,144.9499969482422,141.5,143.86000061035156,61758300,142.64141845703125
AAPL,2022-10-20,143.02000427246094,145.88999938964844,142.64999389648438,143.38999938964844,64522000,142.17539978027344
AAPL,2022-10-21,142.8699951171875,147.85000610351562,142.64999389648438,147.27000427246094,86548600,146.0225372314453
AAPL,2022-10-24,147.19000244140625,150.22999572753906,146,149.4499969482422,75981900,148.18406677246094
AAPL,2022-10-25,150.08999633789062,152.49000549316406,149.36000061035156,152.33999633789062,74732300,151.04959106445312
AAPL,2022-10-26,150.9600067138672,151.99000549316406,148.0399932861328,149.35000610351562,88194300,148.08493041992188
AAPL,2022-10-27,148.07000732421875,149.0500030517578,144.1300048828125,144.8000030517578,109180200,143.57347106933594
AAPL,2022-10-28,148.1999969482422,157.5,147.82000732421875,155.74000549316406,164762400,154.42079162597656
AAPL,2022-10-31,153.16000366210938,154.24000549316406,151.9199981689453,153.33999633789062,97943200,152.0411376953125
AAPL,2022-11-01,155.0800018310547,155.4499969482422,149.1300048828125,150.64999389648438,80379300,149.37388610839844
AAPL,2022-11-02,148.9499969482422,152.1699981689453,145,145.02999877929688,93604600,143.801513671875
AAPL,2022-11-03,142.05999755859375,142.8000030517578,138.75,138.8800048828125,97918500,137.70359802246094
AAPL,2022-11-04,142.08999633789062,142.6699981689453,134.3800048828125,138.3800048828125,140814800,137.43545532226562
AAPL,2022-11-07,137.11000061035156,139.14999389648438,135.6699981689453,138.9199981689453,83374600,137.9717559814453
AAPL,2022-11-08,140.41000366210938,141.42999267578125,137.49000549316406,139.5,89908500,138.54782104492188
AAPL,2022-11-09,138.5,138.5500030517578,134.58999633789062,134.8699951171875,74917800,133.94940185546875
AAPL,2022-11-10,141.24000549316406,146.8699951171875,139.5,146.8699951171875,118854000,145.86749267578125
AAPL,2022-11-11,145.82000732421875,150.00999450683594,144.3699951171875,149.6999969482422,93979700,148.6781768798828
AAPL,2022-11-14,148.97000122070312,150.27999877929688,147.42999267578125,148.27999877929688,73374100,147.26788330078125
AAPL,2022-11-15,152.22000122070312,153.58999633789062,148.55999755859375,150.0399932861328,89868300,149.01585388183594
AAPL,2022-11-16,149.1300048828125,149.8699951171875,147.2899932861328,148.7899932861328,64218300,147.77438354492188
AAPL,2022-11-17,146.42999267578125,151.47999572753906,146.14999389648438,150.72000122070312,80389400,149.6912384033203
AAPL,2022-11-18,152.30999755859375,152.6999969482422,149.97000122070312,151.2899932861328,74829600,150.25730895996094
AAPL,2022-11-21,150.16000366210938,150.3699951171875,147.72000122070312,148.00999450683594,58724100,146.99972534179688
AAPL,2022-11-22,148.1300048828125,150.4199981689453,146.92999267578125,150.17999267578125,51804100,149.15489196777344
AAPL,2022-11-23,149.4499969482422,151.8300018310547,149.33999633789062,151.07000732421875,58301400,150.03883361816406
AAPL,2022-11-25,148.30999755859375,148.8800048828125,147.1199951171875,148.11000061035156,35195900,147.0990447998047
AAPL,2022-11-28,145.13999938964844,146.63999938964844,143.3800048828125,144.22000122070312,69246000,143.23558044433594
AAPL,2022-11-29,144.2899932861328,144.80999755859375,140.35000610351562,141.1699981689453,83763800,140.20640563964844
AAPL,2022-11-30,141.39999389648438,148.72000122070312,140.5500030517578,148.02999877929688,111380900,147.0195770263672
AAPL,2022-12-01,148.2100067138672,149.1300048828125,146.61000061035156,148.30999755859375,71250400,147.2976837158203
AAPL,2022-12-02,145.9600067138672,148,145.64999389648438,147.80999755859375,65447400,146.8011016845703
AAPL,2022-12-05,147.77000427246094,150.9199981689453,145.77000427246094,146.6300048828125,68826400,145.629150390625
AAPL,2022-12-06,147.07000732421875,147.3000030517578,141.9199981689453,142.91000366210938,64727200,141.93453979492188
AAPL,2022-12-07,142.19000244140625,143.3699951171875,140,140.94000244140625,69721100,139.9779815673828
AAPL,2022-12-08,142.36000061035156,143.52000427246094,141.10000610351562,142.64999389648438,62128300,141.67630004882812
AAPL,2022-12-09,142.33999633789062,145.57000732421875,140.89999389648438,142.16000366210938,76097000,141.18966674804688
AAPL,2022-12-12,142.6999969482422,144.5,141.05999755859375,144.49000549316406,70462700,143.50375366210938
AAPL,2022-12-13,149.5,149.97000122070312,144.24000549316406,145.47000122070312,93886200,144.47706604003906
AAPL,2022-12-14,145.35000610351562,146.66000366210938,141.16000366210938,143.2100067138672,82291200,142.23248291015625
AAPL,2022-12-15,141.11000061035156,141.8000030517578,136.02999877929688,136.5,98931900,135.5682830810547
AAPL,2022-12-16,136.69000244140625,137.64999389648438,133.72999572753906,134.50999450683594,160156900,133.59185791015625
AAPL,2022-12-19,135.11000061035156,135.1999969482422,131.32000732421875,132.3699951171875,79592600,131.4664764404297
AAPL,2022-12-20,131.38999938964844,133.25,129.88999938964844,132.3000030517578,77432800,131.39695739746094
AAPL,2022-12-21,132.97999572753906,136.80999755859375,132.75,135.4499969482422,85928000,134.5254364013672
AAPL,2022-12-22,134.35000610351562,134.55999755859375,130.3000030517578,132.22999572753906,77852100,131.32742309570312
AAPL,2022-12-23,130.9199981689453,132.4199981689453,129.63999938964844,131.86000061035156,63814900,130.95994567871094
AAPL,2022-12-27,131.3800048828125,131.41000366210938,128.72000122070312,130.02999877929688,69007800,129.14242553710938
AAPL,2022-12-28,129.6699981689453,131.02999877929688,125.87000274658203,126.04000091552734,85438400,125.17967224121094
AAPL,2022-12-29,127.98999786376953,130.47999572753906,127.7300033569336,129.61000061035156,75703700,128.7252960205078
AAPL,2022-12-30,128.41000366210938,129.9499969482422,127.43000030517578,129.92999267578125,77034200,129.04312133789062
AAPL,2023-01-03,130.27999877929688,130.89999389648438,124.16999816894531,125.06999969482422,112117500,124.21630096435547
AAPL,2023-01-04,126.88999938964844,128.66000366210938,125.08000183105469,126.36000061035156,89113600,125.49749755859375
AAPL,2023-01-05,127.12999725341797,127.7699966430664,124.76000213623047,125.0199966430664,80962700,124.16664123535156
AAPL,2023-01-06,126.01000213623047,130.2899932861328,124.88999938964844,129.6199951171875,87754700,128.73521423339844
AAPL,2023-01-09,130.47000122070312,133.41000366210938,129.88999938964844,130.14999389648438,70790800,129.26161193847656
AAPL,2023-01-10,130.25999450683594,131.25999450683594,128.1199951171875,130.72999572753906,63896200,129.83766174316406
AAPL,2023-01-11,131.25,133.50999450683594,130.4600067138672,133.49000549316406,69458900,132.57884216308594
AAPL,2023-01-12,133.8800048828125,134.25999450683594,131.44000244140625,133.41000366210938,71379600,132.49935913085938
AAPL,2023-01-13,132.02999877929688,134.9199981689453,131.66000366210938,134.75999450683594,57809700,133.8401641845703
AAPL,2023-01-17,134.8300018310547,137.2899932861328,134.1300048828125,135.94000244140625,63646600,135.01210021972656
AAPL,2023-01-18,136.82000732421875,138.61000061035156,135.02999877929688,135.2100067138672,69672800,134.28709411621094
AAPL,2023-01-19,134.0800018310547,136.25,133.77000427246094,135.27000427246094,58280400,134.34669494628906
AAPL,2023-01-20,135.27999877929688,138.02000427246094,134.22000122070312,137.8699951171875,80223600,136.92892456054688
AAPL,2023-01-23,138.1199951171875,143.32000732421875,137.89999389648438,141.11000061035156,81760300,140.14682006835938
AAPL,2023-01-24,140.30999755859375,143.16000366210938,140.3000030517578,142.52999877929688,66435100,141.55712890625
AAPL,2023-01-25,140.88999938964844,142.42999267578125,138.80999755859375,141.86000061035156,65799300,140.8916778564453
AAPL,2023-01-26,143.1699981689453,144.25,141.89999389648438,143.9600067138672,54105100,142.9773712158203
AAPL,2023-01-27,143.16000366210938,147.22999572753906,143.0800018310547,145.92999267578125,70555800,144.9339141845703
AAPL,2023-01-30,144.9600067138672,145.5500030517578,142.85000610351562,143,64015300,142.02392578125
AAPL,2023-01-31,142.6999969482422,144.33999633789062,142.27999877929688,144.2899932861328,65874500,143.3050994873047
AAPL,2023-02-01,143.97000122070312,146.61000061035156,141.32000732421875,145.42999267578125,77663600,144.4373321533203
AAPL,2023-02-02,148.89999389648438,151.17999267578125,148.1699981689453,150.82000732421875,118339000,149.79055786132812
AAPL,2023-02-03,148.02999877929688,157.3800048828125,147.8300018310547,154.5,154357300,153.44540405273438
AAPL,2023-02-06,152.57000732421875,153.10000610351562,150.77999877929688,151.72999572753906,69858300,150.69432067871094
AAPL,2023-02-07,150.63999938964844,155.22999572753906,150.63999938964844,154.64999389648438,83322600,153.59439086914062
AAPL,2023-02-08,153.8800048828125,154.5800018310547,151.1699981689453,151.9199981689453,64120100,150.88302612304688
AAPL,2023-02-09,153.77999877929688,154.3300018310547,150.4199981689453,150.8699951171875,56007100,149.84019470214844
AAPL,2023-02-10,149.4600067138672,151.33999633789062,149.22000122070312,151.00999450683594,57450700,150.20822143554688
AAPL,2023-02-13,150.9499969482422,154.25999450683594,150.9199981689453,153.85000610351562,62199000,153.03317260742188
AAPL,2023-02-14,152.1199951171875,153.77000427246094,150.86000061035156,153.1999969482422,61707600,152.3865966796875
AAPL,2023-02-15,153.11000061035156,155.5,152.8800048828125,155.3300018310547,65573800,154.50527954101562
AAPL,2023-02-16,153.50999450683594,156.3300018310547,153.35000610351562,153.7100067138672,68167900,152.89389038085938
AAPL,2023-02-17,152.35000610351562,153,150.85000610351562,152.5500030517578,59144100,151.7400665283203
AAPL,2023-02-21,150.1999969482422,151.3000030517578,148.41000366210938,148.47999572753906,58867200,147.69166564941406
AAPL,2023-02-22,148.8699951171875,149.9499969482422,147.16000366210938,148.91000366210938,51011300,148.11936950683594
AAPL,2023-02-23,150.08999633789062,150.33999633789062,147.24000549316406,149.39999389648438,48394200,148.6067657470703
AAPL,2023-02-24,147.11000061035156,147.19000244140625,145.72000122070312,146.7100067138672,55469600,145.9310760498047
AAPL,2023-02-27,147.7100067138672,149.1699981689453,147.4499969482422,147.9199981689453,44998500,147.1346435546875
AAPL,2023-02-28,147.0500030517578,149.0800018310547,146.8300018310547,147.41000366210938,50547000,146.62733459472656
AAPL,2023-03-01,146.8300018310547,147.22999572753906,145.00999450683594,145.30999755859375,55479000,144.5384979248047
AAPL,2023-03-02,144.3800048828125,146.7100067138672,143.89999389648438,145.91000366210938,52238100,145.1353302001953
AAPL,2023-03-03,148.0399932861328,151.11000061035156,147.3300018310547,151.02999877929688,70732300,150.22813415527344
AAPL,2023-03-06,153.7899932861328,156.3000030517578,153.4600067138672,153.8300018310547,87558000,153.01327514648438
AAPL,2023-03-07,153.6999969482422,154.02999877929688,151.1300048828125,151.60000610351562,56182000,150.7951202392578
AAPL,2023-03-08,152.80999755859375,153.47000122070312,151.8300018310547,152.8699951171875,47204800,152.058349609375
AAPL,2023-03-09,153.55999755859375,154.5399932861328,150.22999572753906,150.58999633789062,53833600,149.79046630859375
AAPL,2023-03-10,150.2100067138672,150.94000244140625,147.61000061035156,148.5,68572400,147.71156311035156
AAPL,2023-03-13,147.80999755859375,153.13999938964844,147.6999969482422,150.47000122070312,84457100,149.67111206054688
AAPL,2023-03-14,151.27999877929688,153.39999389648438,150.10000610351562,152.58999633789062,73695900,151.7798309326172
AAPL,2023-03-15,151.19000244140625,153.25,149.9199981689453,152.99000549316406,77167900,152.17771911621094
AAPL,2023-03-16,152.16000366210938,156.4600067138672,151.63999938964844,155.85000610351562,76161100,155.0225372314453
AAPL,2023-03-17,156.0800018310547,156.74000549316406,154.27999877929688,155,98944600,154.1770477294922
AAPL,2023-03-20,155.07000732421875,157.82000732421875,154.14999389648438,157.39999389648438,73641400,156.56430053710938
AAPL,2023-03-21,157.32000732421875,159.39999389648438,156.5399932861328,159.27999877929688,73938300,158.43431091308594
AAPL,2023-03-22,159.3000030517578,162.13999938964844,157.80999755859375,157.8300018310547,75701800,156.9920196533203
AAPL,2023-03-23,158.8300018310547,161.5500030517578,157.67999267578125,158.92999267578125,67622100,158.086181640625
AAPL,2023-03-24,158.86000061035156,160.33999633789062,157.85000610351562,160.25,59196500,159.39918518066406
AAPL,2023-03-27,159.94000244140625,160.77000427246094,157.8699951171875,158.27999877929688,52390300,157.4396209716797
AAPL,2023-03-28,157.97000122070312,158.49000549316406,155.97999572753906,157.64999389648438,45992200,156.81297302246094
AAPL,2023-03-29,159.3699951171875,161.0500030517578,159.35000610351562,160.77000427246094,51305700,159.91641235351562
AAPL,2023-03-30,161.52999877929688,162.47000122070312,161.27000427246094,162.36000061035156,49501700,161.4979705810547
AAPL,2023-03-31,162.44000244140625,165,161.91000366210938,164.89999389648438,68749800,164.0244598388672
AAPL,2023-04-03,164.27000427246094,166.2899932861328,164.22000122070312,166.1699981689453,56976200,165.28775024414062
AAPL,2023-04-04,166.60000610351562,166.83999633789062,165.11000061035156,165.6300048828125,46278300,164.75062561035156
AAPL,2023-04-05,164.74000549316406,165.0500030517578,161.8000030517578,163.75999450683594,51511700,162.89053344726562
AAPL,2023-04-06,162.42999267578125,164.9600067138672,162,164.66000366210938,45390100,163.7857666015625
AAPL,2023-04-10,161.4199981689453,162.02999877929688,160.0800018310547,162.02999877929688,47716900,161.1697235107422
AAPL,2023-04-11,162.35000610351562,162.36000061035156,160.50999450683594,160.8000030517578,47644200,159.94625854492188
AAPL,2023-04-12,161.22000122070312,162.05999755859375,159.77999877929688,160.10000610351562,50133100,159.24998474121094
AAPL,2023-04-13,161.6300048828125,165.8000030517578,161.4199981689453,165.55999755859375,68445600,164.6809844970703
AAPL,2023-04-14,164.58999633789062,166.32000732421875,163.82000732421875,165.2100067138672,49386500,164.3328399658203
AAPL,2023-04-17,165.08999633789062,165.38999938964844,164.02999877929688,165.22999572753906,41516200,164.3527374267578
AAPL,2023-04-18,166.10000610351562,167.41000366210938,165.64999389648438,166.47000122070312,49923000,165.58616638183594
AAPL,2023-04-19,165.8000030517578,168.16000366210938,165.5399932861328,167.6300048828125,47720200,166.739990234375
AAPL,2023-04-20,166.08999633789062,167.8699951171875,165.55999755859375,166.64999389648438,52456400,165.7652130126953
AAPL,2023-04-21,165.0500030517578,166.4499969482422,164.49000549316406,165.02000427246094,58337300,164.14385986328125
AAPL,2023-04-24,165,165.60000610351562,163.88999938964844,165.3300018310547,41949600,164.4521942138672
AAPL,2023-04-25,165.19000244140625,166.30999755859375,163.72999572753906,163.77000427246094,48714100,162.90048217773438
AAPL,2023-04-26,163.05999755859375,165.27999877929688,162.8000030517578,163.75999450683594,45498800,162.89053344726562
AAPL,2023-04-27,165.19000244140625,168.55999755859375,165.19000244140625,168.41000366210938,64902300,167.51585388183594
AAPL,2023-04-28,168.49000549316406,169.85000610351562,167.8800048828125,169.67999267578125,55209200,168.7790985107422
AAPL,2023-05-01,169.27999877929688,170.4499969482422,168.63999938964844,169.58999633789062,52472900,168.68960571289062
AAPL,2023-05-02,170.08999633789062,170.35000610351562,167.5399932861328,168.5399932861328,48425700,167.64515686035156
AAPL,2023-05-03,169.5,170.9199981689453,167.16000366210938,167.4499969482422,65136000,166.56094360351562
AAPL,2023-05-04,164.88999938964844,167.0399932861328,164.30999755859375,165.7899932861328,81235400,164.90975952148438
AAPL,2023-05-05,170.97999572753906,174.3000030517578,170.75999450683594,173.57000732421875,113316400,172.64846801757812
AAPL,2023-05-08,172.47999572753906,173.85000610351562,172.11000061035156,173.5,55962800,172.57882690429688
AAPL,2023-05-09,173.0500030517578,173.5399932861328,171.60000610351562,171.77000427246094,45326900,170.85801696777344
AAPL,2023-05-10,173.02000427246094,174.02999877929688,171.89999389648438,173.55999755859375,53724500,172.63851928710938
AAPL,2023-05-11,173.85000610351562,174.58999633789062,172.1699981689453,173.75,49514700,172.82748413085938
AAPL,2023-05-12,173.6199951171875,174.05999755859375,171,172.57000732421875,45497800,171.8911895751953
AAPL,2023-05-15,173.16000366210938,173.2100067138672,171.47000122070312,172.07000732421875,37266700,171.39317321777344
AAPL,2023-05-16,171.99000549316406,173.13999938964844,171.8000030517578,172.07000732421875,42110300,171.39317321777344
AAPL,2023-05-17,171.7100067138672,172.92999267578125,170.4199981689453,172.69000244140625,57951600,172.01072692871094
AAPL,2023-05-18,173,175.24000549316406,172.5800018310547,175.0500030517578,65496700,174.36143493652344
AAPL,2023-05-19,176.38999938964844,176.38999938964844,174.94000244140625,175.16000366210938,55772400,174.4710235595703
AAPL,2023-05-22,173.97999572753906,174.7100067138672,173.4499969482422,174.1999969482422,43570900,173.51478576660156
AAPL,2023-05-23,173.1300048828125,173.3800048828125,171.27999877929688,171.55999755859375,50747300,170.8851776123047
AAPL,2023-05-24,171.08999633789062,172.4199981689453,170.52000427246094,171.83999633789062,45143500,171.1640625
AAPL,2023-05-25,172.41000366210938,173.89999389648438,171.69000244140625,172.99000549316406,56058300,172.30953979492188
AAPL,2023-05-26,173.32000732421875,175.77000427246094,173.11000061035156,175.42999267578125,54835000,174.7399444580078
AAPL,2023-05-30,176.9600067138672,178.99000549316406,176.57000732421875,177.3000030517578,55964400,176.6025848388672
AAPL,2023-05-31,177.3300018310547,179.35000610351562,176.75999450683594,177.25,99625300,176.55279541015625
AAPL,2023-06-01,177.6999969482422,180.1199951171875,176.92999267578125,180.08999633789062,68901800,179.38160705566406
AAPL,2023-06-02,181.02999877929688,181.77999877929688,179.25999450683594,180.9499969482422,61945900,180.23822021484375
AAPL,2023-06-05,182.6300048828125,184.9499969482422,178.0399932861328,179.5800018310547,121946500,178.8736114501953
AAPL,2023-06-06,179.97000122070312,180.1199951171875,177.42999267578125,179.2100067138672,64848400,178.5050811767578
AAPL,2023-06-07,178.44000244140625,181.2100067138672,177.32000732421875,177.82000732421875,61944600,177.12054443359375
AAPL,2023-06-08,177.89999389648438,180.83999633789062,177.4600067138672,180.57000732421875,50214900,179.85972595214844
AAPL,2023-06-09,181.5,182.22999572753906,180.6300048828125,180.9600067138672,48870700,180.24819946289062
AAPL,2023-06-12,181.27000427246094,183.88999938964844,180.97000122070312,183.7899932861328,54274900,183.0670623779297
AAPL,2023-06-13,182.8000030517578,184.14999389648438,182.44000244140625,183.30999755859375,54929100,182.5889434814453
AAPL,2023-06-14,183.3699951171875,184.38999938964844,182.02000427246094,183.9499969482422,57462900,183.22642517089844
AAPL,2023-06-15,183.9600067138672,186.52000427246094,183.77999877929688,186.00999450683594,65433200,185.27833557128906
AAPL,2023-06-16,186.72999572753906,186.99000549316406,184.27000427246094,184.9199981689453,101235600,184.19261169433594
AAPL,2023-06-20,184.41000366210938,186.10000610351562,184.41000366210938,185.00999450683594,49799100,184.28225708007812
AAPL,2023-06-21,184.89999389648438,185.41000366210938,182.58999633789062,183.9600067138672,49515700,183.2364044189453
AAPL,2023-06-22,183.74000549316406,187.0500030517578,183.6699981689453,187,51245300,186.26441955566406
AAPL,2023-06-23,185.5500030517578,187.55999755859375,185.00999450683594,186.67999267578125,53079300,185.9456787109375
AAPL,2023-06-26,186.8300018310547,188.0500030517578,185.22999572753906,185.27000427246094,48088700,184.54124450683594
AAPL,2023-06-27,185.88999938964844,188.38999938964844,185.6699981689453,188.05999755859375,50730800,187.32025146484375
AAPL,2023-06-28,187.92999267578125,189.89999389648438,187.60000610351562,189.25,51216800,188.50558471679688
AAPL,2023-06-29,189.0800018310547,190.07000732421875,188.94000244140625,189.58999633789062,46347300,188.84423828125
AAPL,2023-06-30,191.6300048828125,194.47999572753906,191.25999450683594,193.97000122070312,85069600,193.20701599121094
AAPL,2023-07-03,193.77999877929688,193.8800048828125,191.75999450683594,192.4600067138672,31458200,191.70297241210938
AAPL,2023-07-05,191.57000732421875,192.97999572753906,190.6199951171875,191.3300018310547,46920300,190.57740783691406
AAPL,2023-07-06,189.83999633789062,192.02000427246094,189.1999969482422,191.80999755859375,45094300,191.05551147460938
AAPL,2023-07-07,191.41000366210938,192.6699981689453,190.24000549316406,190.67999267578125,46778000,189.92994689941406
AAPL,2023-07-10,189.25999450683594,189.99000549316406,187.0399932861328,188.61000061035156,59922200,187.86810302734375
AAPL,2023-07-11,189.16000366210938,189.3000030517578,186.60000610351562,188.0800018310547,46638100,187.34017944335938
AAPL,2023-07-12,189.67999267578125,191.6999969482422,188.47000122070312,189.77000427246094,60750200,189.02354431152344
AAPL,2023-07-13,190.5,191.19000244140625,189.77999877929688,190.5399932861328,41342300,189.79051208496094
AAPL,2023-07-14,190.22999572753906,191.17999267578125,189.6300048828125,190.69000244140625,41573900,189.93992614746094
AAPL,2023-07-17,191.89999389648438,194.32000732421875,191.80999755859375,193.99000549316406,50520200,193.2269287109375
AAPL,2023-07-18,193.35000610351562,194.3300018310547,192.4199981689453,193.72999572753906,48353800,192.96795654296875
AAPL,2023-07-19,193.10000610351562,198.22999572753906,192.64999389648438,195.10000610351562,80507300,194.33258056640625
AAPL,2023-07-20,195.08999633789062,196.47000122070312,192.5,193.1300048828125,59581200,192.37033081054688
AAPL,2023-07-21,194.10000610351562,194.97000122070312,191.22999572753906,191.94000244140625,71917800,191.1850128173828
AAPL,2023-07-24,193.41000366210938,194.91000366210938,192.25,192.75,45377800,191.99180603027344
AAPL,2023-07-25,193.3300018310547,194.44000244140625,192.9199981689453,193.6199951171875,37283200,192.85838317871094
AAPL,2023-07-26,193.6699981689453,195.63999938964844,193.32000732421875,194.5,47471900,193.7349395751953
AAPL,2023-07-27,196.02000427246094,197.1999969482422,192.5500030517578,193.22000122070312,47460200,192.4599609375
AAPL,2023-07-28,194.6699981689453,196.6300048828125,194.13999938964844,195.8300018310547,48291400,195.05970764160156
AAPL,2023-07-31,196.05999755859375,196.49000549316406,195.25999450683594,196.4499969482422,38824100,195.67726135253906
AAPL,2023-08-01,196.24000549316406,196.72999572753906,195.27999877929688,195.61000061035156,35175100,194.84056091308594
AAPL,2023-08-02,195.0399932861328,195.17999267578125,191.85000610351562,192.5800018310547,50389300,191.82249450683594
AAPL,2023-08-03,191.57000732421875,192.3699951171875,190.69000244140625,191.1699981689453,61235200,190.41802978515625
AAPL,2023-08-04,185.52000427246094,187.3800048828125,181.9199981689453,181.99000549316406,115799700,181.27415466308594
AAPL,2023-08-07,182.1300048828125,183.1300048828125,177.35000610351562,178.85000610351562,97576100,178.146484375
AAPL,2023-08-08,179.69000244140625,180.27000427246094,177.5800018310547,179.8000030517578,67823000,179.09274291992188
AAPL,2023-08-09,180.8699951171875,180.92999267578125,177.00999450683594,178.19000244140625,60378500,177.4890899658203
AAPL,2023-08-10,179.47999572753906,180.75,177.60000610351562,177.97000122070312,54686900,177.26995849609375
AAPL,2023-08-11,177.32000732421875,178.6199951171875,176.5500030517578,177.7899932861328,51988100,177.32980346679688
AAPL,2023-08-14,177.97000122070312,179.69000244140625,177.30999755859375,179.4600067138672,43675600,178.9954833984375
AAPL,2023-08-15,178.8800048828125,179.47999572753906,177.0500030517578,177.4499969482422,43622600,176.9906768798828
AAPL,2023-08-16,177.1300048828125,178.5399932861328,176.5,176.57000732421875,46964900,176.1129608154297
AAPL,2023-08-17,177.13999938964844,177.50999450683594,173.47999572753906,174,66062900,173.54962158203125
AAPL,2023-08-18,172.3000030517578,175.10000610351562,171.9600067138672,174.49000549316406,61114200,174.03834533691406
AAPL,2023-08-21,175.07000732421875,176.1300048828125,173.74000549316406,175.83999633789062,46311900,175.3848419189453
AAPL,2023-08-22,177.05999755859375,177.67999267578125,176.25,177.22999572753906,42084200,176.771240234375
AAPL,2023-08-23,178.52000427246094,181.5500030517578,178.3300018310547,181.1199951171875,52722800,180.65118408203125
AAPL,2023-08-24,180.6699981689453,181.10000610351562,176.00999450683594,176.3800048828125,54945800,175.92344665527344
AAPL,2023-08-25,177.3800048828125,179.14999389648438,175.82000732421875,178.61000061035156,51449600,178.14767456054688
AAPL,2023-08-28,180.08999633789062,180.58999633789062,178.5500030517578,180.19000244140625,43820700,179.7235870361328
AAPL,2023-08-29,179.6999969482422,184.89999389648438,179.5,184.1199951171875,53003900,183.64341735839844
AAPL,2023-08-30,184.94000244140625,187.85000610351562,184.74000549316406,187.64999389648438,60813900,187.16427612304688
AAPL,2023-08-31,187.83999633789062,189.1199951171875,187.47999572753906,187.8699951171875,60794500,187.3837127685547
AAPL,2023-09-01,189.49000549316406,189.9199981689453,188.27999877929688,189.4600067138672,45732600,188.9696044921875
AAPL,2023-09-05,188.27999877929688,189.97999572753906,187.61000061035156,189.6999969482422,45280000,189.20896911621094
AAPL,2023-09-06,188.39999389648438,188.85000610351562,181.47000122070312,182.91000366210938,81755800,182.43655395507812
AAPL,2023-09-07,175.17999267578125,178.2100067138672,173.5399932861328,177.55999755859375,112488800,177.10040283203125
AAPL,2023-09-08,178.35000610351562,180.24000549316406,177.7899932861328,178.17999267578125,65551300,177.71878051757812
AAPL,2023-09-11,180.07000732421875,180.3000030517578,177.33999633789062,179.36000061035156,58953100,178.89573669433594
AAPL,2023-09-12,179.49000549316406,180.1300048828125,174.82000732421875,176.3000030517578,90370200,175.84365844726562
AAPL,2023-09-13,176.50999450683594,177.3000030517578,173.97999572753906,174.2100067138672,84267900,173.75906372070312
AAPL,2023-09-14,174,176.10000610351562,173.5800018310547,175.74000549316406,60895800,175.28512573242188
AAPL,2023-09-15,176.47999572753906,176.5,173.82000732421875,175.00999450683594,109205100,174.55697631835938
AAPL,2023-09-18,176.47999572753906,179.3800048828125,176.1699981689453,177.97000122070312,67257600,177.50933837890625
AAPL,2023-09-19,177.52000427246094,179.6300048828125,177.1300048828125,179.07000732421875,51826900,178.6064910888672
AAPL,2023-09-20,179.25999450683594,179.6999969482422,175.39999389648438,175.49000549316406,58436200,175.03575134277344
AAPL,2023-09-21,174.5500030517578,176.3000030517578,173.86000061035156,173.92999267578125,63047900,173.47979736328125
AAPL,2023-09-22,174.6699981689453,177.0800018310547,174.0500030517578,174.7899932861328,56725400,174.33755493164062
AAPL,2023-09-25,174.1999969482422,176.97000122070312,174.14999389648438,176.0800018310547,46172700,175.6242218017578
AAPL,2023-09-26,174.82000732421875,175.1999969482422,171.66000366210938,171.9600067138672,64588900,171.514892578125
AAPL,2023-09-27,172.6199951171875,173.0399932861328,169.0500030517578,170.42999267578125,66921800,169.98883056640625
AAPL,2023-09-28,169.33999633789062,172.02999877929688,167.6199951171875,170.69000244140625,56294400,170.24818420410156
AAPL,2023-09-29,172.02000427246094,173.07000732421875,170.33999633789062,171.2100067138672,51814200,170.76683044433594
AAPL,2023-10-02,171.22000122070312,174.3000030517578,170.92999267578125,173.75,52164500,173.30026245117188
AAPL,2023-10-03,172.25999450683594,173.6300048828125,170.82000732421875,172.39999389648438,49594600,171.95375061035156
AAPL,2023-10-04,171.08999633789062,174.2100067138672,170.97000122070312,173.66000366210938,53020300,173.2104949951172
AAPL,2023-10-05,173.7899932861328,175.4499969482422,172.67999267578125,174.91000366210938,48527900,174.45726013183594
AAPL,2023-10-06,173.8000030517578,177.99000549316406,173.17999267578125,177.49000549316406,57224100,177.0305938720703
AAPL,2023-10-09,176.80999755859375,179.0500030517578,175.8000030517578,178.99000549316406,42390800,178.52670288085938
AAPL,2023-10-10,178.10000610351562,179.72000122070312,177.9499969482422,178.38999938964844,43698000,177.92825317382812
AAPL,2023-10-11,178.1999969482422,179.85000610351562,177.60000610351562,179.8000030517578,47551100,179.3345947265625
AAPL,2023-10-12,180.07000732421875,182.33999633789062,179.0399932861328,180.7100067138672,56743100,180.24224853515625
AAPL,2023-10-13,181.4199981689453,181.92999267578125,178.13999938964844,178.85000610351562,51427100,178.38705444335938
AAPL,2023-10-16,176.75,179.0800018310547,176.50999450683594,178.72000122070312,52517000,178.2574005126953
AAPL,2023-10-17,176.64999389648438,178.4199981689453,174.8000030517578,177.14999389648438,57549400,176.6914520263672
AAPL,2023-10-18,175.5800018310547,177.5800018310547,175.11000061035156,175.83999633789062,54764400,175.3848419189453
AAPL,2023-10-19,176.0399932861328,177.83999633789062,175.19000244140625,175.4600067138672,59302900,175.00584411621094
AAPL,2023-10-20,175.30999755859375,175.4199981689453,172.63999938964844,172.8800048828125,64189300,172.43251037597656
AAPL,2023-10-23,170.91000366210938,174.00999450683594,169.92999267578125,173,55980100,172.5522003173828
AAPL,2023-10-24,173.0500030517578,173.6699981689453,171.4499969482422,173.44000244140625,43816600,172.99105834960938
AAPL,2023-10-25,171.8800048828125,173.05999755859375,170.64999389648438,171.10000610351562,57157000,170.65713500976562
AAPL,2023-10-26,170.3699951171875,171.3800048828125,165.6699981689453,166.88999938964844,70625300,166.45802307128906
AAPL,2023-10-27,166.91000366210938,168.9600067138672,166.8300018310547,168.22000122070312,58499100,167.78457641601562
AAPL,2023-10-30,169.02000427246094,171.1699981689453,168.8699951171875,170.2899932861328,51131000,169.8491973876953
AAPL,2023-10-31,169.35000610351562,170.89999389648438,167.89999389648438,170.77000427246094,44846000,170.32797241210938
AAPL,2023-11-01,171,174.22999572753906,170.1199951171875,173.97000122070312,56934900,173.51968383789062
AAPL,2023-11-02,175.52000427246094,177.77999877929688,175.4600067138672,177.57000732421875,77334800,177.11038208007812
AAPL,2023-11-03,174.24000549316406,176.82000732421875,173.35000610351562,176.64999389648438,79763700,176.1927490234375
AAPL,2023-11-06,176.3800048828125,179.42999267578125,176.2100067138672,179.22999572753906,63841300,178.7660675048828
AAPL,2023-11-07,179.17999267578125,182.44000244140625,178.97000122070312,181.82000732421875,70530000,181.349365234375
AAPL,2023-11-08,182.35000610351562,183.4499969482422,181.58999633789062,182.88999938964844,49340300,182.41659545898438
AAPL,2023-11-09,182.9600067138672,184.1199951171875,181.80999755859375,182.41000366210938,53763500,181.93783569335938
AAPL,2023-11-10,183.97000122070312,186.57000732421875,183.52999877929688,186.39999389648438,66133400,186.16244506835938
AAPL,2023-11-13,185.82000732421875,186.02999877929688,184.2100067138672,184.8000030517578,43627500,184.5644989013672
AAPL,2023-11-14,187.6999969482422,188.11000061035156,186.3000030517578,187.44000244140625,60108400,187.2011260986328
AAPL,2023-11-15,187.85000610351562,189.5,187.77999877929688,188.00999450683594,53790500,187.7703857421875
AAPL,2023-11-16,189.57000732421875,190.9600067138672,188.64999389648438,189.7100067138672,54412900,189.46824645996094
AAPL,2023-11-17,190.25,190.3800048828125,188.57000732421875,189.69000244140625,50922700,189.44825744628906
AAPL,2023-11-20,189.88999938964844,191.91000366210938,189.8800048828125,191.4499969482422,46505100,191.2060089111328
AAPL,2023-11-21,191.41000366210938,191.52000427246094,189.74000549316406,190.63999938964844,38134500,190.3970489501953
AAPL,2023-11-22,191.49000549316406,192.92999267578125,190.8300018310547,191.30999755859375,39617700,191.06619262695312
AAPL,2023-11-24,190.8699951171875,190.89999389648438,189.25,189.97000122070312,24048300,189.7279052734375
AAPL,2023-11-27,189.9199981689453,190.6699981689453,188.89999389648438,189.7899932861328,40552600,189.54812622070312
AAPL,2023-11-28,189.77999877929688,191.0800018310547,189.39999389648438,190.39999389648438,38415400,190.1573486328125
AAPL,2023-11-29,190.89999389648438,192.08999633789062,188.97000122070312,189.3699951171875,43014200,189.128662109375
AAPL,2023-11-30,189.83999633789062,190.32000732421875,188.19000244140625,189.9499969482422,48794400,189.70791625976562
AAPL,2023-12-01,190.3300018310547,191.55999755859375,189.22999572753906,191.24000549316406,45679300,190.9962921142578
AAPL,2023-12-04,189.97999572753906,190.0500030517578,187.4499969482422,189.42999267578125,43389500,189.18858337402344
AAPL,2023-12-05,190.2100067138672,194.39999389648438,190.17999267578125,193.4199981689453,66628400,193.1735076904297
AAPL,2023-12-06,194.4499969482422,194.75999450683594,192.11000061035156,192.32000732421875,41089700,192.07492065429688
AAPL,2023-12-07,193.6300048828125,195,193.58999633789062,194.27000427246094,47477700,194.02243041992188
AAPL,2023-12-08,194.1999969482422,195.99000549316406,193.6699981689453,195.7100067138672,53377300,195.46058654785156
AAPL,2023-12-11,193.11000061035156,193.49000549316406,191.4199981689453,193.17999267578125,60943700,192.93380737304688
AAPL,2023-12-12,193.0800018310547,194.72000122070312,191.72000122070312,194.7100067138672,52696900,194.4618682861328
AAPL,2023-12-13,195.08999633789062,198,194.85000610351562,197.9600067138672,70404200,197.7077178955078
AAPL,2023-12-14,198.02000427246094,199.6199951171875,196.16000366210938,198.11000061035156,66831600,197.85752868652344
AAPL,2023-12-15,197.52999877929688,198.39999389648438,197,197.57000732421875,128256700,197.31822204589844
AAPL,2023-12-18,196.08999633789062,196.6300048828125,194.38999938964844,195.88999938964844,55751900,195.64035034179688
AAPL,2023-12-19,196.16000366210938,196.9499969482422,195.88999938964844,196.94000244140625,40714100,196.68902587890625
AAPL,2023-12-20,196.89999389648438,197.67999267578125,194.8300018310547,194.8300018310547,52242800,194.5817108154297
AAPL,2023-12-21,196.10000610351562,197.0800018310547,193.5,194.67999267578125,46482500,194.431884765625
AAPL,2023-12-22,195.17999267578125,195.41000366210938,192.97000122070312,193.60000610351562,37122800,193.35328674316406
AAPL,2023-12-26,193.61000061035156,193.88999938964844,192.8300018310547,193.0500030517578,28919300,192.80398559570312
AAPL,2023-12-27,192.49000549316406,193.5,191.08999633789062,193.14999389648438,48087700,192.90383911132812
AAPL,2023-12-28,194.13999938964844,194.66000366210938,193.1699981689453,193.5800018310547,34049900,193.3332977294922
AAPL,2023-12-29,193.89999389648438,194.39999389648438,191.72999572753906,192.52999877929688,42628800,192.28463745117188
AAPL,2024-01-02,187.14999389648438,188.44000244140625,183.88999938964844,185.63999938964844,82488700,185.40341186523438
AAPL,2024-01-03,184.22000122070312,185.8800048828125,183.42999267578125,184.25,58414500,184.01519775390625
AAPL,2024-01-04,182.14999389648438,183.08999633789062,180.8800048828125,181.91000366210938,71983600,181.6781768798828
AAPL,2024-01-05,181.99000549316406,182.75999450683594,180.1699981689453,181.17999267578125,62303300,180.9490966796875
AAPL,2024-01-08,182.08999633789062,185.60000610351562,181.5,185.55999755859375,59144500,185.32351684570312
AAPL,2024-01-09,183.9199981689453,185.14999389648438,182.72999572753906,185.13999938964844,42841800,184.904052734375
AAPL,2024-01-10,184.35000610351562,186.39999389648438,183.9199981689453,186.19000244140625,46792900,185.9527130126953
AAPL,2024-01-11,186.5399932861328,187.0500030517578,183.6199951171875,185.58999633789062,49128400,185.35348510742188
AAPL,2024-01-12,186.05999755859375,186.74000549316406,185.19000244140625,185.9199981689453,40444700,185.6830596923828
AAPL,2024-01-16,182.16000366210938,184.25999450683594,180.92999267578125,183.6300048828125,65603000,183.39598083496094
AAPL,2024-01-17,181.27000427246094,182.92999267578125,180.3000030517578,182.67999267578125,47317400,182.4471893310547
AAPL,2024-01-18,186.08999633789062,189.13999938964844,185.8300018310547,188.6300048828125,78005800,188.38961791992188
AAPL,2024-01-19,189.3300018310547,191.9499969482422,188.82000732421875,191.55999755859375,68741000,191.3158721923828
AAPL,2024-01-22,192.3000030517578,195.3300018310547,192.25999450683594,193.88999938964844,60133900,193.6428985595703
AAPL,2024-01-23,195.02000427246094,195.75,193.8300018310547,195.17999267578125,42355600,194.93125915527344
AAPL,2024-01-24,195.4199981689453,196.3800048828125,194.33999633789062,194.5,53631300,194.2521209716797
AAPL,2024-01-25,195.22000122070312,196.27000427246094,193.11000061035156,194.1699981689453,54822100,193.92254638671875
AAPL,2024-01-26,194.27000427246094,194.75999450683594,191.94000244140625,192.4199981689453,44594000,192.17477416992188
AAPL,2024-01-29,192.00999450683594,192.1999969482422,189.5800018310547,191.72999572753906,47145600,191.48565673828125
AAPL,2024-01-30,190.94000244140625,191.8000030517578,187.47000122070312,188.0399932861328,55859400,187.80035400390625
AAPL,2024-01-31,187.0399932861328,187.10000610351562,184.35000610351562,184.39999389648438,55467800,184.1649932861328
AAPL,2024-02-01,183.99000549316406,186.9499969482422,183.82000732421875,186.86000061035156,64885400,186.6218719482422
AAPL,2024-02-02,179.86000061035156,187.3300018310547,179.25,185.85000610351562,102518000,185.6131591796875
AAPL,2024-02-05,188.14999389648438,189.25,185.83999633789062,187.67999267578125,69668800,187.44081115722656
AAPL,2024-02-06,186.86000061035156,189.30999755859375,186.77000427246094,189.3000030517578,43490800,189.0587615966797
AAPL,2024-02-07,190.63999938964844,191.0500030517578,188.61000061035156,189.41000366210938,53439000,189.1686248779297
AAPL,2024-02-08,189.38999938964844,189.5399932861328,187.35000610351562,188.32000732421875,40962000,188.08001708984375
AAPL,2024-02-09,188.64999389648438,189.99000549316406,188,188.85000610351562,45155200,188.85000610351562
AAPL,2024-02-12,188.4199981689453,188.6699981689453,186.7899932861328,187.14999389648438,41781900,187.14999389648438
AAPL,2024-02-13,185.77000427246094,186.2100067138672,183.50999450683594,185.0399932861328,56529500,185.0399932861328
AAPL,2024-02-14,185.32000732421875,185.52999877929688,182.44000244140625,184.14999389648438,54630500,184.14999389648438
AAPL,2024-02-15,183.5500030517578,184.49000549316406,181.35000610351562,183.86000061035156,65434500,183.86000061035156
AAPL,2024-02-16,183.4199981689453,184.85000610351562,181.6699981689453,182.30999755859375,49701400,182.30999755859375
AAPL,2024-02-20,181.7899932861328,182.42999267578125,180,181.55999755859375,53665600,181.55999755859375
AAPL,2024-02-21,181.94000244140625,182.88999938964844,180.66000366210938,182.32000732421875,41529700,182.32000732421875
AAPL,2024-02-22,183.47999572753906,184.9600067138672,182.4600067138672,184.3699951171875,52292200,184.3699951171875
AAPL,2024-02-23,185.00999450683594,185.0399932861328,182.22999572753906,182.52000427246094,45119700,182.52000427246094
AAPL,2024-02-26,182.24000549316406,182.75999450683594,180.64999389648438,181.16000366210938,40867400,181.16000366210938
AAPL,2024-02-27,181.10000610351562,183.9199981689453,179.55999755859375,182.6300048828125,54318900,182.6300048828125
AAPL,2024-02-28,182.50999450683594,183.1199951171875,180.1300048828125,181.4199981689453,48953900,181.4199981689453
AAPL,2024-02-29,181.27000427246094,182.57000732421875,179.52999877929688,180.75,136682600,180.75
AAPL,2024-03-01,179.5500030517578,180.52999877929688,177.3800048828125,179.66000366210938,73488000,179.66000366210938
AAPL,2024-03-04,176.14999389648438,176.89999389648438,173.7899932861328,175.10000610351562,81510100,175.10000610351562
AAPL,2024-03-05,170.75999450683594,172.0399932861328,169.6199951171875,170.1199951171875,95132400,170.1199951171875
AAPL,2024-03-06,171.05999755859375,171.24000549316406,168.67999267578125,169.1199951171875,68436900,169.1199951171875
NFLX,2014-01-02,52.40142822265625,52.51142883300781,51.5428581237793,51.83142852783203,12325600,51.83142852783203
NFLX,2014-01-03,52,52.49571228027344,51.842857360839844,51.871429443359375,10817100,51.871429443359375
NFLX,2014-01-06,51.88999938964844,52.04428482055664,50.47571563720703,51.36714172363281,15501500,51.36714172363281
NFLX,2014-01-07,49.68428421020508,49.698570251464844,48.15285873413086,48.5,36167600,48.5
NFLX,2014-01-08,48.104286193847656,49.42571258544922,48.07428741455078,48.71285629272461,20001100,48.71285629272461
NFLX,2014-01-09,48.82428741455078,49.13999938964844,47.85714340209961,48.150001525878906,17007200,48.150001525878906
NFLX,2014-01-10,48.29571533203125,48.37714385986328,47.218570709228516,47.448570251464844,16237900,47.448570251464844
NFLX,2014-01-13,47.30428695678711,49.810001373291016,47.30428695678711,48.11571502685547,27237000,48.11571502685547
NFLX,2014-01-14,48.77714157104492,48.79999923706055,47.5099983215332,48.279998779296875,19740000,48.279998779296875
NFLX,2014-01-15,47.85714340209961,48.36714172363281,45.58142852783203,47.1971435546875,40432000,47.1971435546875
NFLX,2014-01-16,46.915714263916016,47.69571304321289,46.00285720825195,47.38285827636719,21135800,47.38285827636719
NFLX,2014-01-17,47.43857192993164,47.83142852783203,46.89142990112305,47.1485710144043,16417100,47.1485710144043
NFLX,2014-01-21,47.461429595947266,47.49571228027344,45.75,46.95857238769531,25220300,46.95857238769531
NFLX,2014-01-22,47.07143020629883,47.77714157104492,46.764286041259766,47.67571258544922,48342000,47.67571258544922
NFLX,2014-01-23,55.342857360839844,56.51856994628906,53.92714309692383,55.531429290771484,91280000,55.531429290771484
NFLX,2014-01-24,54.81142807006836,55.81428527832031,54.76856994628906,55.1542854309082,35466900,55.1542854309082
NFLX,2014-01-27,55.3414306640625,55.92856979370117,52.93714141845703,54.461429595947266,32526900,54.461429595947266
NFLX,2014-01-28,54.47428512573242,58.2014274597168,54.394287109375,58.11000061035156,43590400,58.11000061035156
NFLX,2014-01-29,57.58856964111328,58.191429138183594,56.86428451538086,57.202857971191406,28968100,57.202857971191406
NFLX,2014-01-30,58.157142639160156,58.45571517944336,57.35857009887695,57.810001373291016,18379200,57.810001373291016
NFLX,2014-01-31,57.47285842895508,58.91428756713867,57.47142791748047,58.47571563720703,23625000,58.47571563720703
NFLX,2014-02-03,58.842857360839844,58.878570556640625,57.24571228027344,57.76856994628906,20145300,57.76856994628906
NFLX,2014-02-04,57.92142868041992,58.361427307128906,56.71571350097656,57.987144470214844,18066300,57.987144470214844
NFLX,2014-02-05,57.592857360839844,58.25,56.85714340209961,57.77428436279297,16762900,57.77428436279297
NFLX,2014-02-06,58.060001373291016,58.7014274597168,57.202857971191406,58.272857666015625,12852000,58.272857666015625
NFLX,2014-02-07,59.06285858154297,61.5,58.65142822265625,61.42571258544922,32921000,61.42571258544922
NFLX,2014-02-10,61.34714126586914,61.76714324951172,60.611427307128906,61.49142837524414,13812400,61.49142837524414
NFLX,2014-02-11,61.422855377197266,62.25143051147461,60.78714370727539,61.99856948852539,13667500,61.99856948852539
NFLX,2014-02-12,62.111427307128906,62.128570556640625,60.79142761230469,61.27571487426758,15673000,61.27571487426758
NFLX,2014-02-13,60.81285858154297,62.78428649902344,60.71428680419922,62.36428451538086,18700500,62.36428451538086
NFLX,2014-02-14,62.43714141845703,62.52857208251953,61.66999816894531,62.21571350097656,11985400,62.21571350097656
NFLX,2014-02-18,62.422855377197266,63.03428649902344,61.14285659790039,62.407142639160156,15507800,62.407142639160156
NFLX,2014-02-19,61.667144775390625,62.32143020629883,61.138572692871094,61.17571258544922,16031400,61.17571258544922
NFLX,2014-02-20,61.478572845458984,62.538570404052734,61.308570861816406,62.13571548461914,11965100,62.13571548461914
NFLX,2014-02-21,62.67142868041992,62.67142868041992,61.378570556640625,61.74714279174805,13483400,61.74714279174805
NFLX,2014-02-24,62.209999084472656,64.2414321899414,61.21428680419922,63.85714340209961,26043500,63.85714340209961
NFLX,2014-02-25,64.28571319580078,65.39856719970703,63.57143020629883,64.71857452392578,18700500,64.71857452392578
NFLX,2014-02-26,65.128570556640625,65.14286041259766,63.71428680419922,64.11285400390625,15010100,64.11285400390625
NFLX,2014-02-27,63.977142333984375,64.87571716308594,63.977142333984375,64.60428619384766,10304700,64.60428619384766
NFLX,2014-02-28,64.73285675048828,64.885711669921875,63,63.66143035888672,15751400,63.66143035888672
NFLX,2014-03-03,63.02714157104492,63.67856979370117,62.58571243286133,63.65571212768555,13528200,63.65571212768555
NFLX,2014-03-04,64.417144775390625,65,63.65571212768555,64.99714660644531,12387900,64.99714660644531
NFLX,2014-03-05,64.855712890625,65.26285552978516,64.5585708618164,64.78571319580078,10868900,64.78571319580078
NFLX,2014-03-06,64.9914321899414,65.42857360839844,64.14142608642578,64.35857391357422,11809000,64.35857391357422
NFLX,2014-03-07,64.86714172363281,64.93428802490234,63.644287109375,64.0528564453125,11573800,64.0528564453125
NFLX,2014-03-10,64.06714630126953,64.1114273071289,61.728572845458984,62.849998474121094,15439200,62.849998474121094
NFLX,2014-03-11,63.23428726196289,63.81142807006836,62.235713958740234,62.49714279174805,10448200,62.49714279174805
NFLX,2014-03-12,61.95428466796875,62.78571319580078,61.38285827636719,62.36857223510742,12134500,62.36857223510742
NFLX,2014-03-13,62.81571578979492,62.89714431762695,61.182857513427734,61.43714141845703,11390400,61.43714141845703
NFLX,2014-03-14,61.104286193847656,62.14142990112305,60.42856979370117,60.64142990112305,14989100,60.64142990112305
NFLX,2014-03-17,61.16999816894531,61.5428581237793,60.33000183105469,60.388572692871094,10695300,60.388572692871094
NFLX,2014-03-18,60.33856964111328,60.894287109375,59.5,60.03571319580078,14688100,60.03571319580078
NFLX,2014-03-19,59.98143005371094,60.77857208251953,59.58000183105469,60.012855529785156,10531500,60.012855529785156
NFLX,2014-03-20,59.952857971191406,61.74285888671875,59.92856979370117,60.61000061035156,14494900,60.61000061035156
NFLX,2014-03-21,60.871429443359375,61.191429138183594,57.96285629272461,57.99856948852539,26770800,57.99856948852539
NFLX,2014-03-24,57.92714309692383,58.06428527832031,52.657142639160156,54.128570556640625,42483700,54.128570556640625
NFLX,2014-03-25,54.14285659790039,54.9900016784668,52.25,52.977142333984375,30356900,52.977142333984375
NFLX,2014-03-26,53.28714370727539,53.92142868041992,52.36714172363281,53.182857513427734,27152300,53.182857513427734
NFLX,2014-03-27,53.00143051147461,53.97571563720703,51.64714431762695,52.02571487426758,28672000,52.02571487426758
NFLX,2014-03-28,51.459999084472656,52.71428680419922,50.82143020629883,51.26714324951172,24699500,51.26714324951172
NFLX,2014-03-31,51.644287109375,52.4085693359375,49.98285675048828,50.290000915527344,22125600,50.290000915527344
NFLX,2014-04-01,50.25,52.17856979370117,50.24856948852539,52.09857177734375,21338800,52.09857177734375
NFLX,2014-04-02,52.237144470214844,53.00714111328125,51.18571472167969,51.84000015258789,24194100,51.84000015258789
NFLX,2014-04-03,51.61857223510742,52.157142639160156,50.014286041259766,50.66999816894531,21983500,50.66999816894531
NFLX,2014-04-04,50.77857208251953,50.85714340209961,47.98285675048828,48.18714141845703,34958000,48.18714141845703
NFLX,2014-04-07,48.644287109375,49.74142837524414,47.301429748535156,48.28571319580078,37351300,48.28571319580078
NFLX,2014-04-08,48.57857131958008,50.112857818603516,48.3414306640625,49.8414306640625,25761400,49.8414306640625
NFLX,2014-04-09,50.14714431762695,50.55714416503906,49.021427154541016,50.432857513427734,20511400,50.432857513427734
NFLX,2014-04-10,50.63999938964844,51.06856918334961,47.71571350097656,47.81856918334961,24871000,47.81856918334961
NFLX,2014-04-11,47.25714111328125,47.83142852783203,46.22999954223633,46.672855377197266,30146200,46.672855377197266
NFLX,2014-04-14,47.55571365356445,47.85714340209961,46.505714416503906,47.36857223510742,17994200,47.36857223510742
NFLX,2014-04-15,47.01142883300781,47.36714172363281,44.58571243286133,46.61000061035156,30799300,46.61000061035156
NFLX,2014-04-16,47.2928581237793,47.709999084472656,46.19428634643555,47.34428787231445,16114700,47.34428787231445
NFLX,2014-04-17,48.10857009887695,49.961429595947266,47.5,49.39142990112305,32116000,49.39142990112305
NFLX,2014-04-21,49.900001525878906,49.91428756713867,48.32857131958008,49.78428649902344,47892600,49.78428649902344
NFLX,2014-04-22,53.80428695678711,54.41143035888672,52.11857223510742,53.271427154541016,64702400,53.271427154541016
NFLX,2014-04-23,51.81856918334961,52.5,50.42856979370117,50.5,40285000,50.5
NFLX,2014-04-24,50.35714340209961,50.842857360839844,47.82857131958008,49.15285873413086,30639000,49.15285873413086
NFLX,2014-04-25,48.20857238769531,48.772857666015625,46,46.01142883300781,33071500,46.01142883300781
NFLX,2014-04-28,45.43571472167969,45.842857360839844,42.78571319580078,44.887142181396484,47123300,44.887142181396484
NFLX,2014-04-29,44.605712890625,46.37571334838867,44.575714111328125,45.69571304321289,23132900,45.69571304321289
NFLX,2014-04-30,45.417144775390625,46.05714416503906,44.32143020629883,46.005714416503906,23618700,46.005714416503906
NFLX,2014-05-01,46.2928581237793,49.38428497314453,46.150001525878906,48.07428741455078,37001300,48.07428741455078
NFLX,2014-05-02,48.21571350097656,49.128570556640625,47.72142791748047,48.66428756713867,26194700,48.66428756713867
NFLX,2014-05-05,48.29571533203125,49.354286193847656,48.014286041259766,49.1971435546875,20330800,49.1971435546875
NFLX,2014-05-06,49.10285568237305,49.674285888671875,46.52000045776367,46.59857177734375,22722700,46.59857177734375
NFLX,2014-05-07,46.59000015258789,46.834285736083984,45.029998779296875,45.79142761230469,25680900,45.79142761230469
NFLX,2014-05-08,45.308570861816406,47.388572692871094,44.9085693359375,45.9514274597168,21168700,45.9514274597168
NFLX,2014-05-09,46.01142883300781,47.13428497314453,45.33571243286133,46.93571472167969,17968300,46.93571472167969
NFLX,2014-05-12,47.26571273803711,49.361427307128906,47.21714401245117,49.349998474121094,21395500,49.349998474121094
NFLX,2014-05-13,49.2071418762207,50.61000061035156,48.67714309692383,49.5914306640625,20832000,49.5914306640625
NFLX,2014-05-14,49.57857131958008,50.628570556640625,49.43714141845703,50.26856994628906,19891900,50.26856994628906
NFLX,2014-05-15,50.121429443359375,50.255714416503906,48.48285675048828,49.16999816894531,23370200,49.16999816894531
NFLX,2014-05-16,49.35285568237305,49.99571228027344,48.5485725402832,49.98285675048828,19072200,49.98285675048828
NFLX,2014-05-19,49.57143020629883,52.459999084472656,49.50714111328125,52.07143020629883,25393200,52.07143020629883
NFLX,2014-05-20,52.144287109375,53.24285888671875,51.771427154541016,53.0957145690918,28828100,53.0957145690918
NFLX,2014-05-21,53.58856964111328,55.81285858154297,53.33571243286133,55.79999923706055,39939900,55.79999923706055
NFLX,2014-05-22,55.84000015258789,56.78571319580078,55.35714340209961,55.97142791748047,33222700,55.97142791748047
NFLX,2014-05-23,55.948570251464844,57.49571228027344,55.665714263916016,57.478572845458984,22122100,57.478572845458984
NFLX,2014-05-27,57.42856979370117,57.459999084472656,56.16428756713867,56.97285842895508,26735100,56.97285842895508
NFLX,2014-05-28,56.74285888671875,57.88571548461914,56.21428680419922,57.31999969482422,19873700,57.31999969482422
NFLX,2014-05-29,57.628570556640625,59.42714309692383,57.07857131958008,59.31428527832031,22844500,59.31428527832031
NFLX,2014-05-30,59.31142807006836,60.24856948852539,58.801429748535156,59.689998626708984,29248800,59.689998626708984
NFLX,2014-06-02,59.92571258544922,60.415714263916016,58.92856979370117,60.29428482055664,20480600,60.29428482055664
NFLX,2014-06-03,59.99856948852539,60.79999923706055,59.57857131958008,59.65285873413086,17133200,59.65285873413086
NFLX,2014-06-04,59.53714370727539,60.64285659790039,59.0428581237793,60.45857238769531,17432800,60.45857238769531
NFLX,2014-06-05,60.53571319580078,61.342857360839844,59.79571533203125,61.19285583496094,18930800,61.19285583496094
NFLX,2014-06-06,61.43000030517578,62.12714385986328,61.19428634643555,61.4471435546875,15730400,61.4471435546875
NFLX,2014-06-09,61.35714340209961,61.521427154541016,60.012855529785156,60.441429138183594,16678900,60.441429138183594
NFLX,2014-06-10,60.788570404052734,62.29142761230469,60.71714401245117,61.18428421020508,22920100,61.18428421020508
NFLX,2014-06-11,60.74714279174805,61.79999923706055,60.71428680419922,61.42856979370117,13745900,61.42856979370117
NFLX,2014-06-12,61.29571533203125,61.46428680419922,60.07143020629883,60.349998474121094,15803200,60.349998474121094
NFLX,2014-06-13,60.42856979370117,61.128570556640625,59.6014289855957,61.1014289855957,15778700,61.1014289855957
NFLX,2014-06-16,60.932857513427734,61.6014289855957,60.48857116699219,61.46571350097656,12506200,61.46571350097656
NFLX,2014-06-17,62.577144622802734,64.01285552978516,62.538570404052734,63.378570556640625,28996100,63.378570556640625
NFLX,2014-06-18,63.38142776489258,64.4028549194336,62.89285659790039,64.0971450805664,18786600,64.0971450805664
NFLX,2014-06-19,64.20428466796875,64.212860107421875,62.58000183105469,63.05571365356445,17308200,63.05571365356445
NFLX,2014-06-20,63.02857208251953,63.26856994628906,62.13999938964844,62.88285827636719,13222300,62.88285827636719
NFLX,2014-06-23,62.76571273803711,63.12285614013672,62.22142791748047,62.788570404052734,10672900,62.788570404052734
NFLX,2014-06-24,62.57857131958008,64.27714538574219,62.21428680419922,62.33714294433594,20367200,62.33714294433594
NFLX,2014-06-25,62.14285659790039,63.53714370727539,61.9042854309082,63.45857238769531,15752100,63.45857238769531
NFLX,2014-06-26,62.970001220703125,63.16285705566406,62.39285659790039,62.801429748535156,14237300,62.801429748535156
NFLX,2014-06-27,62.61714172363281,63.31285858154297,62.485713958740234,63.1542854309082,15587600,63.1542854309082
NFLX,2014-06-30,63.26571273803711,63.83856964111328,62.81285858154297,62.94285583496094,10588900,62.94285583496094
NFLX,2014-07-01,65.17571258544922,67.66857147216797,65.04285430908203,67.5857162475586,37995300,67.5857162475586
NFLX,2014-07-02,67.63999938964844,67.98143005371094,66.57714080810547,66.67713928222656,17309600,66.67713928222656
NFLX,2014-07-03,67.16571044921875,67.51714324951172,66.98143005371094,67.47856903076172,11359600,67.47856903076172
NFLX,2014-07-07,67.44285583496094,67.46142578125,65.71428680419922,65.8028564453125,18296600,65.8028564453125
NFLX,2014-07-08,65.6642837524414,65.85713958740234,62.75428771972656,63.57857131958008,26182800,63.57857131958008
NFLX,2014-07-09,63.7400016784668,64.1914291381836,62.81856918334961,63.28571319580078,21011200,63.28571319580078
NFLX,2014-07-10,62.05571365356445,63.45571517944336,61.17142868041992,62.650001525878906,24388700,62.650001525878906
NFLX,2014-07-11,63.06571578979492,63.4471435546875,62.45000076293945,62.8514289855957,14219100,62.8514289855957
NFLX,2014-07-14,63.32857131958008,65.068572998046875,62.71428680419922,64.65428924560547,17433500,64.65428924560547
NFLX,2014-07-15,64.38428497314453,64.48143005371094,63.18143081665039,64.15571594238281,13505800,64.15571594238281
NFLX,2014-07-16,64.86714172363281,65.0999984741211,63.342857360839844,63.49142837524414,13438600,63.49142837524414
NFLX,2014-07-17,63.325714111328125,64.121429443359375,62.612857818603516,62.76571273803711,13266400,62.76571273803711
NFLX,2014-07-18,62.97285842895508,63.47142791748047,62.25,63.452857971191406,11760700,63.452857971191406
NFLX,2014-07-21,64.52714538574219,65.35713958740234,63.94571304321289,64.56428527832031,34671000,64.56428527832031
NFLX,2014-07-22,63.28285598754883,63.52428436279297,60.72285842895508,61.584285736083984,57174600,61.584285736083984
NFLX,2014-07-23,61.487144470214844,62.2014274597168,60.93000030517578,61.128570556640625,17267600,61.128570556640625
NFLX,2014-07-24,61.35285568237305,61.45857238769531,59.86000061035156,60.76856994628906,18621400,60.76856994628906
NFLX,2014-07-25,60.71428680419922,61.167144775390625,60.05714416503906,60.26571273803711,11610200,60.26571273803711
NFLX,2014-07-28,60.31571578979492,60.84428787231445,59.788570404052734,60.665714263916016,11960900,60.665714263916016
NFLX,2014-07-29,60.45857238769531,61.198570251464844,60.45857238769531,60.611427307128906,9282000,60.611427307128906
NFLX,2014-07-30,60.67856979370117,62.18428421020508,60.61571502685547,62.051429748535156,15263500,62.051429748535156
NFLX,2014-07-31,61.46571350097656,61.85285568237305,60.18428421020508,60.388572692871094,13820100,60.388572692871094
NFLX,2014-08-01,60.25143051147461,61.104286193847656,58.93000030517578,60.771427154541016,18947600,60.771427154541016
NFLX,2014-08-04,61.02857208251953,61.42856979370117,60.111427307128906,60.38571548461914,10686900,60.38571548461914
NFLX,2014-08-05,60.18571472167969,61.14285659790039,60.04428482055664,60.407142639160156,10653300,60.407142639160156
NFLX,2014-08-06,60.14285659790039,62.128570556640625,60.07857131958008,61.47142791748047,15835400,61.47142791748047
NFLX,2014-08-07,62.18571472167969,64.27857208251953,62.07857131958008,64.23857116699219,27313300,64.23857116699219
NFLX,2014-08-08,64.31428527832031,64.424285888671875,63.150001525878906,63.69285583496094,15495200,63.69285583496094
NFLX,2014-08-11,64.174285888671875,65.378570556640625,64.10143280029297,64.5057144165039,13246800,64.5057144165039
NFLX,2014-08-12,64.47856903076172,64.71428680419922,63.34428787231445,63.772857666015625,10845100,63.772857666015625
NFLX,2014-08-13,64.0857162475586,64.8885726928711,63.83142852783203,64.50428771972656,9058000,64.50428771972656
NFLX,2014-08-14,64.60143280029297,65,64.03142547607422,64.410003662109375,6676600,64.410003662109375
NFLX,2014-08-15,64.49857330322266,66,64.0857162475586,65.58428955078125,22036700,65.58428955078125
NFLX,2014-08-18,66.0085678100586,67.07142639160156,65.89286041259766,66.57142639160156,13496000,66.57142639160156
NFLX,2014-08-19,66.727142333984375,67.21428680419922,66.061431884765625,66.878570556640625,10897600,66.878570556640625
NFLX,2014-08-20,66.71428680419922,67.67857360839844,66.36285400390625,67.4557113647461,12163900,67.4557113647461
NFLX,2014-08-21,67.325714111328125,68.02143096923828,66.80999755859375,67.43571472167969,11746700,67.43571472167969
NFLX,2014-08-22,67.27714538574219,68.50714111328125,67.1500015258789,68.4557113647461,13735400,68.4557113647461
NFLX,2014-08-25,68.79285430908203,69.32856750488281,68.21857452392578,68.70428466796875,13484800,68.70428466796875
NFLX,2014-08-26,68.35713958740234,68.8357162475586,67.79285430908203,68.4800033569336,10137400,68.4800033569336
NFLX,2014-08-27,68.4857177734375,68.60713958740234,67.66143035888672,67.81428527832031,10394300,67.81428527832031
NFLX,2014-08-28,67.52143096923828,68.21142578125,67.2585678100586,67.88714599609375,7584500,67.88714599609375
NFLX,2014-08-29,68.121429443359375,68.64286041259766,67.734283447265625,68.234283447265625,9838500,68.234283447265625
NFLX,2014-09-02,68.35713958740234,68.39856719970703,67.79856872558594,68.0857162475586,8806700,68.0857162475586
NFLX,2014-09-03,68.64571380615234,69.65714263916016,68.075714111328125,68.19857025146484,16219000,68.19857025146484
NFLX,2014-09-04,68.44428253173828,68.81285858154297,67.4471435546875,67.52428436279297,11958800,67.52428436279297
NFLX,2014-09-05,67.60428619384766,68.19285583496094,67.1528549194336,67.95428466796875,11953200,67.95428466796875
NFLX,2014-09-08,67.77143096923828,68.65714263916016,67.74285888671875,68.47571563720703,7668500,68.47571563720703
NFLX,2014-09-09,69.47142791748047,69.89856719970703,68.05714416503906,68.43000030517578,19737900,68.43000030517578
NFLX,2014-09-10,68.5999984741211,69.25,68.14856719970703,69.19857025146484,9104900,69.19857025146484
NFLX,2014-09-11,68.938568115234375,69.19428253173828,68.52428436279297,68.7942886352539,7865200,68.7942886352539
NFLX,2014-09-12,69.09285736083984,69.2699966430664,68.01714324951172,68.07856750488281,13425300,68.07856750488281
NFLX,2014-09-15,68.220001220703125,68.220001220703125,65.2642822265625,65.39286041259766,20617100,65.39286041259766
NFLX,2014-09-16,64.05714416503906,65.44857025146484,63.657142639160156,65.272857666015625,26838700,65.272857666015625
NFLX,2014-09-17,65.272857666015625,65.5528564453125,64.470001220703125,64.93285369873047,12133100,64.93285369873047
NFLX,2014-09-18,65.35285949707031,65.9085693359375,64.76000213623047,65.57286071777344,10630200,65.57286071777344
NFLX,2014-09-19,65.85713958740234,65.90428924560547,64.88143157958984,65.36000061035156,11960900,65.36000061035156
NFLX,2014-09-22,65.181427001953125,65.27857208251953,62.6971435546875,63.25428771972656,16169300,63.25428771972656
NFLX,2014-09-23,63.03285598754883,64.00142669677734,62.92856979370117,63.41428756713867,11471600,63.41428756713867
NFLX,2014-09-24,63.494285583496094,64.522857666015625,63.220001220703125,64.36571502685547,9551500,64.36571502685547
NFLX,2014-09-25,64.27143096923828,64.621429443359375,63.202857971191406,63.355712890625,9839900,63.355712890625
NFLX,2014-09-26,63.57143020629883,64.37714385986328,63.41285705566406,64.10713958740234,10404800,64.10713958740234
NFLX,2014-09-29,63.43857192993164,64.36285400390625,63.145713806152344,64.22285461425781,9516500,64.22285461425781
NFLX,2014-09-30,64.614288330078125,65.31285858154297,64.25714111328125,64.45428466796875,12472600,64.45428466796875
NFLX,2014-10-01,64.09857177734375,64.28571319580078,62.470001220703125,62.68571472167969,15416100,62.68571472167969
NFLX,2014-10-02,62.70000076293945,64.355712890625,62.55428695678711,64.2828598022461,18450600,64.2828598022461
NFLX,2014-10-03,64.7414321899414,65.80000305175781,64.644287109375,65.64856719970703,15290100,65.64856719970703
NFLX,2014-10-06,66,66.7442855834961,65.85713958740234,66.21142578125,13709500,66.21142578125
NFLX,2014-10-07,65.871429443359375,66.6114273071289,65.14286041259766,65.17857360839844,13759200,65.17857360839844
NFLX,2014-10-08,65.2357177734375,66.80000305175781,64.48285675048828,66.69428253173828,14332500,66.69428253173828
NFLX,2014-10-09,66.66143035888672,66.855712890625,65.65142822265625,65.94571685791016,14928200,65.94571685791016
NFLX,2014-10-10,65.68571472167969,66.40571594238281,64.4914321899414,64.582855224609375,19110700,64.582855224609375
NFLX,2014-10-13,64.46428680419922,64.6385726928711,61.85714340209961,62.6542854309082,20216700,62.6542854309082
NFLX,2014-10-14,63.644287109375,64.56999969482422,62.59000015258789,64.160003662109375,16747500,64.160003662109375
NFLX,2014-10-15,63.49571228027344,64.42571258544922,61.45428466796875,64.08428955078125,59927700,64.08428955078125
NFLX,2014-10-16,47.53285598754883,52.310001373291016,47.28571319580078,51.67142868041992,92304800,51.67142868041992
NFLX,2014-10-17,51.40142822265625,51.43857192993164,48.78571319580078,51.012855529785156,79160900,51.012855529785156
NFLX,2014-10-20,50.85714340209961,52.74142837524414,50.7928581237793,51.317142486572266,33529300,51.317142486572266
NFLX,2014-10-21,51.75143051147461,52.3985710144043,50.77714157104492,52.28428649902344,19365500,52.28428649902344
NFLX,2014-10-22,52.71285629272461,54.56856918334961,51.88571548461914,53.521427154541016,32150300,53.521427154541016
NFLX,2014-10-23,54.36000061035156,55.11000061035156,54.03571319580078,54.720001220703125,19916400,54.720001220703125
NFLX,2014-10-24,54.6542854309082,55.28571319580078,54.40142822265625,55.00285720825195,14657300,55.00285720825195
NFLX,2014-10-27,54.842857360839844,54.92856979370117,53.81428527832031,54.20000076293945,14944300,54.20000076293945
NFLX,2014-10-28,54.25,55.26714324951172,54.04999923706055,55.174285888671875,11736900,55.174285888671875
NFLX,2014-10-29,55.174285888671875,55.2400016784668,53.96714401245117,54.014286041259766,12507600,54.014286041259766
NFLX,2014-10-30,53.93000030517578,54.619998931884766,53.514286041259766,54.144287109375,10593800,54.144287109375
NFLX,2014-10-31,54.91428756713867,56.25285720825195,54.85714340209961,56.11000061035156,20470100,56.11000061035156
NFLX,2014-11-03,56.17571258544922,56.50285720825195,55.01571273803711,55.487144470214844,17581200,55.487144470214844
NFLX,2014-11-04,55.27428436279297,55.32143020629883,54.11000061035156,54.682857513427734,11389700,54.682857513427734
NFLX,2014-11-05,55.08714294433594,55.40571212768555,53.77000045776367,54.34000015258789,13645800,54.34000015258789
NFLX,2014-11-06,54,55.047142028808594,53.907142639160156,54.75714111328125,9991800,54.75714111328125
NFLX,2014-11-07,54.77714157104492,55.03571319580078,54.18571472167969,54.880001068115234,9303700,54.880001068115234
NFLX,2014-11-10,54.71428680419922,55.63571548461914,54.14285659790039,55.32428741455078,9711100,55.32428741455078
NFLX,2014-11-11,55.32428741455078,56.29999923706055,54.54428482055664,54.650001525878906,14838600,54.650001525878906
NFLX,2014-11-12,54.4471435546875,55.137142181396484,53.862857818603516,54.83714294433594,10958500,54.83714294433594
NFLX,2014-11-13,54.922855377197266,55.00714111328125,53.932857513427734,54.2014274597168,10490200,54.2014274597168
NFLX,2014-11-14,54.1971435546875,55.317142486572266,54.08142852783203,55.1485710144043,10988600,55.1485710144043
NFLX,2014-11-17,55.05428695678711,55.64285659790039,54.39285659790039,54.448570251464844,9225300,54.448570251464844
NFLX,2014-11-18,54.42856979370117,54.985713958740234,54.361427307128906,54.432857513427734,7921200,54.432857513427734
NFLX,2014-11-19,54.744285583496094,55.2928581237793,51.808570861816406,51.871429443359375,24515400,51.871429443359375
NFLX,2014-11-20,51.869998931884766,53.32285690307617,51.57143020629883,52.5914306640625,15425200,52.5914306640625
NFLX,2014-11-21,53.211429595947266,53.32143020629883,51.35714340209961,51.468570709228516,17878000,51.468570709228516
NFLX,2014-11-24,51.50857162475586,51.922855377197266,50.771427154541016,50.924285888671875,17864000,50.924285888671875
NFLX,2014-11-25,50.145713806152344,50.34714126586914,49.14285659790039,49.855712890625,28100800,49.855712890625
NFLX,2014-11-26,50.1542854309082,50.52714157104492,49.74571228027344,50.165714263916016,10063200,50.165714263916016
NFLX,2014-11-28,50.512855529785156,50.57143020629883,49.42714309692383,49.512855529785156,6702500,49.512855529785156
NFLX,2014-12-01,49.28571319580078,49.57143020629883,48.23428726196289,48.83000183105469,11964400,48.83000183105469
NFLX,2014-12-02,48.75714111328125,50.477142333984375,48.691429138183594,50.33000183105469,14271600,50.33000183105469
NFLX,2014-12-03,50.22142791748047,50.73143005371094,49.18143081665039,50.73143005371094,13819400,50.73143005371094
NFLX,2014-12-04,50.42856979370117,51.13571548461914,49.9085693359375,50.08571243286133,11853800,50.08571243286133
NFLX,2014-12-05,50.14714431762695,50.64285659790039,49.73285675048828,50.13142776489258,9930200,50.13142776489258
NFLX,2014-12-08,49.88142776489258,49.98285675048828,48.290000915527344,48.49714279174805,13621300,48.49714279174805
NFLX,2014-12-09,47.81999969482422,49.33714294433594,47.00285720825195,49.111427307128906,17976700,49.111427307128906
NFLX,2014-12-10,49.021427154541016,49.24714279174805,47.665714263916016,47.7599983215332,12644800,47.7599983215332
NFLX,2014-12-11,48.012855529785156,48.70000076293945,47.65571212768555,47.80428695678711,11769100,47.80428695678711
NFLX,2014-12-12,47.417144775390625,48.32285690307617,46.97999954223633,47.78285598754883,13521200,47.78285598754883
NFLX,2014-12-15,48.05571365356445,48.41857147216797,46.61857223510742,46.720001220703125,12019000,46.720001220703125
NFLX,2014-12-16,46.42714309692383,47.06999969482422,45.14285659790039,45.20571517944336,16947700,45.20571517944336
NFLX,2014-12-17,45.37571334838867,47.86714172363281,45.077144622802734,47.66428756713867,20192900,47.66428756713867
NFLX,2014-12-18,48.400001525878906,48.92856979370117,47.23285675048828,47.77428436279297,15639400,47.77428436279297
NFLX,2014-12-19,47.900001525878906,48.720001220703125,47.621429443359375,48.58856964111328,15047900,48.58856964111328
NFLX,2014-12-22,48.5428581237793,49.2400016784668,47.74856948852539,48.09714126586914,7994000,48.09714126586914
NFLX,2014-12-23,48.28714370727539,48.42856979370117,47.47285842895508,48.06142807006836,8291500,48.06142807006836
NFLX,2014-12-24,48.07285690307617,49.06999969482422,47.99856948852539,48.871429443359375,5411000,48.871429443359375
NFLX,2014-12-26,48.84428787231445,49.48428726196289,48.53428649902344,48.57857131958008,8847300,48.57857131958008
NFLX,2014-12-29,47.970001220703125,49.104286193847656,47.65285873413086,48.84714126586914,8588300,48.84714126586914
NFLX,2014-12-30,48.71428680419922,49.13999938964844,48.538570404052734,49.03285598754883,7011200,49.03285598754883
NFLX,2014-12-31,49.03285598754883,49.39142990112305,48.78714370727539,48.801429748535156,8627500,48.801429748535156
NFLX,2015-01-02,49.15142822265625,50.33142852783203,48.73143005371094,49.84857177734375,13475000,49.84857177734375
NFLX,2015-01-05,49.25857162475586,49.25857162475586,47.14714431762695,47.31142807006836,18165000,47.31142807006836
NFLX,2015-01-06,47.34714126586914,47.63999938964844,45.66143035888672,46.50143051147461,16037700,46.50143051147461
NFLX,2015-01-07,47.34714126586914,47.42142868041992,46.271427154541016,46.74285888671875,9849700,46.74285888671875
NFLX,2015-01-08,47.119998931884766,47.83571243286133,46.478572845458984,47.779998779296875,9601900,47.779998779296875
NFLX,2015-01-09,47.63142776489258,48.02000045776367,46.8985710144043,47.04142761230469,9578100,47.04142761230469
NFLX,2015-01-12,47.09000015258789,47.198570251464844,45.264286041259766,45.547142028808594,12944400,45.547142028808594
NFLX,2015-01-13,46.021427154541016,47.0485725402832,45.900001525878906,46.255714416503906,18721500,46.255714416503906
NFLX,2015-01-14,47.07143020629883,47.369998931884766,45.68000030517578,46.31999969482422,19884900,46.31999969482422
NFLX,2015-01-15,46.547142028808594,46.78571319580078,45.84428787231445,46.25143051147461,11669000,46.25143051147461
NFLX,2015-01-16,46.85714340209961,48.25,46.38142776489258,48.191429138183594,19696600,48.191429138183594
NFLX,2015-01-20,48.57143020629883,50,47.71428680419922,49.82857131958008,40551000,49.82857131958008
NFLX,2015-01-21,59.23428726196289,59.2400016784668,57.40999984741211,58.468570709228516,66902500,58.468570709228516
NFLX,2015-01-22,58.57143020629883,61.37428665161133,57.82857131958008,61.20571517944336,33319300,61.20571517944336
NFLX,2015-01-23,60.98857116699219,62.74285888671875,60.88142776489258,62.494285583496094,26784100,62.494285583496094
NFLX,2015-01-26,62.57143020629883,63.8985710144043,61.9571418762207,63.79428482055664,21268800,63.79428482055664
NFLX,2015-01-27,63.08714294433594,65.339996337890625,63.04999923706055,64.88143157958984,24612700,64.88143157958984
NFLX,2015-01-28,64.7414321899414,64.82142639160156,63.08142852783203,63.20857238769531,24532900,63.20857238769531
NFLX,2015-01-29,63.20428466796875,63.92714309692383,62.5,63.400001525878906,15127700,63.400001525878906
NFLX,2015-01-30,63.13285827636719,63.98428726196289,62.65571212768555,63.11428451538086,13215300,63.11428451538086
NFLX,2015-02-02,62.842857360839844,63.42856979370117,61.95571517944336,63.0099983215332,12990600,63.0099983215332
NFLX,2015-02-03,63.31999969482422,65.4671401977539,62.72999954223633,65.27428436279297,16440200,65.27428436279297
NFLX,2015-02-04,65.04142761230469,65.174285888671875,63.88999938964844,64.10143280029297,12450900,64.10143280029297
NFLX,2015-02-05,64.54142761230469,65.1385726928711,63.665714263916016,64.12999725341797,14248500,64.12999725341797
NFLX,2015-02-06,64.25,64.42857360839844,63.17571258544922,63.47999954223633,8898400,63.47999954223633
NFLX,2015-02-09,63.198570251464844,63.78571319580078,62.637142181396484,63.29571533203125,8173200,63.29571533203125
NFLX,2015-02-10,63.459999084472656,65.15714263916016,63.1014289855957,64.8499984741211,15418900,64.8499984741211
NFLX,2015-02-11,64.83000183105469,66.14142608642578,64.55714416503906,64.984283447265625,13953100,64.984283447265625
NFLX,2015-02-12,65.0585708618164,65.60713958740234,64.45143127441406,65.24714660644531,8464400,65.24714660644531
NFLX,2015-02-13,65.42857360839844,66.62999725341797,65.42285919189453,66.5857162475586,12968900,66.5857162475586
NFLX,2015-02-17,66.515716552734375,67.371429443359375,65.94428253173828,67.13714599609375,11170600,67.13714599609375
NFLX,2015-02-18,67.022857666015625,68.06999969482422,66.64571380615234,67.86571502685547,10316600,67.86571502685547
NFLX,2015-02-19,67.85713958740234,68.71428680419922,67.57428741455078,67.80000305175781,10432100,67.80000305175781
NFLX,2015-02-20,67.94999694824219,68.37428283691406,67.63714599609375,68.31428527832031,9422000,68.31428527832031
NFLX,2015-02-23,68.30000305175781,68.31428527832031,67.14286041259766,67.40571594238281,9031400,67.40571594238281
NFLX,2015-02-24,67.37285614013672,68.08428955078125,67.355712890625,67.839996337890625,6075300,67.839996337890625
NFLX,2015-02-25,67.80714416503906,68.7942886352539,67.80714416503906,68.332855224609375,6854400,68.332855224609375
NFLX,2015-02-26,68.62571716308594,69.5,68.43000030517578,69.00428771972656,10852800,69.00428771972656
NFLX,2015-02-27,69.08142852783203,69.42857360839844,67.818572998046875,67.84428405761719,11516400,67.84428405761719
NFLX,2015-03-02,67.71428680419922,68.60713958740234,67.234283447265625,68.60713958740234,10187100,68.60713958740234
NFLX,2015-03-03,68.34428405761719,68.45714569091797,67.50714111328125,67.81571197509766,7426300,67.81571197509766
NFLX,2015-03-04,67.529998779296875,67.92571258544922,66.18285369873047,67.11000061035156,17453800,67.11000061035156
NFLX,2015-03-05,67.42857360839844,67.46428680419922,66.41999816894531,66.80714416503906,11244800,66.80714416503906
NFLX,2015-03-06,66.64286041259766,66.92571258544922,64.84428405761719,64.87428283691406,12888400,64.87428283691406
NFLX,2015-03-09,64.98999786376953,65.09285736083984,62.82857131958008,63.66143035888672,18970700,63.66143035888672
NFLX,2015-03-10,63.01571273803711,63.3514289855957,61.98285675048828,62.15142822265625,17947300,62.15142822265625
NFLX,2015-03-11,62.2400016784668,63.939998626708984,62.2400016784668,62.88428497314453,16363200,62.88428497314453
NFLX,2015-03-12,63.34714126586914,64.582855224609375,63.34000015258789,64.04571533203125,14654500,64.04571533203125
NFLX,2015-03-13,63.907142639160156,64.05714416503906,62.36714172363281,62.628570556640625,10161200,62.628570556640625
NFLX,2015-03-16,61.547142028808594,61.547142028808594,59.619998931884766,60.281429290771484,26796000,60.281429290771484
NFLX,2015-03-17,59.71285629272461,60.69428634643555,59.38428497314453,59.788570404052734,18428200,59.788570404052734
NFLX,2015-03-18,59.73857116699219,60.650001525878906,59.29999923706055,60.44571304321289,14634900,60.44571304321289
NFLX,2015-03-19,60.459999084472656,61.211429595947266,60.255714416503906,60.744285583496094,11449900,60.744285583496094
NFLX,2015-03-20,61.33714294433594,61.78571319580078,60.895713806152344,61.18571472167969,13641600,61.18571472167969
NFLX,2015-03-23,60.88999938964844,61.15571212768555,60.33000183105469,60.71428680419922,7664300,60.71428680419922
NFLX,2015-03-24,61.13571548461914,63.09857177734375,61.11857223510742,62.611427307128906,16888900,62.611427307128906
NFLX,2015-03-25,62.68428421020508,62.691429138183594,60.244285583496094,60.25,21652400,60.25
NFLX,2015-03-26,59.628570556640625,60.4471435546875,59.38999938964844,59.75143051147461,16039100,59.75143051147461
NFLX,2015-03-27,59.33000183105469,59.84714126586914,58.57285690307617,59.25285720825195,15852200,59.25285720825195
NFLX,2015-03-30,59.71571350097656,60.56428527832031,59.36428451538086,60.36714172363281,13272700,60.36714172363281
NFLX,2015-03-31,60.11000061035156,60.41999816894531,59.45571517944336,59.52714157104492,14248500,59.52714157104492
NFLX,2015-04-01,59.64285659790039,59.78571319580078,58.702857971191406,59.01714324951172,14639800,59.01714324951172
NFLX,2015-04-02,59.07143020629883,59.60714340209961,58.861427307128906,59.1542854309082,9864400,59.1542854309082
NFLX,2015-04-06,58.76856994628906,60.4471435546875,58.46428680419922,60.33000183105469,10730300,60.33000183105469
NFLX,2015-04-07,60.49714279174805,60.84857177734375,60.0428581237793,60.494285583496094,9977100,60.494285583496094
NFLX,2015-04-08,61.2014274597168,63.10714340209961,61.18428421020508,63.04999923706055,22327900,63.04999923706055
NFLX,2015-04-09,63,63.13571548461914,62.11428451538086,62.78571319580078,13455400,62.78571319580078
NFLX,2015-04-10,64.39714050292969,64.99571228027344,63.9471435546875,64.938568115234375,22367100,64.938568115234375
NFLX,2015-04-13,67.23999786376953,69.28571319580078,67.05714416503906,67.811431884765625,44436700,67.811431884765625
NFLX,2015-04-14,68.85713958740234,69.14286041259766,67.42143249511719,68.38714599609375,28641900,68.38714599609375
NFLX,2015-04-15,68.70428466796875,68.70428466796875,67.364288330078125,67.92285919189453,42528500,67.92285919189453
NFLX,2015-04-16,76,81.25,75.71428680419922,80.29285430908203,104500900,80.29285430908203
NFLX,2015-04-17,79.77857208251953,82.14286041259766,79.71428680419922,81.6500015258789,58306500,81.6500015258789
NFLX,2015-04-20,81.78571319580078,82.30428314208984,80.38143157958984,81.05571746826172,30766400,81.05571746826172
NFLX,2015-04-21,81.234283447265625,81.484283447265625,79.80000305175781,80.06285858154297,15925700,80.06285858154297
NFLX,2015-04-22,80.21142578125,80.712860107421875,79.5442886352539,79.66857147216797,12089700,79.66857147216797
NFLX,2015-04-23,79.65571594238281,80.34285736083984,78.9557113647461,79.86571502685547,12687500,79.86571502685547
NFLX,2015-04-24,80.17285919189453,80.8085708618164,79.50714111328125,79.77143096923828,11045300,79.77143096923828
NFLX,2015-04-27,80.29285430908203,81.78571319580078,80.2300033569336,80.86856842041016,15246700,80.86856842041016
NFLX,2015-04-28,80.589996337890625,81.27857208251953,79.94428253173828,80.43714141845703,8826300,80.43714141845703
NFLX,2015-04-29,80.06999969482422,81.05571746826172,79.644287109375,80.40714263916016,9534700,80.40714263916016
NFLX,2015-04-30,80.23714447021484,80.8357162475586,79.12428283691406,79.5,10565100,79.5
NFLX,2015-05-01,79.855712890625,79.9671401977539,78.894287109375,79.575714111328125,8906100,79.575714111328125
NFLX,2015-05-04,79.57142639160156,79.71428680419922,78.9000015258789,79.27143096923828,7967400,79.27143096923828
NFLX,2015-05-05,81.23857116699219,82.44285583496094,80.75714111328125,80.79285430908203,27116600,80.79285430908203
NFLX,2015-05-06,81.02857208251953,81.21428680419922,79.52143096923828,80.07714080810547,11504500,80.07714080810547
NFLX,2015-05-07,80.114288330078125,80.7942886352539,79.45714569091797,80.74857330322266,10220700,80.74857330322266
NFLX,2015-05-08,81.04142761230469,82.1528549194336,80.96428680419922,82.0857162475586,13828500,82.0857162475586
NFLX,2015-05-11,82.32428741455078,84.85713958740234,82.18571472167969,84.27857208251953,23882600,84.27857208251953
NFLX,2015-05-12,83.8085708618164,83.8085708618164,82.99285888671875,83.37714385986328,11907000,83.37714385986328
NFLX,2015-05-13,83.40428924560547,84.1971435546875,82.6914291381836,82.87285614013672,11155900,82.87285614013672
NFLX,2015-05-14,83.28571319580078,83.924285888671875,82.33000183105469,83.8357162475586,8898400,83.8357162475586
NFLX,2015-05-15,86.364288330078125,88.34857177734375,85.7557144165039,87.60713958740234,37053100,87.60713958740234
NFLX,2015-05-18,87.5442886352539,88.53428649902344,87.02428436279297,88.26714324951172,14812000,88.26714324951172
NFLX,2015-05-19,88.8885726928711,89.78571319580078,87.80999755859375,88.068572998046875,19101600,88.068572998046875
NFLX,2015-05-20,88.21428680419922,89.10857391357422,87.36285400390625,88.79000091552734,12756800,88.79000091552734
NFLX,2015-05-21,89.08142852783203,89.57142639160156,88.181427001953125,89.00285339355469,12767300,89.00285339355469
NFLX,2015-05-22,89.17857360839844,89.40714263916016,88.69285583496094,88.83856964111328,7466200,88.83856964111328
NFLX,2015-05-26,88.87428283691406,89.061431884765625,87.78571319580078,87.99285888671875,9646000,87.99285888671875
NFLX,2015-05-27,88.14286041259766,89.90714263916016,87.92857360839844,89.85713958740234,10506300,89.85713958740234
NFLX,2015-05-28,89.71428680419922,89.855712890625,88.93000030517578,89.50714111328125,7821800,89.50714111328125
NFLX,2015-05-29,89.47285461425781,90.2057113647461,88.9557113647461,89.15142822265625,12712000,89.15142822265625
NFLX,2015-06-01,88.83714294433594,89.121429443359375,87.94428253173828,89.00285339355469,9926000,89.00285339355469
NFLX,2015-06-02,88.71142578125,89.67857360839844,88.40571594238281,89.12999725341797,7529200,89.12999725341797
NFLX,2015-06-03,89.24285888671875,89.73285675048828,88.644287109375,88.8085708618164,6237700,88.8085708618164
NFLX,2015-06-04,88.378570556640625,89.42857360839844,88.04285430908203,89.34857177734375,10074400,89.34857177734375
NFLX,2015-06-05,89.21428680419922,90.54000091552734,89.12571716308594,90.45999908447266,11624200,90.45999908447266
NFLX,2015-06-08,90.71428680419922,90.81571197509766,88.99571228027344,89.60428619384766,11148900,89.60428619384766
NFLX,2015-06-09,89.33428955078125,92.71428680419922,89.33428955078125,92.44999694824219,22024800,92.44999694824219
NFLX,2015-06-10,93.39571380615234,98.970001220703125,93.22571563720703,95.871429443359375,57121400,95.871429443359375
NFLX,2015-06-11,96.88999938964844,96.91857147216797,94.08714294433594,95.09428405761719,26623100,95.09428405761719
NFLX,2015-06-12,94.91571044921875,95.34285736083984,94.12428283691406,94.41857147216797,10278800,94.41857147216797
NFLX,2015-06-15,92.85713958740234,93.5914306640625,91.6585693359375,93.431427001953125,19054000,93.431427001953125
NFLX,2015-06-16,94.24285888671875,95.60713958740234,93.6914291381836,95.272857666015625,16043300,95.272857666015625
NFLX,2015-06-17,95.13285827636719,95.13285827636719,93.95714569091797,94.27143096923828,9905000,94.27143096923828
NFLX,2015-06-18,94.65142822265625,95.3414306640625,94.36856842041016,94.74285888671875,8962800,94.74285888671875
NFLX,2015-06-19,96.24285888671875,96.41857147216797,93.82142639160156,93.871429443359375,19814900,93.871429443359375
NFLX,2015-06-22,95.04285430908203,96.69285583496094,94.188568115234375,96.4142837524414,16732800,96.4142837524414
NFLX,2015-06-23,96.3357162475586,97.38999938964844,95.75,97.31285858154297,15626100,97.31285858154297
NFLX,2015-06-24,100.0142822265625,100.89142608642578,96.39714050292969,96.94428253173828,77138600,96.94428253173828
NFLX,2015-06-25,95.48143005371094,96,93.45857238769531,94.89142608642578,41623400,94.89142608642578
NFLX,2015-06-26,95.30000305175781,95.31428527832031,93.08856964111328,93.08856964111328,30314900,93.08856964111328
NFLX,2015-06-29,91.5057144165039,92.91285705566406,91.11714172363281,92.23143005371094,24575600,92.23143005371094
NFLX,2015-06-30,93.35713958740234,94.355712890625,92.78571319580078,93.84857177734375,16880500,93.84857177734375
NFLX,2015-07-01,94.80571746826172,95.23857116699219,93.21857452392578,93.635711669921875,14699300,93.635711669921875
NFLX,2015-07-02,93.99857330322266,94.19857025146484,93.21428680419922,94.0442886352539,11053000,94.0442886352539
NFLX,2015-07-06,93.47285461425781,94.92857360839844,93.339996337890625,94.57142639160156,11808300,94.57142639160156
NFLX,2015-07-07,95.01285552978516,95.42713928222656,92.62285614013672,94.0914306640625,21573300,94.0914306640625
NFLX,2015-07-08,93.47142791748047,93.99571228027344,92.28428649902344,93.50714111328125,12990600,93.50714111328125
NFLX,2015-07-09,94.9000015258789,95.84571075439453,94.28571319580078,95.727142333984375,16731400,95.727142333984375
NFLX,2015-07-10,97.522857666015625,98.50285339355469,96.9000015258789,97.22856903076172,21636300,97.22856903076172
NFLX,2015-07-13,98.09857177734375,102.3085708618164,98.07856750488281,101.08714294433594,33205200,101.08714294433594
NFLX,2015-07-14,101.27143096923828,101.63571166992188,99.6528549194336,100.37142944335938,19736500,100.37142944335938
NFLX,2015-07-15,99.970001220703125,100.75,97.05000305175781,98.12999725341797,30898600,98.12999725341797
NFLX,2015-07-16,111.0199966430664,116.48999786376953,107.68000030517578,115.80999755859375,63461000,115.80999755859375
NFLX,2015-07-17,117.33999633789062,117.87999725341797,114.23999786376953,114.7699966430664,25136900,114.7699966430664
NFLX,2015-07-20,114.69999694824219,114.69999694824219,110.13999938964844,110.55000305175781,22676900,110.55000305175781
NFLX,2015-07-21,110.20999908447266,113.70999908447266,109.31999969482422,112.51000213623047,14085400,112.51000213623047
NFLX,2015-07-22,112.13999938964844,113.87999725341797,110.55999755859375,111.5,10500500,111.5
NFLX,2015-07-23,110.91000366210938,112.18000030517578,109.83999633789062,110.0999984741211,8306800,110.0999984741211
NFLX,2015-07-24,111.55000305175781,111.68000030517578,108.9000015258789,109.33999633789062,8125100,109.33999633789062
NFLX,2015-07-27,107.79000091552734,109.86000061035156,106.25,106.43000030517578,11302600,106.43000030517578
NFLX,2015-07-28,107.29000091552734,107.94000244140625,103.87999725341797,106.9000015258789,11155900,106.9000015258789
NFLX,2015-07-29,106.83000183105469,107.75,105.4000015258789,107.08000183105469,6695600,107.08000183105469
NFLX,2015-07-30,106.4000015258789,111.9000015258789,105.4000015258789,111.55999755859375,14229200,111.55999755859375
NFLX,2015-07-31,111.94999694824219,115,111.1500015258789,114.30999755859375,16349100,114.30999755859375
NFLX,2015-08-03,114.5999984741211,114.5999984741211,111.77999877929688,112.55999755859375,10144800,112.55999755859375
NFLX,2015-08-04,113.1500015258789,122.79000091552734,113,121.1500015258789,29653300,121.1500015258789
NFLX,2015-08-05,125.62000274658203,129.2899932861328,122.70999908447266,123.70999908447266,26946500,123.70999908447266
NFLX,2015-08-06,126.29000091552734,128.85000610351562,122.04000091552734,126.44999694824219,24716700,126.44999694824219
NFLX,2015-08-07,126.41999816894531,126.5999984741211,121.30000305175781,123.5199966430664,17360700,123.5199966430664
NFLX,2015-08-10,126.08999633789062,126.5,121.51000213623047,123.02999877929688,13424600,123.02999877929688
NFLX,2015-08-11,120.01000213623047,123.76000213623047,120,122.73999786376953,11596800,122.73999786376953
NFLX,2015-08-12,121.47000122070312,122.44999694824219,118.66000366210938,120.51000213623047,13822500,120.51000213623047
NFLX,2015-08-13,120.98999786376953,125.7300033569336,119.33999633789062,123.7300033569336,15284400,123.7300033569336
NFLX,2015-08-14,124.95999908447266,125,123,123.38999938964844,8667700,123.38999938964844
NFLX,2015-08-17,123.13999938964844,125.69999694824219,122.58999633789062,125.36000061035156,9233800,125.36000061035156
NFLX,2015-08-18,125.26000213623047,126.75,123.55000305175781,124.05000305175781,9382000,124.05000305175781
NFLX,2015-08-19,123.5,123.69999694824219,121.5,122.05999755859375,10115300,122.05999755859375
NFLX,2015-08-20,119.80000305175781,121.44999694824219,111.33999633789062,112.48999786376953,28045300,112.48999786376953
NFLX,2015-08-21,106.19999694824219,110,102.75,103.95999908447266,33228300,103.95999908447266
NFLX,2015-08-24,88.75,109.62999725341797,85.5,96.87999725341797,59951900,96.87999725341797
NFLX,2015-08-25,107.75,107.87999725341797,101.5,101.5199966430664,37620700,101.5199966430664
NFLX,2015-08-26,107.1500015258789,110.27999877929688,102.0199966430664,110.12999725341797,36164600,110.12999725341797
NFLX,2015-08-27,114.94000244140625,118.25,113.0199966430664,117.66000366210938,37056100,117.66000366210938
NFLX,2015-08-28,116.3499984741211,119.3499984741211,115.87999725341797,117.62999725341797,20240200,117.62999725341797
NFLX,2015-08-31,115.23999786376953,117,113.76000213623047,115.02999877929688,17005600,115.02999877929688
NFLX,2015-09-01,109.3499984741211,111.23999786376953,103.81999969482422,105.79000091552734,35977100,105.79000091552734
NFLX,2015-09-02,109.30999755859375,109.5,100.30000305175781,105.44000244140625,39843300,105.44000244140625
NFLX,2015-09-03,102.69000244140625,104.16999816894531,100.11000061035156,101.05999755859375,29546700,101.05999755859375
NFLX,2015-09-04,98.05000305175781,99.93000030517578,97.339996337890625,98.79000091552734,24212000,98.79000091552734
NFLX,2015-09-08,102.08000183105469,102.5,93.55000305175781,94.94999694824219,43479700,94.94999694824219
NFLX,2015-09-09,96.51000213623047,102.79000091552734,95.5199966430664,99.18000030517578,35524400,99.18000030517578
NFLX,2015-09-10,99.41999816894531,100.8499984741211,96.779998779296875,99.4800033569336,21031900,99.4800033569336
NFLX,2015-09-11,98.56999969482422,100.8499984741211,97.2300033569336,97.51000213623047,17373900,97.51000213623047
NFLX,2015-09-14,96.839996337890625,97.910003662109375,94.33000183105469,95.69000244140625,15546000,95.69000244140625
NFLX,2015-09-15,95.220001220703125,99.6500015258789,93.61000061035156,99.160003662109375,22591100,99.160003662109375
NFLX,2015-09-16,99.69999694824219,104.4800033569336,99.33000183105469,104.08000183105469,28058200,104.08000183105469
NFLX,2015-09-17,103.66999816894531,107.5,101.83000183105469,104.20999908447266,25817700,104.20999908447266
NFLX,2015-09-18,102,104.36000061035156,100.70999908447266,102.62000274658203,21715000,102.62000274658203
NFLX,2015-09-21,103.30000305175781,103.7699966430664,99.55999755859375,100.30000305175781,17900600,100.30000305175781
NFLX,2015-09-22,98.29000091552734,99.9000015258789,97,98.470001220703125,16717900,98.470001220703125
NFLX,2015-09-23,98.5999984741211,99.73999786376953,97.660003662109375,98.06999969482422,10264500,98.06999969482422
NFLX,2015-09-24,97.11000061035156,104,96.779998779296875,103.76000213623047,21274500,103.76000213623047
NFLX,2015-09-25,105.30000305175781,105.44999694824219,101.56999969482422,102.23999786376953,19066600,102.23999786376953
NFLX,2015-09-28,101.56999969482422,103.33000183105469,97.839996337890625,99.470001220703125,17026600,99.470001220703125
NFLX,2015-09-29,99.62999725341797,100.62999725341797,96.8499984741211,98.3499984741211,17405900,98.3499984741211
NFLX,2015-09-30,99.910003662109375,103.45999908447266,99.05000305175781,103.26000213623047,17027600,103.26000213623047
NFLX,2015-10-01,102.91000366210938,106.11000061035156,101.12000274658203,105.9800033569336,17426900,105.9800033569336
NFLX,2015-10-02,103.01000213623047,106.87000274658203,101.44999694824219,106.11000061035156,21526700,106.11000061035156
NFLX,2015-10-05,107.4800033569336,112.27999877929688,105.76000213623047,111.25,21157900,111.25
NFLX,2015-10-06,110.33000183105469,112.25,105.63999938964844,108.33000183105469,20629800,108.33000183105469
NFLX,2015-10-07,108.83999633789062,109.77999877929688,106.75,108.0999984741211,12329500,108.0999984741211
NFLX,2015-10-08,107.94000244140625,115.05000305175781,102.5999984741211,114.93000030517578,42831900,114.93000030517578
NFLX,2015-10-09,114.11000061035156,115.83000183105469,112.44000244140625,113.33000183105469,22455200,113.33000183105469
NFLX,2015-10-12,114.44999694824219,115.41999816894531,112.36000061035156,113.44999694824219,12624500,113.44999694824219
NFLX,2015-10-13,112.8499984741211,113.72000122070312,108.77999877929688,109.7300033569336,17512100,109.7300033569336
NFLX,2015-10-14,111.5,111.62999725341797,108.05000305175781,110.2300033569336,33231500,110.2300033569336
NFLX,2015-10-15,103.7699966430664,104.87999725341797,99.0999984741211,101.08999633789062,48484300,101.08999633789062
NFLX,2015-10-16,100.20999908447266,101.6500015258789,98.410003662109375,98.98999786376953,21340500,98.98999786376953
NFLX,2015-10-19,98.06999969482422,103.62000274658203,96.26000213623047,101.69000244140625,29964700,101.69000244140625
NFLX,2015-10-20,101.05999755859375,102.11000061035156,97.58000183105469,98.98999786376953,17345600,98.98999786376953
NFLX,2015-10-21,99.66999816894531,100.33999633789062,97.01000213623047,97.95999908447266,13728500,97.95999908447266
NFLX,2015-10-22,98.06999969482422,99.93000030517578,96.86000061035156,97.31999969482422,12786800,97.31999969482422
NFLX,2015-10-23,97.61000061035156,101.55999755859375,97.2699966430664,100.04000091552734,18019900,100.04000091552734
NFLX,2015-10-26,100.05000305175781,103.30999755859375,99.37999725341797,103.04000091552734,12234800,103.04000091552734
NFLX,2015-10-27,102.58000183105469,104.72000122070312,101.2300033569336,103.06999969482422,12066400,103.06999969482422
NFLX,2015-10-28,102.9000015258789,106.20999908447266,102.05999755859375,105.80000305175781,13094000,105.80000305175781
NFLX,2015-10-29,105,106.91000366210938,104.75,105.12000274658203,9841400,105.12000274658203
NFLX,2015-10-30,105.12000274658203,110.0999984741211,104.9000015258789,108.37999725341797,15571500,108.37999725341797
NFLX,2015-11-02,109.19999694824219,109.37000274658203,106.30000305175781,107.63999938964844,11784600,107.63999938964844
NFLX,2015-11-03,107.36000061035156,111.05000305175781,107.23999786376953,109.73999786376953,12484100,109.73999786376953
NFLX,2015-11-04,110.36000061035156,114.27999877929688,109.38999938964844,114.05000305175781,17505000,114.05000305175781
NFLX,2015-11-05,113.75,115.68000030517578,111.72000122070312,113.5,13814900,113.5
NFLX,2015-11-06,113.38999938964844,114.80000305175781,112.05000305175781,114.05999755859375,10936600,114.05999755859375
NFLX,2015-11-09,113.36000061035156,114,108.63999938964844,109.86000061035156,16154600,109.86000061035156
NFLX,2015-11-10,108.86000061035156,112.83999633789062,108.01000213623047,112.69999694824219,11166400,112.69999694824219
NFLX,2015-11-11,113.08000183105469,114.61000061035156,111.41000366210938,112.86000061035156,11039200,112.86000061035156
NFLX,2015-11-12,112.5199966430664,115.25,108.19999694824219,108.91999816894531,17568200,108.91999816894531
NFLX,2015-11-13,108.33999633789062,109.06999969482422,103.2699966430664,103.6500015258789,18819400,103.6500015258789
NFLX,2015-11-16,102.97000122070312,111.6500015258789,101.86000061035156,111.3499984741211,19866200,111.3499984741211
NFLX,2015-11-17,112.11000061035156,118.79000091552734,111.69999694824219,117.0999984741211,33016300,117.0999984741211
NFLX,2015-11-18,117.94000244140625,121,116.0999984741211,120.62999725341797,23353600,120.62999725341797
NFLX,2015-11-19,120.25,123.12999725341797,119.61000061035156,120.22000122070312,19253200,120.22000122070312
NFLX,2015-11-20,120.8499984741211,124.06999969482422,119.20999908447266,123.83999633789062,17977000,123.83999633789062
NFLX,2015-11-23,124.30000305175781,126.19999694824219,121.66000366210938,125.02999877929688,15727000,125.02999877929688
NFLX,2015-11-24,123.66999816894531,124.66000366210938,120.02999877929688,123.30999755859375,18335300,123.30999755859375
NFLX,2015-11-25,124.2300033569336,125.19999694824219,122.36000061035156,124.16000366210938,10980700,124.16000366210938
NFLX,2015-11-27,123.8499984741211,126.38999938964844,123.58999633789062,125.44000244140625,6645500,125.44000244140625
NFLX,2015-11-30,126.02999877929688,126.5999984741211,122.88999938964844,123.33000183105469,13894000,123.33000183105469
NFLX,2015-12-01,124.47000122070312,125.56999969482422,122.41999816894531,125.37000274658203,12550800,125.37000274658203
NFLX,2015-12-02,125.52999877929688,131.35000610351562,124.93000030517578,128.92999267578125,24105700,128.92999267578125
NFLX,2015-12-03,129.6199951171875,132.1999969482422,126.38999938964844,126.80999755859375,26647300,126.80999755859375
NFLX,2015-12-04,127,130.99000549316406,125.75,130.92999267578125,20250400,130.92999267578125
NFLX,2015-12-07,131.19000244140625,133.27000427246094,122.75,125.36000061035156,23351600,125.36000061035156
NFLX,2015-12-08,121.51000213623047,128.24000549316406,121.0999984741211,126.9800033569336,18591100,126.9800033569336
NFLX,2015-12-09,127.69999694824219,128.77999877929688,122.33000183105469,124.19999694824219,17788800,124.19999694824219
NFLX,2015-12-10,124.5,125.20999908447266,121.62000274658203,122.91000366210938,13474100,122.91000366210938
NFLX,2015-12-11,121.44999694824219,123,118.5999984741211,118.91000366210938,16105300,118.91000366210938
NFLX,2015-12-14,119.7699966430664,120.9000015258789,114.66000366210938,120.66999816894531,18679300,120.66999816894531
NFLX,2015-12-15,121.93000030517578,123.30000305175781,118.54000091552734,118.5999984741211,11760000,118.5999984741211
NFLX,2015-12-16,119.80000305175781,123,118.08999633789062,122.63999938964844,13181000,122.63999938964844
NFLX,2015-12-17,123.97000122070312,126.3499984741211,122.41999816894531,122.51000213623047,17284900,122.51000213623047
NFLX,2015-12-18,120.8499984741211,122.19000244140625,117.91999816894531,118.0199966430664,17948100,118.0199966430664
NFLX,2015-12-21,119.51000213623047,119.58999633789062,115.66000366210938,116.62999725341797,11670000,116.62999725341797
NFLX,2015-12-22,117.30000305175781,117.43000030517578,114.86000061035156,116.23999786376953,9689000,116.23999786376953
NFLX,2015-12-23,116.91000366210938,118.55999755859375,115.77999877929688,118.16000366210938,9324300,118.16000366210938
NFLX,2015-12-24,118.22000122070312,118.80000305175781,117.30000305175781,117.33000183105469,3531300,117.33000183105469
NFLX,2015-12-28,117.26000213623047,117.3499984741211,113.8499984741211,117.11000061035156,8424300,117.11000061035156
NFLX,2015-12-29,118.19000244140625,119.5999984741211,116.91999816894531,119.12000274658203,8159200,119.12000274658203
NFLX,2015-12-30,118.94999694824219,119.0199966430664,116.43000030517578,116.70999908447266,8149700,116.70999908447266
NFLX,2015-12-31,116.20999908447266,117.45999908447266,114.27999877929688,114.37999725341797,9273000,114.37999725341797
NFLX,2016-01-04,109,110,105.20999908447266,109.95999908447266,20794800,109.95999908447266
NFLX,2016-01-05,110.44999694824219,110.58000183105469,105.8499984741211,107.66000366210938,17664600,107.66000366210938
NFLX,2016-01-06,105.29000091552734,117.91000366210938,104.95999908447266,117.68000030517578,33045700,117.68000030517578
NFLX,2016-01-07,116.36000061035156,122.18000030517578,112.29000091552734,114.55999755859375,33636700,114.55999755859375
NFLX,2016-01-08,116.33000183105469,117.72000122070312,111.0999984741211,111.38999938964844,18067100,111.38999938964844
NFLX,2016-01-11,112.12999725341797,116.79000091552734,111.19999694824219,114.97000122070312,21920400,114.97000122070312
NFLX,2016-01-12,116.11000061035156,117.77999877929688,115.08000183105469,116.58000183105469,15133500,116.58000183105469
NFLX,2016-01-13,114.43000030517578,114.4800033569336,104.52999877929688,106.55999755859375,24921600,106.55999755859375
NFLX,2016-01-14,105.6500015258789,109.25,101.20999908447266,107.05999755859375,23664800,107.05999755859375
NFLX,2016-01-15,102.43000030517578,105.5,101.72000122070312,104.04000091552734,19775100,104.04000091552734
NFLX,2016-01-19,106.56999969482422,110.13999938964844,105.55000305175781,107.88999938964844,35722800,107.88999938964844
NFLX,2016-01-20,108.91000366210938,109.98999786376953,97.05000305175781,107.73999786376953,53009400,107.73999786376953
NFLX,2016-01-21,108.31999969482422,108.51000213623047,102.0999984741211,102.3499984741211,31027500,102.3499984741211
NFLX,2016-01-22,104.72000122070312,104.98999786376953,99.220001220703125,100.72000122070312,26821800,100.72000122070312
NFLX,2016-01-25,99.779998779296875,102.68000030517578,99,99.12000274658203,20321100,99.12000274658203
NFLX,2016-01-26,99.73999786376953,100.55000305175781,94.8499984741211,97.83000183105469,22083900,97.83000183105469
NFLX,2016-01-27,96.61000061035156,97.8499984741211,90.589996337890625,91.1500015258789,25556200,91.1500015258789
NFLX,2016-01-28,93.839996337890625,95.25,90.11000061035156,94.410003662109375,24562300,94.410003662109375
NFLX,2016-01-29,92,94.38999938964844,90.62999725341797,91.839996337890625,20463900,91.839996337890625
NFLX,2016-02-01,91.79000091552734,97.18000030517578,91.30000305175781,94.089996337890625,19684500,94.089996337890625
NFLX,2016-02-02,95.54000091552734,96.6500015258789,90.7300033569336,91.48999786376953,21906500,91.48999786376953
NFLX,2016-02-03,92.410003662109375,92.69000244140625,86.13999938964844,90.73999786376953,27466000,90.73999786376953
NFLX,2016-02-04,89.5,91.25,86.54000091552734,89.70999908447266,19108600,89.70999908447266
NFLX,2016-02-05,88.2300033569336,88.94999694824219,81.86000061035156,82.79000091552734,25929300,82.79000091552734
NFLX,2016-02-08,80.56999969482422,84.69999694824219,79.94999694824219,83.31999969482422,25035600,83.31999969482422
NFLX,2016-02-09,81.75,88.4000015258789,81.55000305175781,86.12999725341797,25892900,86.12999725341797
NFLX,2016-02-10,89,92.20999908447266,87.41999816894531,88.44999694824219,23146500,88.44999694824219
NFLX,2016-02-11,87.41999816894531,88.38999938964844,82.910003662109375,86.3499984741211,21820300,86.3499984741211
NFLX,2016-02-12,86.63999938964844,89.720001220703125,85.26000213623047,87.4000015258789,19067700,87.4000015258789
NFLX,2016-02-16,89,90.13999938964844,87.54000091552734,89.05000305175781,16356600,89.05000305175781
NFLX,2016-02-17,90.12999725341797,94.7699966430664,89.63999938964844,94.76000213623047,18323800,94.76000213623047
NFLX,2016-02-18,94.80000305175781,94.9000015258789,90.30999755859375,90.48999786376953,17695300,90.48999786376953
NFLX,2016-02-19,89.9800033569336,91.4000015258789,88.029998779296875,89.2300033569336,14259200,89.2300033569336
NFLX,2016-02-22,90.75,93.11000061035156,88.30000305175781,91.93000030517578,16321800,91.93000030517578
NFLX,2016-02-23,91.4000015258789,92.48999786376953,89.05000305175781,89.12000274658203,12744400,89.12000274658203
NFLX,2016-02-24,88.5,91.76000213623047,86.69999694824219,91.61000061035156,15972800,91.61000061035156
NFLX,2016-02-25,91.08000183105469,94.80999755859375,90.20999908447266,94.529998779296875,17898800,94.529998779296875
NFLX,2016-02-26,95.30000305175781,97.4800033569336,94.25,94.79000091552734,16975200,94.79000091552734
NFLX,2016-02-29,94.80999755859375,97.19999694824219,93.339996337890625,93.410003662109375,13663100,93.410003662109375
NFLX,2016-03-01,94.58000183105469,99.160003662109375,93.61000061035156,98.30000305175781,17048800,98.30000305175781
NFLX,2016-03-02,98.01000213623047,99.4800033569336,95.9000015258789,97.61000061035156,19102800,97.61000061035156
NFLX,2016-03-03,97.83000183105469,98.3499984741211,95.38999938964844,97.93000030517578,15320900,97.93000030517578
NFLX,2016-03-04,98.76000213623047,102.22000122070312,98.31999969482422,101.58000183105469,23414600,101.58000183105469
NFLX,2016-03-07,101,101.79000091552734,95.25,95.48999786376953,23855200,95.48999786376953
NFLX,2016-03-08,95,98.279998779296875,94.5,96.2300033569336,14797000,96.2300033569336
NFLX,2016-03-09,96.81999969482422,98.37000274658203,95,98,12298700,98
NFLX,2016-03-10,98.18000030517578,99.73999786376953,95.44999694824219,97.36000061035156,17002100,97.36000061035156
NFLX,2016-03-11,99.51000213623047,99.5999984741211,96.05000305175781,97.660003662109375,15114300,97.660003662109375
NFLX,2016-03-14,97.19999694824219,99.41999816894531,97.16999816894531,98.12999725341797,11251900,98.12999725341797
NFLX,2016-03-15,97.87000274658203,98.51000213623047,96.43000030517578,97.86000061035156,9691800,97.86000061035156
NFLX,2016-03-16,97.529998779296875,99.7300033569336,97.5,99.3499984741211,12630500,99.3499984741211
NFLX,2016-03-17,99.05000305175781,101.38999938964844,99,99.720001220703125,13825000,99.720001220703125
NFLX,2016-03-18,100.5,102.41000366210938,100.01000213623047,101.12000274658203,15453500,101.12000274658203
NFLX,2016-03-21,101.1500015258789,102.0999984741211,99.5,101.05999755859375,9578500,101.05999755859375
NFLX,2016-03-22,100.4800033569336,101.5199966430664,99.19999694824219,99.839996337890625,9069900,99.839996337890625
NFLX,2016-03-23,99.75,100.38999938964844,98.80999755859375,99.589996337890625,8313500,99.589996337890625
NFLX,2016-03-24,98.63999938964844,98.8499984741211,97.06999969482422,98.36000061035156,10671100,98.36000061035156
NFLX,2016-03-28,98.339996337890625,101.44000244140625,97.81999969482422,101.20999908447266,12432200,101.20999908447266
NFLX,2016-03-29,101.08000183105469,104.33000183105469,101,104.12999725341797,16008900,104.12999725341797
NFLX,2016-03-30,104.6500015258789,104.91000366210938,101.4800033569336,102.19000244140625,14705000,102.19000244140625
NFLX,2016-03-31,102.43000030517578,103.52999877929688,101.05000305175781,102.2300033569336,9747500,102.2300033569336
NFLX,2016-04-01,102.93000030517578,105.79000091552734,102.47000122070312,105.69999694824219,14182400,105.69999694824219
NFLX,2016-04-04,105.9000015258789,105.91999816894531,103.19999694824219,104.3499984741211,10940400,104.3499984741211
NFLX,2016-04-05,103.47000122070312,105.75,103.25,104.94000244140625,10060900,104.94000244140625
NFLX,2016-04-06,105.30000305175781,106.44000244140625,104.25,104.83000183105469,9605800,104.83000183105469
NFLX,2016-04-07,104.30999755859375,106.44000244140625,103.5999984741211,104.44999694824219,10774900,104.44999694824219
NFLX,2016-04-08,105.12000274658203,105.33000183105469,102.81999969482422,103.80999755859375,7857600,103.80999755859375
NFLX,2016-04-11,104.04000091552734,104.9800033569336,102.62000274658203,102.68000030517578,7451300,102.68000030517578
NFLX,2016-04-12,103.1500015258789,107.22000122070312,102.20999908447266,106.9800033569336,12437000,106.9800033569336
NFLX,2016-04-13,108,111.27999877929688,107.87999725341797,109.6500015258789,16701700,109.6500015258789
NFLX,2016-04-14,110.01000213623047,111.63999938964844,109.1500015258789,110.41999816894531,9553700,110.41999816894531
NFLX,2016-04-15,110.63999938964844,111.8499984741211,109.77999877929688,111.51000213623047,11746100,111.51000213623047
NFLX,2016-04-18,109.9000015258789,110.69999694824219,106.0199966430664,108.4000015258789,32816400,108.4000015258789
NFLX,2016-04-19,99.48999786376953,101.37000274658203,94.19999694824219,94.339996337890625,55728800,94.339996337890625
NFLX,2016-04-20,94.339996337890625,96.9800033569336,93.13999938964844,96.7699966430664,26613500,96.7699966430664
NFLX,2016-04-21,97.30999755859375,97.37999725341797,94.779998779296875,94.9800033569336,19919400,94.9800033569336
NFLX,2016-04-22,94.8499984741211,96.69000244140625,94.20999908447266,95.9000015258789,15806300,95.9000015258789
NFLX,2016-04-25,95.69999694824219,95.75,92.80000305175781,93.55999755859375,14985400,93.55999755859375
NFLX,2016-04-26,93.5,93.55000305175781,91.25,92.43000030517578,15330900,92.43000030517578
NFLX,2016-04-27,92.18000030517578,92.5,90.20999908447266,91.04000091552734,12218900,91.04000091552734
NFLX,2016-04-28,91.5,92.66999816894531,90.089996337890625,90.279998779296875,11474900,90.279998779296875
NFLX,2016-04-29,90.5,90.55999755859375,88.20999908447266,90.029998779296875,13968000,90.029998779296875
NFLX,2016-05-02,90.410003662109375,93.220001220703125,89.88999938964844,93.11000061035156,12547000,93.11000061035156
NFLX,2016-05-03,92.08000183105469,93.25,91.30000305175781,91.54000091552734,10593900,91.54000091552734
NFLX,2016-05-04,91,92.160003662109375,90.3499984741211,90.79000091552734,7394700,90.79000091552734
NFLX,2016-05-05,90.910003662109375,92.08000183105469,89.25,89.37000274658203,10368500,89.37000274658203
NFLX,2016-05-06,88.83000183105469,90.87999725341797,88.11000061035156,90.839996337890625,10433900,90.839996337890625
NFLX,2016-05-09,90.7300033569336,91.83000183105469,89.9000015258789,90.54000091552734,9543700,90.54000091552734
NFLX,2016-05-10,91.13999938964844,93.25,91.089996337890625,92.88999938964844,11175900,92.88999938964844
NFLX,2016-05-11,92.4000015258789,92.589996337890625,89.9000015258789,90.0199966430664,11692900,90.0199966430664
NFLX,2016-05-12,90.31999969482422,90.410003662109375,85.73999786376953,87.73999786376953,20408100,87.73999786376953
NFLX,2016-05-13,87.38999938964844,88.589996337890625,86.26000213623047,87.87999725341797,11571400,87.87999725341797
NFLX,2016-05-16,87.55999755859375,90,86.1500015258789,89.12000274658203,11247800,89.12000274658203
NFLX,2016-05-17,89,90.87000274658203,88.16999816894531,88.62999725341797,11571300,88.62999725341797
NFLX,2016-05-18,88.25,91.720001220703125,88.25,90.5,13911800,90.5
NFLX,2016-05-19,90.160003662109375,91.2699966430664,88.30000305175781,89.55000305175781,11450300,89.55000305175781
NFLX,2016-05-20,90.08000183105469,93.279998779296875,89.9800033569336,92.48999786376953,15063000,92.48999786376953
NFLX,2016-05-23,92.9800033569336,95.29000091552734,92.8499984741211,94.88999938964844,13992300,94.88999938964844
NFLX,2016-05-24,95.9800033569336,99.13999938964844,95.75,97.88999938964844,21246000,97.88999938964844
NFLX,2016-05-25,99,100.30999755859375,98.30000305175781,100.19999694824219,15142900,100.19999694824219
NFLX,2016-05-26,103.20999908447266,104,101.37999725341797,102.80999755859375,17824700,102.80999755859375
NFLX,2016-05-27,102.44000244140625,103.5,101.44000244140625,103.30000305175781,9092100,103.30000305175781
NFLX,2016-05-31,102.94999694824219,103.44999694824219,102.12999725341797,102.56999969482422,8725700,102.56999969482422
NFLX,2016-06-01,101.5,101.91999816894531,100.16000366210938,101.51000213623047,8393400,101.51000213623047
NFLX,2016-06-02,101.38999938964844,102.1500015258789,100.7699966430664,101.25,7992400,101.25
NFLX,2016-06-03,100.98999786376953,101,98.529998779296875,99.589996337890625,9224000,99.589996337890625
NFLX,2016-06-06,100.29000091552734,101.06999969482422,99.720001220703125,100.73999786376953,6828100,100.73999786376953
NFLX,2016-06-07,101.19999694824219,101.62999725341797,99.7699966430664,99.88999938964844,6474700,99.88999938964844
NFLX,2016-06-08,100.0199966430664,100.27999877929688,97.5999984741211,97.86000061035156,9423900,97.86000061035156
NFLX,2016-06-09,97.220001220703125,98.43000030517578,96.660003662109375,97.089996337890625,8923800,97.089996337890625
NFLX,2016-06-10,94.87999725341797,95.3499984741211,93.279998779296875,93.75,12907900,93.75
NFLX,2016-06-13,95.0199966430664,97.19999694824219,93.62000274658203,93.8499984741211,13484300,93.8499984741211
NFLX,2016-06-14,94.160003662109375,95.80000305175781,93.2699966430664,94.12000274658203,9480400,94.12000274658203
NFLX,2016-06-15,94.61000061035156,95.45999908447266,93.5,94.29000091552734,7675400,94.29000091552734
NFLX,2016-06-16,94.18000030517578,95.55999755859375,93.25,95.44000244140625,7550800,95.44000244140625
NFLX,2016-06-17,95.75,95.7699966430664,94.19999694824219,94.44999694824219,8046800,94.44999694824219
NFLX,2016-06-20,95.220001220703125,95.87999725341797,93.6500015258789,93.80000305175781,9026400,93.80000305175781
NFLX,2016-06-21,93.87000274658203,93.87999725341797,90.7699966430664,90.98999786376953,15199700,90.98999786376953
NFLX,2016-06-22,90.779998779296875,91.9800033569336,89.7699966430664,90.01000213623047,9454700,90.01000213623047
NFLX,2016-06-23,90.62000274658203,91.68000030517578,88.1500015258789,91.660003662109375,10819000,91.660003662109375
NFLX,2016-06-24,87.529998779296875,90.48999786376953,87.20999908447266,88.44000244140625,11248600,88.44000244140625
NFLX,2016-06-27,87.87999725341797,88,84.80999755859375,85.33000183105469,13730500,85.33000183105469
NFLX,2016-06-28,87.410003662109375,88.87999725341797,86.410003662109375,87.970001220703125,11545600,87.970001220703125
NFLX,2016-06-29,89.66999816894531,91.970001220703125,88.69999694824219,91.05999755859375,11687100,91.05999755859375
NFLX,2016-06-30,90.910003662109375,91.720001220703125,89.9000015258789,91.4800033569336,9099000,91.4800033569336
NFLX,2016-07-01,95,97,94.80000305175781,96.66999816894531,16167200,96.66999816894531
NFLX,2016-07-05,95.19999694824219,101.2699966430664,93.30999755859375,97.910003662109375,25879400,97.910003662109375
NFLX,2016-07-06,95.029998779296875,96,93.55000305175781,94.5999984741211,16301200,94.5999984741211
NFLX,2016-07-07,94.69999694824219,95.37999725341797,93.18000030517578,95.0999984741211,9913500,95.0999984741211
NFLX,2016-07-08,96,97.410003662109375,95.30000305175781,97.05999755859375,8335400,97.05999755859375
NFLX,2016-07-11,96.19000244140625,96.87000274658203,94.30000305175781,94.66999816894531,13276200,94.66999816894531
NFLX,2016-07-12,95.06999969482422,96.720001220703125,94.089996337890625,95.970001220703125,11617400,95.970001220703125
NFLX,2016-07-13,96.26000213623047,96.720001220703125,94.80000305175781,96.43000030517578,8768900,96.43000030517578
NFLX,2016-07-14,97,98.2699966430664,96.80000305175781,98.0199966430664,9885000,98.0199966430664
NFLX,2016-07-15,98.5199966430664,98.69999694824219,97.410003662109375,98.38999938964844,9041900,98.38999938964844
NFLX,2016-07-18,98.43000030517578,99.839996337890625,97.23999786376953,98.80999755859375,28669700,98.80999755859375
NFLX,2016-07-19,85.43000030517578,86.75,84.5,85.839996337890625,55681200,85.839996337890625
NFLX,2016-07-20,86.66999816894531,88.48999786376953,85.81999969482422,87.910003662109375,23525100,87.910003662109375
NFLX,2016-07-21,88.30000305175781,88.37999725341797,85.20999908447266,85.98999786376953,16084000,85.98999786376953
NFLX,2016-07-22,86.4800033569336,86.5,85.11000061035156,85.88999938964844,11363900,85.88999938964844
NFLX,2016-07-25,85.7300033569336,87.87000274658203,85.01000213623047,87.660003662109375,14135000,87.660003662109375
NFLX,2016-07-26,91.029998779296875,93.0999984741211,90.9000015258789,91.410003662109375,19577600,91.410003662109375
NFLX,2016-07-27,91.5,92.05999755859375,90.0999984741211,92.04000091552734,8727500,92.04000091552734
NFLX,2016-07-28,91.91999816894531,92.20999908447266,90.68000030517578,91.6500015258789,6227700,91.6500015258789
NFLX,2016-07-29,91.19000244140625,91.75,90.589996337890625,91.25,6960200,91.25
NFLX,2016-08-01,91.2300033569336,94.66999816894531,90.5,94.37000274658203,10666900,94.37000274658203
NFLX,2016-08-02,94,94.08000183105469,92.18000030517578,93.55999755859375,9836200,93.55999755859375
NFLX,2016-08-03,93.279998779296875,94.66999816894531,92.55000305175781,93.0999984741211,7030900,93.0999984741211
NFLX,2016-08-04,93.19999694824219,93.7300033569336,91.81999969482422,93.44000244140625,6043400,93.44000244140625
NFLX,2016-08-05,93.7699966430664,97.73999786376953,93.55999755859375,97.029998779296875,18364800,97.029998779296875
NFLX,2016-08-08,95.910003662109375,95.93000030517578,94,95.11000061035156,10135400,95.11000061035156
NFLX,2016-08-09,95.12000274658203,95.80999755859375,93.4800033569336,93.98999786376953,9175400,93.98999786376953
NFLX,2016-08-10,94.4000015258789,94.75,92.94999694824219,93.93000030517578,6511100,93.93000030517578
NFLX,2016-08-11,94.5999984741211,96.33000183105469,94.37000274658203,95.88999938964844,8547700,95.88999938964844
NFLX,2016-08-12,95.529998779296875,96.83000183105469,95.08000183105469,96.589996337890625,6592900,96.589996337890625
NFLX,2016-08-15,96.83000183105469,96.910003662109375,95.23999786376953,95.30999755859375,7304600,95.30999755859375
NFLX,2016-08-16,95.19000244140625,95.61000061035156,94.4000015258789,95.12000274658203,6311300,95.12000274658203
NFLX,2016-08-17,94.94000244140625,96.93000030517578,94.8499984741211,96.37000274658203,8315600,96.37000274658203
NFLX,2016-08-18,95.9800033569336,97.220001220703125,95.16999816894531,96.160003662109375,7252600,96.160003662109375
NFLX,2016-08-19,96.05000305175781,96.779998779296875,95.51000213623047,95.87000274658203,6942900,95.87000274658203
NFLX,2016-08-22,95.66999816894531,96.12999725341797,94.94999694824219,95.26000213623047,5830500,95.26000213623047
NFLX,2016-08-23,95.68000030517578,96.589996337890625,95.4800033569336,95.94000244140625,5239100,95.94000244140625
NFLX,2016-08-24,96.12999725341797,96.36000061035156,94.910003662109375,95.18000030517578,6276500,95.18000030517578
NFLX,2016-08-25,96.37999725341797,98.25,96.04000091552734,97.31999969482422,10823100,97.31999969482422
NFLX,2016-08-26,97.33000183105469,97.94999694824219,96.56999969482422,97.58000183105469,6617600,97.58000183105469
NFLX,2016-08-29,96.970001220703125,98.44999694824219,96.56999969482422,97.30000305175781,8008400,97.30000305175781
NFLX,2016-08-30,97.839996337890625,98.8499984741211,97.13999938964844,97.44999694824219,6093500,97.44999694824219
NFLX,2016-08-31,97.4800033569336,97.87999725341797,96.76000213623047,97.44999694824219,4690600,97.44999694824219
NFLX,2016-09-01,97.80999755859375,97.9800033569336,96.91999816894531,97.37999725341797,4148600,97.37999725341797
NFLX,2016-09-02,97.9000015258789,98.18000030517578,97.01000213623047,97.37999725341797,4247200,97.37999725341797
NFLX,2016-09-06,97.76000213623047,100.31999969482422,97.6500015258789,100.08999633789062,9036100,100.08999633789062
NFLX,2016-09-07,100.11000061035156,100.19000244140625,98.41999816894531,99.1500015258789,6468500,99.1500015258789
NFLX,2016-09-08,99.2300033569336,100.05000305175781,98.81999969482422,99.660003662109375,5201200,99.660003662109375
NFLX,2016-09-09,99.05999755859375,99.38999938964844,96.5,96.5,7373300,96.5
NFLX,2016-09-12,95.910003662109375,99.29000091552734,95.70999908447266,99.05000305175781,7718400,99.05000305175781
NFLX,2016-09-13,97.16999816894531,98,95.33000183105469,96.089996337890625,11788100,96.089996337890625
NFLX,2016-09-14,97.3499984741211,98.3499984741211,96.95999908447266,97.01000213623047,8481000,97.01000213623047
NFLX,2016-09-15,97.2300033569336,97.970001220703125,96.529998779296875,97.339996337890625,5293500,97.339996337890625
NFLX,2016-09-16,97.0999984741211,99.48999786376953,97.04000091552734,99.4800033569336,9445100,99.4800033569336
NFLX,2016-09-19,99.9000015258789,100.3499984741211,97.81999969482422,98.05999755859375,8616200,98.05999755859375
NFLX,2016-09-20,98.779998779296875,99.160003662109375,97.660003662109375,98.25,4736800,98.25
NFLX,2016-09-21,96.9000015258789,97.0999984741211,93.26000213623047,94.87999725341797,20042200,94.87999725341797
NFLX,2016-09-22,95.54000091552734,95.87999725341797,94.2300033569336,95.83000183105469,11215000,95.83000183105469
NFLX,2016-09-23,95.75,96.970001220703125,95.43000030517578,95.94000244140625,6179500,95.94000244140625
NFLX,2016-09-26,95.37999725341797,95.37999725341797,94.04000091552734,94.55999755859375,6739200,94.55999755859375
NFLX,2016-09-27,95.04000091552734,97.63999938964844,95,97.06999969482422,9680100,97.06999969482422
NFLX,2016-09-28,97.0999984741211,97.589996337890625,96.0199966430664,97.4800033569336,7235100,97.4800033569336
NFLX,2016-09-29,97.30999755859375,98.30999755859375,96.5999984741211,96.66999816894531,6217600,96.66999816894531
NFLX,2016-09-30,96.9000015258789,99.529998779296875,96.79000091552734,98.55000305175781,9807900,98.55000305175781
NFLX,2016-10-03,98,103.38999938964844,98,102.62999725341797,15344500,102.62999725341797
NFLX,2016-10-04,103.19000244140625,104.44000244140625,101.86000061035156,102.33999633789062,12143100,102.33999633789062
NFLX,2016-10-05,103.5,106.97000122070312,103.43000030517578,106.27999877929688,12942900,106.27999877929688
NFLX,2016-10-06,104.97000122070312,105.47000122070312,103.87999725341797,105.06999969482422,6587700,105.06999969482422
NFLX,2016-10-07,103.9800033569336,106.5,103.55000305175781,104.81999969482422,8659500,104.81999969482422
NFLX,2016-10-10,103.18000030517578,104.52999877929688,102.76000213623047,103.33000183105469,6699700,103.33000183105469
NFLX,2016-10-11,102.30999755859375,102.9000015258789,99.86000061035156,100.58999633789062,9032900,100.58999633789062
NFLX,2016-10-12,100.87999725341797,102.47000122070312,99.220001220703125,99.5,7426500,99.5
NFLX,2016-10-13,98.01000213623047,100.5,97.62999725341797,100.2300033569336,8319300,100.2300033569336
NFLX,2016-10-14,101.58999633789062,102.0999984741211,100.3499984741211,101.47000122070312,9531100,101.47000122070312
NFLX,2016-10-17,100.5,100.7300033569336,98.37999725341797,99.80000305175781,26589500,99.80000305175781
NFLX,2016-10-18,116.62999725341797,119.81999969482422,116.5,118.79000091552734,42168200,118.79000091552734
NFLX,2016-10-19,118.25,122.44999694824219,118,121.87000274658203,21981700,121.87000274658203
NFLX,2016-10-20,121.97000122070312,123.75,121.05999755859375,123.3499984741211,14492800,123.3499984741211
NFLX,2016-10-21,122.5,127.8499984741211,122.30999755859375,127.5,18832400,127.5
NFLX,2016-10-24,127.41999816894531,129.2899932861328,126.1500015258789,127.33000183105469,15980700,127.33000183105469
NFLX,2016-10-25,126.5199966430664,128.05999755859375,125.75,126.51000213623047,8253900,126.51000213623047
NFLX,2016-10-26,126.29000091552734,128.72000122070312,125.75,126.97000122070312,8602400,126.97000122070312
NFLX,2016-10-27,127.43000030517578,128.17999267578125,125.93000030517578,126.47000122070312,6914200,126.47000122070312
NFLX,2016-10-28,126.08000183105469,128.92999267578125,126.01000213623047,126.56999969482422,7077300,126.56999969482422
NFLX,2016-10-31,126.8499984741211,126.9000015258789,124.4000015258789,124.87000274658203,6517500,124.87000274658203
NFLX,2016-11-01,124.9800033569336,125.83000183105469,121.80000305175781,123.30000305175781,6978600,123.30000305175781
NFLX,2016-11-02,122.83000183105469,124.06999969482422,121.83000183105469,122.33999633789062,4816500,122.33999633789062
NFLX,2016-11-03,122.30999755859375,123.72000122070312,121.83999633789062,122.13999938964844,5041300,122.13999938964844
NFLX,2016-11-04,122,123.43000030517578,121.62000274658203,122.02999877929688,5077700,122.02999877929688
NFLX,2016-11-07,124.26000213623047,125.75,123.37000274658203,124.58000183105469,5827100,124.58000183105469
NFLX,2016-11-08,124.12000274658203,125.80999755859375,123.22000122070312,124.33999633789062,4690800,124.33999633789062
NFLX,2016-11-09,121.83999633789062,123.6500015258789,120.86000061035156,122.19000244140625,7705700,122.19000244140625
NFLX,2016-11-10,122.76000213623047,122.97000122070312,113.69999694824219,115.41999816894531,19718700,115.41999816894531
NFLX,2016-11-11,114.9000015258789,116.62999725341797,113.11000061035156,114.77999877929688,11080300,114.77999877929688
NFLX,2016-11-14,114.75,115.9000015258789,110.68000030517578,113.37999725341797,9932400,113.37999725341797
NFLX,2016-11-15,114.55000305175781,116.41000366210938,113.08999633789062,113.58999633789062,7445100,113.58999633789062
NFLX,2016-11-16,112.95999908447266,116.12000274658203,111.80999755859375,115.19000244140625,5933700,115.19000244140625
NFLX,2016-11-17,115.12999725341797,116.80999755859375,113.55999755859375,115.02999877929688,6232700,115.02999877929688
NFLX,2016-11-18,115.7300033569336,116.41999816894531,113.51000213623047,115.20999908447266,6746800,115.20999908447266
NFLX,2016-11-21,116.19999694824219,118.72000122070312,116.19000244140625,117.95999908447266,7064500,117.95999908447266
NFLX,2016-11-22,118.31999969482422,119.45999908447266,116.9800033569336,118.04000091552734,7007200,118.04000091552734
NFLX,2016-11-23,117.76000213623047,118.88999938964844,117.30999755859375,117.69000244140625,4521300,117.69000244140625
NFLX,2016-11-25,117.63999938964844,118.38999938964844,117.18000030517578,117.41000366210938,1616300,117.41000366210938
NFLX,2016-11-28,117.05000305175781,117.62000274658203,115.70999908447266,116.93000030517578,5278900,116.93000030517578
NFLX,2016-11-29,117.30000305175781,119.18000030517578,117.12999725341797,117.51000213623047,7082300,117.51000213623047
NFLX,2016-11-30,119,120.37000274658203,116.38999938964844,117,7715100,117
NFLX,2016-12-01,117.5199966430664,118.68000030517578,113.94999694824219,117.22000122070312,8636900,117.22000122070312
NFLX,2016-12-02,116.75,120.9800033569336,116.75,120.80999755859375,8953600,120.80999755859375
NFLX,2016-12-05,120.7300033569336,120.75,118.4000015258789,119.16000366210938,7626300,119.16000366210938
NFLX,2016-12-06,120.0999984741211,124.79000091552734,119.41999816894531,124.56999969482422,11513200,124.56999969482422
NFLX,2016-12-07,124.4800033569336,125.75,123.25,125.38999938964844,8204700,125.38999938964844
NFLX,2016-12-08,125.4000015258789,126.3499984741211,122.16000366210938,123.23999786376953,8987700,123.23999786376953
NFLX,2016-12-09,123.77999877929688,124.30000305175781,121.7300033569336,122.87999725341797,4700800,122.87999725341797
NFLX,2016-12-12,122.83999633789062,124.02999877929688,122.30000305175781,122.83000183105469,3917600,122.83000183105469
NFLX,2016-12-13,123.51000213623047,125.08999633789062,122.77999877929688,123.77999877929688,5564500,123.77999877929688
NFLX,2016-12-14,123.43000030517578,124.4000015258789,122.5,123.44000244140625,6110300,123.44000244140625
NFLX,2016-12-15,123.44000244140625,127.43000030517578,122.94999694824219,125,7376200,125
NFLX,2016-12-16,126.38999938964844,126.68000030517578,124.01000213623047,124.22000122070312,7868000,124.22000122070312
NFLX,2016-12-19,124.30000305175781,126.44000244140625,122.87000274658203,125.44999694824219,4867300,125.44999694824219
NFLX,2016-12-20,125.45999908447266,126.30000305175781,124.63999938964844,125.12000274658203,3937800,125.12000274658203
NFLX,2016-12-21,125.52999877929688,127.73999786376953,125,126.5,6514800,126.5
NFLX,2016-12-22,126.83999633789062,127.5,125.18000030517578,125.58000183105469,4160700,125.58000183105469
NFLX,2016-12-23,125.61000061035156,126.27999877929688,125.08000183105469,125.58999633789062,2010400,125.58999633789062
NFLX,2016-12-27,126.23999786376953,129.0500030517578,125.69999694824219,128.35000610351562,5288200,128.35000610351562
NFLX,2016-12-28,129.07000732421875,129.07000732421875,125.76000213623047,125.88999938964844,4389200,125.88999938964844
NFLX,2016-12-29,125.94999694824219,126.13999938964844,124.19999694824219,125.33000183105469,3445100,125.33000183105469
NFLX,2016-12-30,126.23999786376953,126.56999969482422,123.5999984741211,123.80000305175781,4455400,123.80000305175781
NFLX,2017-01-03,124.95999908447266,128.19000244140625,124.30999755859375,127.48999786376953,9437900,127.48999786376953
NFLX,2017-01-04,127.48999786376953,130.1699981689453,126.55000305175781,129.41000366210938,7843600,129.41000366210938
NFLX,2017-01-05,129.22000122070312,132.75,128.89999389648438,131.80999755859375,10185500,131.80999755859375
NFLX,2017-01-06,132.0800018310547,133.8800048828125,129.80999755859375,131.07000732421875,10657900,131.07000732421875
NFLX,2017-01-09,131.47999572753906,131.99000549316406,129.88999938964844,130.9499969482422,5771800,130.9499969482422
NFLX,2017-01-10,131.27000427246094,132.22000122070312,129.2899932861328,129.88999938964844,5985800,129.88999938964844
NFLX,2017-01-11,130.91000366210938,131.5,129.25,130.5,5615100,130.5
NFLX,2017-01-12,130.6300048828125,130.85000610351562,128.5,129.17999267578125,5388900,129.17999267578125
NFLX,2017-01-13,131.14999389648438,133.92999267578125,130.5800018310547,133.6999969482422,10515000,133.6999969482422
NFLX,2017-01-17,135.0399932861328,135.39999389648438,132.08999633789062,132.88999938964844,12220200,132.88999938964844
NFLX,2017-01-18,133.2100067138672,133.64999389648438,131.05999755859375,133.25999450683594,16168600,133.25999450683594
NFLX,2017-01-19,142.00999450683594,143.4600067138672,138.25,138.41000366210938,23203400,138.41000366210938
NFLX,2017-01-20,139.36000061035156,140.7899932861328,137.66000366210938,138.60000610351562,9497400,138.60000610351562
NFLX,2017-01-23,138.64999389648438,139.49000549316406,137.30999755859375,137.38999938964844,7433900,137.38999938964844
NFLX,2017-01-24,138.11000061035156,140.92999267578125,137.02999877929688,140.11000061035156,7754700,140.11000061035156
NFLX,2017-01-25,140.8000030517578,141.38999938964844,139.0500030517578,139.52000427246094,7238100,139.52000427246094
NFLX,2017-01-26,140.4499969482422,141.2100067138672,138.50999450683594,138.9600067138672,6038300,138.9600067138672
NFLX,2017-01-27,139.4600067138672,142.49000549316406,139,142.4499969482422,8323900,142.4499969482422
NFLX,2017-01-30,141.77000427246094,141.97000122070312,138.8000030517578,141.22000122070312,8122500,141.22000122070312
NFLX,2017-01-31,140.5500030517578,141.8300018310547,139.6999969482422,140.7100067138672,4411600,140.7100067138672
NFLX,2017-02-01,141.1999969482422,142.41000366210938,139.3000030517578,140.77999877929688,6033400,140.77999877929688
NFLX,2017-02-02,140.61000061035156,141.0399932861328,139.0500030517578,139.1999969482422,3462400,139.1999969482422
NFLX,2017-02-03,139.50999450683594,140.63999938964844,139.10000610351562,140.25,3512600,140.25
NFLX,2017-02-06,140,141,139.16000366210938,140.97000122070312,3552100,140.97000122070312
NFLX,2017-02-07,141.49000549316406,144.27999877929688,141.0500030517578,144,8573500,144
NFLX,2017-02-08,143.57000732421875,145.07000732421875,142.55999755859375,144.74000549316406,6887100,144.74000549316406
NFLX,2017-02-09,144.97999572753906,145.08999633789062,143.5800018310547,144.13999938964844,4555100,144.13999938964844
NFLX,2017-02-10,144.67999267578125,145.3000030517578,143.97000122070312,144.82000732421875,6171900,144.82000732421875
NFLX,2017-02-13,145.19000244140625,145.9499969482422,143.0500030517578,143.1999969482422,4790400,143.1999969482422
NFLX,2017-02-14,143.1999969482422,144.11000061035156,140.0500030517578,140.82000732421875,8367800,140.82000732421875
NFLX,2017-02-15,140.72000122070312,142.42999267578125,140.50999450683594,142.27000427246094,5309100,142.27000427246094
NFLX,2017-02-16,142.4199981689453,142.44000244140625,141.07000732421875,142.00999450683594,2847500,142.00999450683594
NFLX,2017-02-17,141.75,142.89999389648438,141.27000427246094,142.22000122070312,4588100,142.22000122070312
NFLX,2017-02-21,142.99000549316406,143.3800048828125,141.80999755859375,142.60000610351562,3571500,142.60000610351562
NFLX,2017-02-22,142.9199981689453,144,142.1699981689453,143.86000061035156,3482000,143.86000061035156
NFLX,2017-02-23,144.4499969482422,144.49000549316406,141.52000427246094,142.77999877929688,4668000,142.77999877929688
NFLX,2017-02-24,141.8800048828125,143.55999755859375,141.5500030517578,143.25,3302700,143.25
NFLX,2017-02-27,143.1199951171875,143.9199981689453,142.3800048828125,143.41000366210938,3907400,143.41000366210938
NFLX,2017-02-28,143.3000030517578,143.57000732421875,141.85000610351562,142.1300048828125,3862200,142.1300048828125
NFLX,2017-03-01,142.83999633789062,143.25999450683594,142.10000610351562,142.64999389648438,4170600,142.64999389648438
NFLX,2017-03-02,142.14999389648438,142.6999969482422,139.08999633789062,139.52999877929688,6119900,139.52999877929688
NFLX,2017-03-03,139.69000244140625,140.91000366210938,138.25999450683594,139.13999938964844,5399800,139.13999938964844
NFLX,2017-03-06,141,142.83999633789062,140.5399932861328,141.94000244140625,7116100,141.94000244140625
NFLX,2017-03-07,141.99000549316406,142.39999389648438,140.3800048828125,141.42999267578125,4241000,141.42999267578125
NFLX,2017-03-08,141.47000122070312,142.05999755859375,139.77000427246094,140.32000732421875,4085500,140.32000732421875
NFLX,2017-03-09,140.0399932861328,141.24000549316406,139.74000549316406,140.52999877929688,2652700,140.52999877929688
NFLX,2017-03-10,141.38999938964844,141.8000030517578,140.27999877929688,140.88999938964844,3318500,140.88999938964844
NFLX,2017-03-13,140.89999389648438,143.7100067138672,140.32000732421875,143.52000427246094,4922400,143.52000427246094
NFLX,2017-03-14,142.9499969482422,143.30999755859375,141.6999969482422,143.19000244140625,4660300,143.19000244140625
NFLX,2017-03-15,144.1999969482422,145.52000427246094,143.22999572753906,145.25,5987200,145.25
NFLX,2017-03-16,145.5,146.5,144.22000122070312,144.38999938964844,5286500,144.38999938964844
NFLX,2017-03-17,144.0500030517578,145.75999450683594,143.39999389648438,145.11000061035156,6281300,145.11000061035156
NFLX,2017-03-20,145.4499969482422,146.25,144.5800018310547,145.8300018310547,3421000,145.8300018310547
NFLX,2017-03-21,146.75,147.6999969482422,142.10000610351562,142.4199981689453,7669800,142.4199981689453
NFLX,2017-03-22,142.5399932861328,143.8000030517578,140.75999450683594,142.64999389648438,6486900,142.64999389648438
NFLX,2017-03-23,142.13999938964844,142.88999938964844,141.25999450683594,141.83999633789062,3712600,141.83999633789062
NFLX,2017-03-24,142.36000061035156,142.8000030517578,141.5800018310547,142.02000427246094,3546600,142.02000427246094
NFLX,2017-03-27,140.8300018310547,144.38999938964844,140,144.05999755859375,4771700,144.05999755859375
NFLX,2017-03-28,144.10000610351562,146.11000061035156,143.9199981689453,145.1699981689453,4638000,145.1699981689453
NFLX,2017-03-29,145.5,147.17999267578125,144.91000366210938,146.47000122070312,3855000,146.47000122070312
NFLX,2017-03-30,146.80999755859375,148.2899932861328,146.52999877929688,148.05999755859375,4461100,148.05999755859375
NFLX,2017-03-31,148,148.22999572753906,147.3300018310547,147.80999755859375,3888200,147.80999755859375
NFLX,2017-04-03,146.6999969482422,148.00999450683594,145.74000549316406,146.9199981689453,4609300,146.9199981689453
NFLX,2017-04-04,146.83999633789062,147.08999633789062,144.88999938964844,145.5,4368900,145.5
NFLX,2017-04-05,146.19000244140625,146.25,143.25999450683594,143.6199951171875,4607600,143.6199951171875
NFLX,2017-04-06,144,144.13999938964844,143.00999450683594,143.74000549316406,3312400,143.74000549316406
NFLX,2017-04-07,143.7899932861328,143.88999938964844,142.7100067138672,143.11000061035156,3040500,143.11000061035156
NFLX,2017-04-10,143.0399932861328,144.64999389648438,141.2100067138672,143.85000610351562,5807400,143.85000610351562
NFLX,2017-04-11,144.27999877929688,144.5399932861328,141.97999572753906,144.35000610351562,4621500,144.35000610351562
NFLX,2017-04-12,144.85000610351562,145.74000549316406,143.5500030517578,143.8300018310547,4387000,143.8300018310547
NFLX,2017-04-13,144.25,144.5500030517578,142.75999450683594,142.9199981689453,3685800,142.9199981689453
NFLX,2017-04-17,144.42999267578125,147.32000732421875,144.42999267578125,147.25,16364700,147.25
NFLX,2017-04-18,147.33999633789062,147.39999389648438,140,143.36000061035156,19671000,143.36000061035156
NFLX,2017-04-19,143.3699951171875,144,138.66000366210938,139.75999450683594,12395100,139.75999450683594
NFLX,2017-04-20,140.3000030517578,141.8000030517578,139.27000427246094,141.17999267578125,7248200,141.17999267578125
NFLX,2017-04-21,141.38999938964844,143.02999877929688,140.89999389648438,142.8699951171875,6824800,142.8699951171875
NFLX,2017-04-24,143.61000061035156,144.5,143.39999389648438,143.8300018310547,4800900,143.8300018310547
NFLX,2017-04-25,147.4600067138672,153.52000427246094,146.22000122070312,152.16000366210938,20674200,152.16000366210938
NFLX,2017-04-26,151.52999877929688,152.14999389648438,148.89999389648438,150.1699981689453,9274100,150.1699981689453
NFLX,2017-04-27,150.60000610351562,153.49000549316406,149.3000030517578,153.0800018310547,7719400,153.0800018310547
NFLX,2017-04-28,152.7100067138672,152.97000122070312,150.94000244140625,152.1999969482422,6366200,152.1999969482422
NFLX,2017-05-01,151.91000366210938,157.6999969482422,151.61000061035156,155.35000610351562,9031600,155.35000610351562
NFLX,2017-05-02,155.75999450683594,156.5,154.61000061035156,156.4499969482422,5384800,156.4499969482422
NFLX,2017-05-03,156.2899932861328,156.5399932861328,154.8800048828125,155.58999633789062,3931200,155.58999633789062
NFLX,2017-05-04,155.58999633789062,157.89999389648438,154.5500030517578,157.25,5582300,157.25
NFLX,2017-05-05,158.5500030517578,158.58999633789062,155.89999389648438,156.60000610351562,5341700,156.60000610351562
NFLX,2017-05-08,156.5500030517578,157.63999938964844,155.3000030517578,156.3800048828125,4818800,156.3800048828125
NFLX,2017-05-09,156.10000610351562,157.85000610351562,155.97000122070312,157.4600067138672,3911000,157.4600067138672
NFLX,2017-05-10,157.82000732421875,161.10000610351562,156.55999755859375,160.27999877929688,6869900,160.27999877929688
NFLX,2017-05-11,160.3300018310547,160.52000427246094,157.5500030517578,158.5399932861328,5677400,158.5399932861328
NFLX,2017-05-12,159.11000061035156,160.83999633789062,158.50999450683594,160.80999755859375,5092900,160.80999755859375
NFLX,2017-05-15,160.25,161.77999877929688,159.75999450683594,160.02000427246094,4972000,160.02000427246094
NFLX,2017-05-16,160.5,161.17999267578125,159.3300018310547,159.41000366210938,3464900,159.41000366210938
NFLX,2017-05-17,158.08999633789062,158.77999877929688,153,153.1999969482422,8184500,153.1999969482422
NFLX,2017-05-18,153.61000061035156,156.88999938964844,153.24000549316406,155.6999969482422,6802700,155.6999969482422
NFLX,2017-05-19,156.14999389648438,158.0500030517578,155.91000366210938,157.02000427246094,4091500,157.02000427246094
NFLX,2017-05-22,157.86000061035156,158.60000610351562,156.42999267578125,157.16000366210938,3744100,157.16000366210938
NFLX,2017-05-23,157.75,158.30999755859375,156.8000030517578,157.9499969482422,3370900,157.9499969482422
NFLX,2017-05-24,158.35000610351562,158.47999572753906,157.1699981689453,157.75,2970800,157.75
NFLX,2017-05-25,161,164.10000610351562,160.5500030517578,163.0500030517578,8561000,163.0500030517578
NFLX,2017-05-26,162.83999633789062,163.0500030517578,161.1199951171875,162.42999267578125,4834300,162.42999267578125
NFLX,2017-05-30,163.60000610351562,164.75,162.7100067138672,163.22000122070312,4828600,163.22000122070312
NFLX,2017-05-31,163.61000061035156,164,160.74000549316406,163.07000732421875,5328900,163.07000732421875
NFLX,2017-06-01,163.52000427246094,163.92999267578125,161.6999969482422,162.99000549316406,3896300,162.99000549316406
NFLX,2017-06-02,163.4199981689453,165.36000061035156,162.8000030517578,165.17999267578125,4259100,165.17999267578125
NFLX,2017-06-05,165.49000549316406,165.5,163.42999267578125,165.05999755859375,3875200,165.05999755859375
NFLX,2017-06-06,164.9499969482422,166.82000732421875,164.50999450683594,165.1699981689453,4382100,165.1699981689453
NFLX,2017-06-07,165.60000610351562,166.39999389648438,164.41000366210938,165.61000061035156,3353100,165.61000061035156
NFLX,2017-06-08,166.1199951171875,166.8699951171875,164.83999633789062,165.8800048828125,3719100,165.8800048828125
NFLX,2017-06-09,166.27000427246094,166.27000427246094,154.5,158.02999877929688,10292000,158.02999877929688
NFLX,2017-06-12,155.3000030517578,155.52999877929688,148.30999755859375,151.44000244140625,14114500,151.44000244140625
NFLX,2017-06-13,154.3800048828125,155.67999267578125,150.1300048828125,152.72000122070312,8484700,152.72000122070312
NFLX,2017-06-14,154.33999633789062,155.6199951171875,150.27999877929688,152.1999969482422,6461800,152.1999969482422
NFLX,2017-06-15,149.44000244140625,152.55999755859375,147.3000030517578,151.75999450683594,7319700,151.75999450683594
NFLX,2017-06-16,151.4499969482422,153.52999877929688,150.38999938964844,152.3800048828125,6909700,152.3800048828125
NFLX,2017-06-19,154.2899932861328,155.5800018310547,152.41000366210938,153.39999389648438,6544300,153.39999389648438
NFLX,2017-06-20,153.67999267578125,154.5,151.39999389648438,152.0500030517578,4878700,152.0500030517578
NFLX,2017-06-21,152.5,155.3800048828125,152.25999450683594,155.02999877929688,5803400,155.02999877929688
NFLX,2017-06-22,155.1300048828125,155.1999969482422,153.6999969482422,154.88999938964844,3769200,154.88999938964844
NFLX,2017-06-23,155.00999450683594,158.19000244140625,153.75999450683594,158.02000427246094,6250800,158.02000427246094
NFLX,2017-06-26,158.77999877929688,159.97000122070312,156.55999755859375,157.5,6016000,157.5
NFLX,2017-06-27,156.6199951171875,156.97999572753906,150.72000122070312,151.02999877929688,7424300,151.02999877929688
NFLX,2017-06-28,151.63999938964844,154.1999969482422,150.1199951171875,153.41000366210938,5589900,153.41000366210938
NFLX,2017-06-29,152.82000732421875,152.82000732421875,148,150.08999633789062,7142500,150.08999633789062
NFLX,2017-06-30,149.75999450683594,150.7100067138672,148.4199981689453,149.41000366210938,5213300,149.41000366210938
NFLX,2017-07-03,149.8000030517578,150.4499969482422,145.8000030517578,146.1699981689453,3908200,146.1699981689453
NFLX,2017-07-05,146.5800018310547,148.25999450683594,145.5800018310547,147.61000061035156,4627800,147.61000061035156
NFLX,2017-07-06,146.1300048828125,147.27000427246094,144.25,146.25,5486500,146.25
NFLX,2017-07-07,146.64999389648438,150.75,146.64999389648438,150.17999267578125,5561300,150.17999267578125
NFLX,2017-07-10,150.33999633789062,153.22999572753906,149.64999389648438,152.6699981689453,5360600,152.6699981689453
NFLX,2017-07-11,152.3699951171875,155.22999572753906,151.5500030517578,154.3300018310547,4898600,154.3300018310547
NFLX,2017-07-12,155.77000427246094,158.8000030517578,155.77000427246094,158.75,8481800,158.75
NFLX,2017-07-13,158.50999450683594,160.1300048828125,156.97999572753906,158.2100067138672,6700100,158.2100067138672
NFLX,2017-07-14,159.3000030517578,161.35000610351562,157.97000122070312,161.1199951171875,5549200,161.1199951171875
NFLX,2017-07-17,162.91000366210938,163.5500030517578,160.02000427246094,161.6999969482422,17496700,161.6999969482422
NFLX,2017-07-18,176.1199951171875,185,174.24000549316406,183.60000610351562,41587400,183.60000610351562
NFLX,2017-07-19,182.97000122070312,187.1699981689453,181.75,183.86000061035156,17344300,183.86000061035156
NFLX,2017-07-20,183.83999633789062,185.9199981689453,182.6999969482422,183.60000610351562,7907200,183.60000610351562
NFLX,2017-07-21,182.72000122070312,191.5,182.7100067138672,188.5399932861328,9277400,188.5399932861328
NFLX,2017-07-24,188.69000244140625,190.25,187.00999450683594,187.91000366210938,8797300,187.91000366210938
NFLX,2017-07-25,187.7899932861328,188.66000366210938,185.80999755859375,186.97000122070312,5374500,186.97000122070312
NFLX,2017-07-26,187.6999969482422,189.6999969482422,187.50999450683594,189.0800018310547,4479300,189.0800018310547
NFLX,2017-07-27,189.88999938964844,190,179.3800048828125,182.67999267578125,11221000,182.67999267578125
NFLX,2017-07-28,182,185.02999877929688,181.17999267578125,184.0399932861328,6201900,184.0399932861328
NFLX,2017-07-31,184.25999450683594,184.97000122070312,180.64999389648438,181.66000366210938,4883600,181.66000366210938
NFLX,2017-08-01,182.49000549316406,184.6199951171875,181.42999267578125,182.02999877929688,5112700,182.02999877929688
NFLX,2017-08-02,182.22000122070312,182.57000732421875,177.80999755859375,180.74000549316406,5771300,180.74000549316406
NFLX,2017-08-03,180.52999877929688,181.22000122070312,178.02000427246094,179.22999572753906,4627700,179.22999572753906
NFLX,2017-08-04,179.60000610351562,181,178.5,180.27000427246094,4491100,180.27000427246094
NFLX,2017-08-07,181,182.27000427246094,179.10000610351562,181.3300018310547,4609800,181.3300018310547
NFLX,2017-08-08,181.3699951171875,181.91000366210938,177.4499969482422,178.36000061035156,6104000,178.36000061035156
NFLX,2017-08-09,171.42999267578125,175.9600067138672,170.00999450683594,175.77999877929688,9670500,175.77999877929688
NFLX,2017-08-10,174.02999877929688,174.4499969482422,167.60000610351562,169.13999938964844,9693100,169.13999938964844
NFLX,2017-08-11,169.86000061035156,172.5800018310547,169,171.39999389648438,5022300,171.39999389648438
NFLX,2017-08-14,169.8000030517578,172.4499969482422,168.8000030517578,171,7468400,171
NFLX,2017-08-15,171.52999877929688,171.8800048828125,168.25,168.5,5656100,168.5
NFLX,2017-08-16,167.5,170.5,166.25,169.97999572753906,7013600,169.97999572753906
NFLX,2017-08-17,169.22999572753906,170.5800018310547,165.72000122070312,166.08999633789062,5229200,166.08999633789062
NFLX,2017-08-18,165.9499969482422,169.97000122070312,165.8000030517578,166.5399932861328,7385700,166.5399932861328
NFLX,2017-08-21,166.91000366210938,168.99000549316406,164.22999572753906,166.75999450683594,6480700,166.75999450683594
NFLX,2017-08-22,167.75999450683594,169.92999267578125,167.0399932861328,169.33999633789062,4886300,169.33999633789062
NFLX,2017-08-23,168.35000610351562,169.63999938964844,166.6999969482422,169.05999755859375,4632300,169.05999755859375
NFLX,2017-08-24,169.86000061035156,171.24000549316406,166.14999389648438,168.1300048828125,5361700,168.1300048828125
NFLX,2017-08-25,168.5800018310547,168.75,165.5,165.9499969482422,4064000,165.9499969482422
NFLX,2017-08-28,166.42999267578125,168.6699981689453,165.60000610351562,167.1199951171875,3657300,167.1199951171875
NFLX,2017-08-29,165,169.67999267578125,164.72999572753906,168.80999755859375,4620900,168.80999755859375
NFLX,2017-08-30,169.5,174.85000610351562,169.3699951171875,174.69000244140625,8034700,174.69000244140625
NFLX,2017-08-31,175.4499969482422,176.24000549316406,173.86000061035156,174.7100067138672,6941000,174.7100067138672
NFLX,2017-09-01,175.5500030517578,176.47999572753906,173.9199981689453,174.74000549316406,3813000,174.74000549316406
NFLX,2017-09-05,173.39999389648438,175.8800048828125,172.44000244140625,174.52000427246094,4589500,174.52000427246094
NFLX,2017-09-06,175.25,179.4600067138672,173.72999572753906,179.25,8742600,179.25
NFLX,2017-09-07,178.8000030517578,180.35000610351562,177.10000610351562,179,6036100,179
NFLX,2017-09-08,178.4499969482422,180.38999938964844,176.25,176.4199981689453,4590800,176.4199981689453
NFLX,2017-09-11,178.10000610351562,182.47000122070312,178.02999877929688,181.74000549316406,5979400,181.74000549316406
NFLX,2017-09-12,182.5500030517578,185.3300018310547,180.63999938964844,185.14999389648438,6689600,185.14999389648438
NFLX,2017-09-13,184.07000732421875,184.5,182.5500030517578,183.63999938964844,4320300,183.63999938964844
NFLX,2017-09-14,183.25,185.2899932861328,182.07000732421875,182.6300048828125,4510700,182.6300048828125
NFLX,2017-09-15,182.72999572753906,184.92999267578125,181.42999267578125,182.35000610351562,5591700,182.35000610351562
NFLX,2017-09-18,183.61000061035156,185.4499969482422,182.72999572753906,184.6199951171875,5359600,184.6199951171875
NFLX,2017-09-19,184.97999572753906,186.22999572753906,184.1699981689453,185.67999267578125,4982100,185.67999267578125
NFLX,2017-09-20,186.10000610351562,186.5,183.1999969482422,185.50999450683594,4625000,185.50999450683594
NFLX,2017-09-21,185.82000732421875,189.9499969482422,184.50999450683594,188.77999877929688,7148100,188.77999877929688
NFLX,2017-09-22,188.39999389648438,189.85000610351562,186.38999938964844,187.35000610351562,5464300,187.35000610351562
NFLX,2017-09-25,186.4600067138672,186.5500030517578,177.6999969482422,178.5500030517578,9367200,178.5500030517578
NFLX,2017-09-26,180.6999969482422,180.9499969482422,176.5500030517578,179.3800048828125,5602500,179.3800048828125
NFLX,2017-09-27,181.00999450683594,183.33999633789062,180.6999969482422,181.97000122070312,5710500,181.97000122070312
NFLX,2017-09-28,181.25,181.9499969482422,179.36000061035156,180.6999969482422,4077000,180.6999969482422
NFLX,2017-09-29,180.72999572753906,182.89999389648438,180.64999389648438,181.35000610351562,4227900,181.35000610351562
NFLX,2017-10-02,182.11000061035156,182.8000030517578,176.5800018310547,177.00999450683594,7342000,177.00999450683594
NFLX,2017-10-03,177.64999389648438,179.6999969482422,177.5500030517578,179.19000244140625,3956900,179.19000244140625
NFLX,2017-10-04,181.41000366210938,186.6999969482422,181.25,184.4499969482422,9235900,184.4499969482422
NFLX,2017-10-05,185.64999389648438,194.49000549316406,184.49000549316406,194.38999938964844,19412700,194.38999938964844
NFLX,2017-10-06,194.3000030517578,198.9199981689453,192.0500030517578,198.02000427246094,15348400,198.02000427246094
NFLX,2017-10-09,199.10000610351562,199.39999389648438,196.55999755859375,196.8699951171875,6971700,196.8699951171875
NFLX,2017-10-10,197.85000610351562,198.3000030517578,192.10000610351562,195.0800018310547,6233800,195.0800018310547
NFLX,2017-10-11,195.57000732421875,196.22000122070312,193.80999755859375,194.9499969482422,6450200,194.9499969482422
NFLX,2017-10-12,196.75,198.6199951171875,194.7100067138672,195.86000061035156,7753300,195.86000061035156
NFLX,2017-10-13,199.6999969482422,200.82000732421875,197.19000244140625,199.49000549316406,12081300,199.49000549316406
NFLX,2017-10-16,201.9499969482422,202.8300018310547,197.86000061035156,202.67999267578125,22105400,202.67999267578125
NFLX,2017-10-17,200.11000061035156,204.3800048828125,197.77000427246094,199.47999572753906,23900100,199.47999572753906
NFLX,2017-10-18,199.99000549316406,200.00999450683594,194.25,195.5399932861328,11198900,195.5399932861328
NFLX,2017-10-19,193.00999450683594,195.25,191.16000366210938,195.1300048828125,7034600,195.1300048828125
NFLX,2017-10-20,195.89999389648438,196.3800048828125,193.77000427246094,194.16000366210938,5995600,194.16000366210938
NFLX,2017-10-23,194.1699981689453,194.89999389648438,191.02999877929688,192.47000122070312,6980000,192.47000122070312
NFLX,2017-10-24,192.75,196.74000549316406,191.39999389648438,196.02000427246094,7069100,196.02000427246094
NFLX,2017-10-25,195.3800048828125,197.05999755859375,193.00999450683594,193.77000427246094,5315300,193.77000427246094
NFLX,2017-10-26,194.66000366210938,197.61000061035156,194.0800018310547,195.2100067138672,5185800,195.2100067138672
NFLX,2017-10-27,197.1999969482422,200.64999389648438,196.22000122070312,199.5399932861328,8128600,199.5399932861328
NFLX,2017-10-30,199.6199951171875,201.10000610351562,197.07000732421875,198.3699951171875,5439600,198.3699951171875
NFLX,2017-10-31,198.2100067138672,198.58999633789062,195.22000122070312,196.42999267578125,5518600,196.42999267578125
NFLX,2017-11-01,197.24000549316406,199.1999969482422,196,198,5017400,198
NFLX,2017-11-02,197.4499969482422,199.44000244140625,197.08999633789062,199.32000732421875,3606300,199.32000732421875
NFLX,2017-11-03,199.8000030517578,200.5500030517578,197.99000549316406,200.00999450683594,3678800,200.00999450683594
NFLX,2017-11-06,200,202.47999572753906,198.08999633789062,200.1300048828125,5846600,200.1300048828125
NFLX,2017-11-07,200,200.61000061035156,194.8000030517578,195.88999938964844,6468000,195.88999938964844
NFLX,2017-11-08,196,197.08999633789062,194.74000549316406,196.44000244140625,4237400,196.44000244140625
NFLX,2017-11-09,194.4600067138672,194.49000549316406,190.80999755859375,193.89999389648438,5979900,193.89999389648438
NFLX,2017-11-10,191.61000061035156,192.58999633789062,189.5,192.02000427246094,6622200,192.02000427246094
NFLX,2017-11-13,191.1199951171875,196.0500030517578,191,195.0800018310547,4607000,195.0800018310547
NFLX,2017-11-14,193.63999938964844,195.8800048828125,193,195.7100067138672,3450500,195.7100067138672
NFLX,2017-11-15,194.5399932861328,195.4199981689453,191.52999877929688,192.1199951171875,4203100,192.1199951171875
NFLX,2017-11-16,194.3300018310547,197.6999969482422,193.75,195.50999450683594,5678400,195.50999450683594
NFLX,2017-11-17,195.74000549316406,195.9499969482422,192.64999389648438,193.1999969482422,3906300,193.1999969482422
NFLX,2017-11-20,193.3000030517578,194.32000732421875,191.89999389648438,194.10000610351562,3827500,194.10000610351562
NFLX,2017-11-21,195.0399932861328,197.52000427246094,194.97000122070312,196.22999572753906,4787300,196.22999572753906
NFLX,2017-11-22,196.5800018310547,196.75,193.6300048828125,196.32000732421875,5895400,196.32000732421875
NFLX,2017-11-24,196.64999389648438,196.89999389648438,195.3300018310547,195.75,2160500,195.75
NFLX,2017-11-27,195.55999755859375,195.85000610351562,194,195.0500030517578,3210100,195.0500030517578
NFLX,2017-11-28,195.33999633789062,199.67999267578125,194.00999450683594,199.17999267578125,6981100,199.17999267578125
NFLX,2017-11-29,198.91000366210938,199.02999877929688,184.32000732421875,188.14999389648438,14202700,188.14999389648438
NFLX,2017-11-30,190.30999755859375,190.86000061035156,186.67999267578125,187.5800018310547,6630100,187.5800018310547
NFLX,2017-12-01,186.99000549316406,189.8000030517578,185,186.82000732421875,6219500,186.82000732421875
NFLX,2017-12-04,189.36000061035156,189.72000122070312,178.3800048828125,184.0399932861328,9069800,184.0399932861328
NFLX,2017-12-05,183.5,188.13999938964844,181.19000244140625,184.2100067138672,5783700,184.2100067138672
NFLX,2017-12-06,183.3800048828125,186.47999572753906,182.8800048828125,185.3000030517578,5490100,185.3000030517578
NFLX,2017-12-07,185.7100067138672,187.33999633789062,183.22000122070312,185.1999969482422,4659500,185.1999969482422
NFLX,2017-12-08,186.5,189.4199981689453,186.3000030517578,188.5399932861328,4987300,188.5399932861328
NFLX,2017-12-11,187.85000610351562,189.4199981689453,185.91000366210938,186.22000122070312,5298600,186.22000122070312
NFLX,2017-12-12,186.00999450683594,187.85000610351562,184.82000732421875,185.72999572753906,4265900,185.72999572753906
NFLX,2017-12-13,186.10000610351562,188.69000244140625,185.41000366210938,187.86000061035156,4710000,187.86000061035156
NFLX,2017-12-14,187.97999572753906,192.63999938964844,187.1999969482422,189.55999755859375,7792800,189.55999755859375
NFLX,2017-12-15,189.61000061035156,191.42999267578125,188.00999450683594,190.1199951171875,7285600,190.1199951171875
NFLX,2017-12-18,191.1999969482422,191.64999389648438,188.89999389648438,190.4199981689453,5011000,190.4199981689453
NFLX,2017-12-19,190.17999267578125,190.3000030517578,185.75,187.02000427246094,7033000,187.02000427246094
NFLX,2017-12-20,187.94000244140625,189.11000061035156,185.25999450683594,188.82000732421875,6545400,188.82000732421875
NFLX,2017-12-21,189.44000244140625,190.9499969482422,187.5800018310547,188.6199951171875,4729800,188.6199951171875
NFLX,2017-12-22,188.3300018310547,190.9499969482422,186.8000030517578,189.94000244140625,3878900,189.94000244140625
NFLX,2017-12-26,189.77999877929688,189.94000244140625,186.39999389648438,187.75999450683594,3045700,187.75999450683594
NFLX,2017-12-27,187.8000030517578,188.10000610351562,185.22000122070312,186.24000549316406,4002100,186.24000549316406
NFLX,2017-12-28,187.17999267578125,194.49000549316406,186.85000610351562,192.7100067138672,10107400,192.7100067138672
NFLX,2017-12-29,192.50999450683594,193.9499969482422,191.22000122070312,191.9600067138672,5187600,191.9600067138672
NFLX,2018-01-02,196.10000610351562,201.64999389648438,195.4199981689453,201.07000732421875,10966900,201.07000732421875
NFLX,2018-01-03,202.0500030517578,206.2100067138672,201.5,205.0500030517578,8591400,205.0500030517578
NFLX,2018-01-04,206.1999969482422,207.0500030517578,204,205.6300048828125,6029600,205.6300048828125
NFLX,2018-01-05,207.25,210.02000427246094,205.58999633789062,209.99000549316406,7033200,209.99000549316406
NFLX,2018-01-08,210.02000427246094,212.5,208.44000244140625,212.0500030517578,5580200,212.0500030517578
NFLX,2018-01-09,212.11000061035156,212.97999572753906,208.58999633789062,209.30999755859375,6125900,209.30999755859375
NFLX,2018-01-10,207.57000732421875,213.63999938964844,206.91000366210938,212.52000427246094,5951500,212.52000427246094
NFLX,2018-01-11,214.2899932861328,217.75,213.35000610351562,217.24000549316406,7659500,217.24000549316406
NFLX,2018-01-12,217.17999267578125,222.5500030517578,216,221.22999572753906,8199400,221.22999572753906
NFLX,2018-01-16,224.24000549316406,226.07000732421875,217.1999969482422,221.52999877929688,13516100,221.52999877929688
NFLX,2018-01-17,221,221.14999389648438,216.32000732421875,217.5,9123100,217.5
NFLX,2018-01-18,220.33999633789062,220.5800018310547,216.5500030517578,220.3300018310547,8225300,220.3300018310547
NFLX,2018-01-19,222.75,223.49000549316406,218.5,220.4600067138672,10548600,220.4600067138672
NFLX,2018-01-22,222,227.7899932861328,221.1999969482422,227.5800018310547,17703300,227.5800018310547
NFLX,2018-01-23,255.0500030517578,257.7099914550781,248.02000427246094,250.2899932861328,27705300,250.2899932861328
NFLX,2018-01-24,250.8800048828125,261.7099914550781,249.30999755859375,261.29998779296875,17352400,261.29998779296875
NFLX,2018-01-25,263,272.29998779296875,260.2300109863281,269.70001220703125,15336400,269.70001220703125
NFLX,2018-01-26,271.489990234375,274.6000061035156,268.760009765625,274.6000061035156,11021800,274.6000061035156
NFLX,2018-01-29,274.20001220703125,286.80999755859375,273.9200134277344,284.5899963378906,17529700,284.5899963378906
NFLX,2018-01-30,277,282.7300109863281,272.70001220703125,278.79998779296875,12482900,278.79998779296875
NFLX,2018-01-31,281.94000244140625,282.2900085449219,269.5799865722656,270.29998779296875,11695100,270.29998779296875
NFLX,2018-02-01,266.4100036621094,271.95001220703125,263.3800048828125,265.07000732421875,9669000,265.07000732421875
NFLX,2018-02-02,263,270.6199951171875,262.7099914550781,267.42999267578125,9123600,267.42999267578125
NFLX,2018-02-05,262,267.8999938964844,250.02999877929688,254.25999450683594,11896100,254.25999450683594
NFLX,2018-02-06,247.6999969482422,266.70001220703125,245,265.7200012207031,12595800,265.7200012207031
NFLX,2018-02-07,266.5799865722656,272.45001220703125,264.3299865722656,264.55999755859375,8981500,264.55999755859375
NFLX,2018-02-08,267.0799865722656,267.6199951171875,250,250.10000610351562,9306700,250.10000610351562
NFLX,2018-02-09,253.85000610351562,255.8000030517578,236.11000061035156,249.47000122070312,16906900,249.47000122070312
NFLX,2018-02-12,252.13999938964844,259.1499938964844,249,257.95001220703125,8534900,257.95001220703125
NFLX,2018-02-13,257.2900085449219,261.4100036621094,254.6999969482422,258.2699890136719,6855200,258.2699890136719
NFLX,2018-02-14,260.4700012207031,269.8800048828125,260.3299865722656,266,10972000,266
NFLX,2018-02-15,270.0299987792969,280.5,267.6300048828125,280.2699890136719,10759700,280.2699890136719
NFLX,2018-02-16,278.7300109863281,281.9599914550781,275.69000244140625,278.5199890136719,8312400,278.5199890136719
NFLX,2018-02-20,277.739990234375,285.80999755859375,276.6099853515625,278.54998779296875,7769000,278.54998779296875
NFLX,2018-02-21,282.07000732421875,286.6400146484375,280.010009765625,281.0400085449219,9371100,281.0400085449219
NFLX,2018-02-22,283.8800048828125,284.5,274.45001220703125,278.1400146484375,8891500,278.1400146484375
NFLX,2018-02-23,281,286,277.80999755859375,285.92999267578125,7301800,285.92999267578125
NFLX,2018-02-26,288.75,295.6499938964844,287.010009765625,294.1600036621094,10268600,294.1600036621094
NFLX,2018-02-27,294.7699890136719,297.3599853515625,290.5899963378906,290.6099853515625,9416500,290.6099853515625
NFLX,2018-02-28,293.1000061035156,295.75,290.7799987792969,291.3800048828125,7653500,291.3800048828125
NFLX,2018-03-01,292.75,295.25,283.8299865722656,290.3900146484375,11932100,290.3900146484375
NFLX,2018-03-02,284.6499938964844,301.17999267578125,283.2300109863281,301.04998779296875,13345300,301.04998779296875
NFLX,2018-03-05,302.8500061035156,316.9100036621094,297.6000061035156,315,18986100,315
NFLX,2018-03-06,319.8800048828125,325.7900085449219,316.5,325.2200012207031,18525800,325.2200012207031
NFLX,2018-03-07,320,323.739990234375,314.54998779296875,321.1600036621094,17132200,321.1600036621094
NFLX,2018-03-08,322.20001220703125,322.9200134277344,314.1300048828125,317,11340100,317
NFLX,2018-03-09,321.3299865722656,331.44000244140625,320.2300109863281,331.44000244140625,14500200,331.44000244140625
NFLX,2018-03-12,333.55999755859375,333.9800109863281,318.6000061035156,321.29998779296875,20369200,321.29998779296875
NFLX,2018-03-13,323.8699951171875,325.8399963378906,313.2799987792969,315.8800048828125,12917200,315.8800048828125
NFLX,2018-03-14,318.1600036621094,323.8800048828125,317.70001220703125,321.54998779296875,10475100,321.54998779296875
NFLX,2018-03-15,323.1700134277344,323.3999938964844,318.1400146484375,321.0899963378906,5642900,321.0899963378906
NFLX,2018-03-16,321.4200134277344,324.1099853515625,318.3699951171875,318.45001220703125,7333700,318.45001220703125
NFLX,2018-03-19,315.79998779296875,317,307.3399963378906,313.4800109863281,9925200,313.4800109863281
NFLX,2018-03-20,313.260009765625,319.5,312.79998779296875,317.5,5991900,317.5
NFLX,2018-03-21,316.3500061035156,319.3999938964844,314.510009765625,316.4800109863281,5263900,316.4800109863281
NFLX,2018-03-22,313.07000732421875,314.1199951171875,305.6600036621094,306.70001220703125,8063300,306.70001220703125
NFLX,2018-03-23,307.4100036621094,309.3699951171875,300.3599853515625,300.94000244140625,9529900,300.94000244140625
NFLX,2018-03-26,309.3599853515625,321.0299987792969,302,320.3500061035156,11988300,320.3500061035156
NFLX,2018-03-27,322.489990234375,322.8999938964844,297,300.69000244140625,12068600,300.69000244140625
NFLX,2018-03-28,298.3900146484375,298.79998779296875,281.6099853515625,285.7699890136719,18972900,285.7699890136719
NFLX,2018-03-29,287,295.3500061035156,275.8999938964844,295.3500061035156,19145500,295.3500061035156
NFLX,2018-04-02,291.94000244140625,292.8699951171875,275.04998779296875,280.2900085449219,13405800,280.2900085449219
NFLX,2018-04-03,285.45001220703125,291.25,278.010009765625,283.6700134277344,12694900,283.6700134277344
NFLX,2018-04-04,273.6300048828125,290.30999755859375,271.2200012207031,288.94000244140625,12914000,288.94000244140625
NFLX,2018-04-05,293.1499938964844,299.1600036621094,289.1099853515625,293.9700012207031,10655200,293.9700012207031
NFLX,2018-04-06,289.1000061035156,298.8500061035156,285.6499938964844,288.8500061035156,11444800,288.8500061035156
NFLX,2018-04-09,291.7699890136719,299.54998779296875,289.1199951171875,289.92999267578125,9853600,289.92999267578125
NFLX,2018-04-10,297.67999267578125,298.95001220703125,291.69000244140625,298.07000732421875,10660500,298.07000732421875
NFLX,2018-04-11,302.8800048828125,311.6400146484375,301.82000732421875,303.6700134277344,14877400,303.6700134277344
NFLX,2018-04-12,309.7200012207031,311.1300048828125,306.75,309.25,10249400,309.25
NFLX,2018-04-13,317.2900085449219,317.489990234375,308.2300109863281,311.6499938964844,12046600,311.6499938964844
NFLX,2018-04-16,315.989990234375,316.1000061035156,304,307.7799987792969,20307900,307.7799987792969
NFLX,2018-04-17,329.6600036621094,338.6199951171875,323.7699890136719,336.05999755859375,33866500,336.05999755859375
NFLX,2018-04-18,336.29998779296875,338.82000732421875,331.1000061035156,334.5199890136719,11221100,334.5199890136719
NFLX,2018-04-19,332.8800048828125,335.30999755859375,326.7699890136719,332.70001220703125,8438800,332.70001220703125
NFLX,2018-04-20,332.2200012207031,336.510009765625,326,327.7699890136719,9158700,327.7699890136719
NFLX,2018-04-23,329.1499938964844,331.2200012207031,317.0799865722656,318.69000244140625,8968000,318.69000244140625
NFLX,2018-04-24,319.2200012207031,320.25,302.30999755859375,307.0199890136719,13893200,307.0199890136719
NFLX,2018-04-25,306.3699951171875,309.9800109863281,292.6199951171875,305.760009765625,14919700,305.760009765625
NFLX,2018-04-26,310,316.6300048828125,305.5799865722656,313.9800109863281,9266700,313.9800109863281
NFLX,2018-04-27,316.25,317.45001220703125,306.5,311.760009765625,7074400,311.760009765625
NFLX,2018-04-30,311.07000732421875,317.8800048828125,310.1199951171875,312.4599914550781,6088800,312.4599914550781
NFLX,2018-05-01,310.3599853515625,313.4800109863281,306.69000244140625,313.29998779296875,6036600,313.29998779296875
NFLX,2018-05-02,311.6499938964844,317.1000061035156,310.3999938964844,313.3599853515625,5697100,313.3599853515625
NFLX,2018-05-03,312.5899963378906,312.5899963378906,305.7300109863281,311.69000244140625,6135800,311.69000244140625
NFLX,2018-05-04,308.7099914550781,320.9800109863281,307.6700134277344,320.0899963378906,8209500,320.0899963378906
NFLX,2018-05-07,321.989990234375,329.0199890136719,319.3399963378906,326.260009765625,7117800,326.260009765625
NFLX,2018-05-08,325.8999938964844,327.3500061035156,323.04998779296875,326.8900146484375,4735700,326.8900146484375
NFLX,2018-05-09,328.7900085449219,331.95001220703125,327.510009765625,330.29998779296875,5633400,330.29998779296875
NFLX,2018-05-10,331.5,332.05999755859375,327.3399963378906,329.6000061035156,5302300,329.6000061035156
NFLX,2018-05-11,329.6499938964844,331.260009765625,324.8699951171875,326.4599914550781,4589700,326.4599914550781
NFLX,2018-05-14,327.25,330.5,327.0400085449219,328.5299987792969,4089800,328.5299987792969
NFLX,2018-05-15,325.94000244140625,326.94000244140625,322.42999267578125,326.1300048828125,4746100,326.1300048828125
NFLX,2018-05-16,326.2799987792969,329.7200012207031,325.1400146484375,328.19000244140625,3671700,328.19000244140625
NFLX,2018-05-17,327.5299987792969,330.45001220703125,323.1700134277344,325.2200012207031,4935700,325.2200012207031
NFLX,2018-05-18,324.8999938964844,326.4200134277344,322.79998779296875,324.17999267578125,3577700,324.17999267578125
NFLX,2018-05-21,327.1099853515625,331.8800048828125,325.45001220703125,331.82000732421875,6657300,331.82000732421875
NFLX,2018-05-22,334.04998779296875,336.6300048828125,331.1499938964844,331.6199951171875,5964400,331.6199951171875
NFLX,2018-05-23,329.0400085449219,345,328.0899963378906,344.7200012207031,10049100,344.7200012207031
NFLX,2018-05-24,344.3399963378906,354,341.1199951171875,349.2900085449219,14758600,349.2900085449219
NFLX,2018-05-25,349.8999938964844,354.3599853515625,348.8299865722656,351.2900085449219,7817400,351.2900085449219
NFLX,2018-05-29,351.5,356.1000061035156,346.7099914550781,349.7300109863281,9717900,349.7300109863281
NFLX,2018-05-30,352.3699951171875,354,349.260009765625,353.5400085449219,5685500,353.5400085449219
NFLX,2018-05-31,353.79998779296875,355.5299987792969,350.2099914550781,351.6000061035156,6921700,351.6000061035156
NFLX,2018-06-01,353.8800048828125,359.989990234375,352.82000732421875,359.92999267578125,7112300,359.92999267578125
NFLX,2018-06-04,362.67999267578125,363,355.510009765625,361.80999755859375,7682000,361.80999755859375
NFLX,2018-06-05,363.32000732421875,369.8299865722656,361.4100036621094,365.79998779296875,8358000,365.79998779296875
NFLX,2018-06-06,367.7799987792969,369.67999267578125,363.3299865722656,367.45001220703125,7712300,367.45001220703125
NFLX,2018-06-07,368.5400085449219,368.70001220703125,357.79998779296875,361.3999938964844,8278000,361.3999938964844
NFLX,2018-06-08,358.05999755859375,362.3900146484375,356.25,360.57000732421875,5225700,360.57000732421875
NFLX,2018-06-11,361.8800048828125,365.6700134277344,360.9100036621094,361.45001220703125,4432400,361.45001220703125
NFLX,2018-06-12,363.6000061035156,365.9800109863281,362,363.8299865722656,4291000,363.8299865722656
NFLX,2018-06-13,367.5299987792969,384.25,364.1099853515625,379.92999267578125,18222800,379.92999267578125
NFLX,2018-06-14,384.2699890136719,395.0299987792969,383.25,392.8699951171875,14598300,392.8699951171875
NFLX,2018-06-15,390.7099914550781,398.8599853515625,387.510009765625,391.9800109863281,13588100,391.9800109863281
NFLX,2018-06-18,387.7200012207031,393.1600036621094,386.5,390.3999938964844,6824800,390.3999938964844
NFLX,2018-06-19,389.5,405.2900085449219,388.5,404.9800109863281,16697100,404.9800109863281
NFLX,2018-06-20,415.1499938964844,419.4700012207031,409.6000061035156,416.760009765625,16494600,416.760009765625
NFLX,2018-06-21,421.3800048828125,423.2099914550781,406.3699951171875,415.44000244140625,18389900,415.44000244140625
NFLX,2018-06-22,419.9800109863281,420.5,409.6499938964844,411.0899963378906,10428600,411.0899963378906
NFLX,2018-06-25,404.69000244140625,405.989990234375,378.75,384.4800109863281,22490900,384.4800109863281
NFLX,2018-06-26,393.2799987792969,404.7799987792969,389.04998779296875,399.3900146484375,15191200,399.3900146484375
NFLX,2018-06-27,407.55999755859375,411.5899963378906,390,390.3900146484375,16541400,390.3900146484375
NFLX,2018-06-28,395,396.8999938964844,387.1000061035156,395.4200134277344,12219900,395.4200134277344
NFLX,2018-06-29,399.19000244140625,401.3299865722656,390.54998779296875,391.42999267578125,9252500,391.42999267578125
NFLX,2018-07-02,385.45001220703125,398.3800048828125,380,398.17999267578125,8142500,398.17999267578125
NFLX,2018-07-03,399.489990234375,399.9800109863281,389.5,390.5199890136719,5280300,390.5199890136719
NFLX,2018-07-05,393.79998779296875,399.239990234375,390.8599853515625,398.3900146484375,8448900,398.3900146484375
NFLX,2018-07-06,397.45001220703125,408.6499938964844,395.5199890136719,408.25,8629600,408.25
NFLX,2018-07-09,415.95001220703125,419.1199951171875,411.1000061035156,418.9700012207031,11127500,418.9700012207031
NFLX,2018-07-10,417.239990234375,419.44000244140625,413.0799865722656,415.6300048828125,9382900,415.6300048828125
NFLX,2018-07-11,411.3399963378906,419.7699890136719,410.6000061035156,418.6499938964844,9713900,418.6499938964844
NFLX,2018-07-12,415.1600036621094,416.7900085449219,407.79998779296875,413.5,12743300,413.5
NFLX,2018-07-13,409.19000244140625,410,395.0799865722656,395.79998779296875,15719000,395.79998779296875
NFLX,2018-07-16,398.9800109863281,403.3599853515625,391.75,400.4800109863281,22960000,400.4800109863281
NFLX,2018-07-17,346.95001220703125,385,344,379.4800109863281,58410400,379.4800109863281
NFLX,2018-07-18,381.239990234375,383.1300048828125,372.3599853515625,375.1300048828125,21746300,375.1300048828125
NFLX,2018-07-19,371.05999755859375,375.75,363,364.2300109863281,16878700,364.2300109863281
NFLX,2018-07-20,364.9200134277344,370.5,360.1400146484375,361.04998779296875,15096700,361.04998779296875
NFLX,2018-07-23,359.1499938964844,363.8999938964844,353.6000061035156,362.6600036621094,11505200,362.6600036621094
NFLX,2018-07-24,366.94000244140625,367.3999938964844,354.55999755859375,357.32000732421875,12851500,357.32000732421875
NFLX,2018-07-25,357.57000732421875,363.2799987792969,355.6499938964844,362.8699951171875,8467800,362.8699951171875
NFLX,2018-07-26,358.19000244140625,365.5400085449219,356.6300048828125,363.0899963378906,6993700,363.0899963378906
NFLX,2018-07-27,366.8500061035156,367,351.6499938964844,355.2099914550781,8949500,355.2099914550781
NFLX,2018-07-30,351.92999267578125,352.0299987792969,334.0199890136719,334.9599914550781,18260700,334.9599914550781
NFLX,2018-07-31,331.510009765625,342.5,328,337.45001220703125,14085400,337.45001220703125
NFLX,2018-08-01,335.8699951171875,344.4100036621094,334.0199890136719,338.3800048828125,7790500,338.3800048828125
NFLX,2018-08-02,337.2300109863281,345,334.7099914550781,344.5,7131300,344.5
NFLX,2018-08-03,347.75,347.8599853515625,338.4800109863281,343.0899963378906,8848400,343.0899963378906
NFLX,2018-08-06,342.8699951171875,351.9800109863281,341.739990234375,350.9200134277344,8198100,350.9200134277344
NFLX,2018-08-07,353.2300109863281,357.30999755859375,349.010009765625,351.8299865722656,7970900,351.8299865722656
NFLX,2018-08-08,352.2099914550781,352.2900085449219,346.6099853515625,347.6099853515625,5394700,347.6099853515625
NFLX,2018-08-09,347.9599914550781,352.44000244140625,345.82000732421875,349.3599853515625,4820300,349.3599853515625
NFLX,2018-08-10,346.9100036621094,349.1000061035156,344.4200134277344,345.8699951171875,4328400,345.8699951171875
NFLX,2018-08-13,339.8900146484375,347.19000244140625,339.07000732421875,341.30999755859375,6888900,341.30999755859375
NFLX,2018-08-14,342.0899963378906,342.4100036621094,336.25,337.489990234375,5805200,337.489990234375
NFLX,2018-08-15,334.0299987792969,335.5,321,326.3999938964844,11784500,326.3999938964844
NFLX,2018-08-16,329.8999938964844,331.1700134277344,321.2099914550781,322.44000244140625,6689700,322.44000244140625
NFLX,2018-08-17,319.010009765625,324.3699951171875,312.9599914550781,316.7799987792969,10407900,316.7799987792969
NFLX,2018-08-20,314.6400146484375,331.6000061035156,310.92999267578125,327.7300109863281,13591100,327.7300109863281
NFLX,2018-08-21,331,341.5,329.70001220703125,338.0199890136719,14783200,338.0199890136719
NFLX,2018-08-22,338.489990234375,346.2099914550781,337.4100036621094,344.44000244140625,8930700,344.44000244140625
NFLX,2018-08-23,348.1099853515625,350.0799865722656,337.6499938964844,339.1700134277344,11336400,339.1700134277344
NFLX,2018-08-24,346,359.1499938964844,344.5400085449219,358.82000732421875,14729100,358.82000732421875
NFLX,2018-08-27,367.1499938964844,374.489990234375,360,364.5799865722656,17427300,364.5799865722656
NFLX,2018-08-28,367.2300109863281,369.989990234375,360.3800048828125,368.489990234375,9222600,368.489990234375
NFLX,2018-08-29,367.20001220703125,369.8599853515625,362.9100036621094,368.0400085449219,8118700,368.0400085449219
NFLX,2018-08-30,365,376.80999755859375,363.5400085449219,370.9800109863281,10981000,370.9800109863281
NFLX,2018-08-31,370.6600036621094,376,367.0799865722656,367.67999267578125,7943400,367.67999267578125
NFLX,2018-09-04,366.4700012207031,368.8800048828125,361.260009765625,363.6000061035156,7605200,363.6000061035156
NFLX,2018-09-05,360,363.3900146484375,335.8299865722656,341.17999267578125,13092800,341.17999267578125
NFLX,2018-09-06,347.44000244140625,356,341.989990234375,346.4599914550781,13050200,346.4599914550781
NFLX,2018-09-07,342.20001220703125,355.75,341.25,348.67999267578125,9105800,348.67999267578125
NFLX,2018-09-10,352.2699890136719,352.5,343.0799865722656,348.4100036621094,5752200,348.4100036621094
NFLX,2018-09-11,344.6700134277344,356.1499938964844,343.8999938964844,355.92999267578125,6198100,355.92999267578125
NFLX,2018-09-12,359.0799865722656,370.42999267578125,356.239990234375,369.95001220703125,10480800,369.95001220703125
NFLX,2018-09-13,371.9100036621094,374.0899963378906,366.8399963378906,368.1499938964844,8366100,368.1499938964844
NFLX,2018-09-14,368.54998779296875,371.0899963378906,363.4599914550781,364.55999755859375,4756400,364.55999755859375
NFLX,2018-09-17,364.2200012207031,367.3299865722656,349.57000732421875,350.3500061035156,7071900,350.3500061035156
NFLX,2018-09-18,353.6700134277344,368.1499938964844,351.55999755859375,367.6499938964844,10414000,367.6499938964844
NFLX,2018-09-19,373.95001220703125,377.6099853515625,359.1700134277344,366.9599914550781,11876800,366.9599914550781
NFLX,2018-09-20,370.260009765625,370.260009765625,363.1700134277344,365.3599853515625,6768100,365.3599853515625
NFLX,2018-09-21,366.5899963378906,372.2200012207031,360.739990234375,361.19000244140625,11930600,361.19000244140625
NFLX,2018-09-24,359,373.6400146484375,354.3299865722656,369.6099853515625,9322500,369.6099853515625
NFLX,2018-09-25,370.2300109863281,371.3399963378906,364.489990234375,369.42999267578125,6799800,369.42999267578125
NFLX,2018-09-26,373.5899963378906,382,370.8800048828125,377.8800048828125,13799700,377.8800048828125
NFLX,2018-09-27,379.8699951171875,383.20001220703125,376,380.7099914550781,7326200,380.7099914550781
NFLX,2018-09-28,379.239990234375,380.79998779296875,373.7300109863281,374.1300048828125,7114900,374.1300048828125
NFLX,2018-10-01,375.8500061035156,386.1099853515625,375.5899963378906,381.42999267578125,8376600,381.42999267578125
NFLX,2018-10-02,384.3800048828125,386.79998779296875,373.8299865722656,377.1400146484375,8638700,377.1400146484375
NFLX,2018-10-03,378.5299987792969,380.92999267578125,374.8800048828125,377.04998779296875,5798600,377.04998779296875
NFLX,2018-10-04,375.8800048828125,375.9200134277344,360.3999938964844,363.6499938964844,9074400,363.6499938964844
NFLX,2018-10-05,359.7699890136719,363.5,343,351.3500061035156,13523000,351.3500061035156
NFLX,2018-10-08,345.17999267578125,352.95001220703125,338.1099853515625,349.1000061035156,12375500,349.1000061035156
NFLX,2018-10-09,348.4800109863281,358.7200012207031,347.0899963378906,355.7099914550781,8755000,355.7099914550781
NFLX,2018-10-10,353.5199890136719,355.1499938964844,325.3900146484375,325.8900146484375,17183100,325.8900146484375
NFLX,2018-10-11,324.94000244140625,334.20001220703125,315.80999755859375,321.1000061035156,16082100,321.1000061035156
NFLX,2018-10-12,339.57000732421875,341.29998779296875,328.8999938964844,339.55999755859375,14870800,339.55999755859375
NFLX,2018-10-15,337.6300048828125,339.2099914550781,326.92999267578125,333.1300048828125,11215000,333.1300048828125
NFLX,2018-10-16,337.239990234375,347.95001220703125,330.55999755859375,346.3999938964844,20156400,346.3999938964844
NFLX,2018-10-17,378.3299865722656,380,356.5,364.70001220703125,32610900,364.70001220703125
NFLX,2018-10-18,360.6700134277344,362.20001220703125,346.04998779296875,346.7099914550781,18461000,346.7099914550781
NFLX,2018-10-19,351,355.79998779296875,332.20001220703125,332.6700134277344,16717200,332.6700134277344
NFLX,2018-10-22,333.1000061035156,335.79998779296875,320.3399963378906,329.5400085449219,17097200,329.5400085449219
NFLX,2018-10-23,318,336.5799865722656,316.7699890136719,333.1600036621094,14907300,333.1600036621094
NFLX,2018-10-24,332.2799987792969,333,300.7300109863281,301.8299865722656,19039300,301.8299865722656
NFLX,2018-10-25,307.1199951171875,319.94000244140625,305.25,312.8699951171875,13346900,312.8699951171875
NFLX,2018-10-26,300.510009765625,313.989990234375,292.29998779296875,299.8299865722656,19616000,299.8299865722656
NFLX,2018-10-29,305.260009765625,307.8900146484375,275.3999938964844,284.8399963378906,21698800,284.8399963378906
NFLX,2018-10-30,275.57000732421875,290.5199890136719,271.2099914550781,285.80999755859375,23685700,285.80999755859375
NFLX,2018-10-31,297.7699890136719,311.5,295.04998779296875,301.7799987792969,20360300,301.7799987792969
NFLX,2018-11-01,304.5899963378906,318.45001220703125,296.6700134277344,317.3800048828125,15121500,317.3800048828125
NFLX,2018-11-02,318,321.8800048828125,308.3299865722656,309.1000061035156,13404600,309.1000061035156
NFLX,2018-11-05,311.1000061035156,317.5299987792969,303.739990234375,315.44000244140625,10283000,315.44000244140625
NFLX,2018-11-06,314.760009765625,320.2200012207031,305.29998779296875,310.8399963378906,9710400,310.8399963378906
NFLX,2018-11-07,312.8999938964844,328.55999755859375,311,327.5,13328300,327.5
NFLX,2018-11-08,328,332.04998779296875,316.6099853515625,317.9200134277344,11023900,317.9200134277344
NFLX,2018-11-09,311.07000732421875,312.9800109863281,298.010009765625,303.4700012207031,13480800,303.4700012207031
NFLX,2018-11-12,300,302.489990234375,290.6300048828125,294.07000732421875,10924800,294.07000732421875
NFLX,2018-11-13,295,303.54998779296875,289.1000061035156,294.3999938964844,12232200,294.3999938964844
NFLX,2018-11-14,300.3999938964844,301.8399963378906,278.29998779296875,286.7300109863281,16853600,286.7300109863281
NFLX,2018-11-15,285.510009765625,292.5,282.1600036621094,290.05999755859375,9967100,290.05999755859375
NFLX,2018-11-16,287.1400146484375,291.7200012207031,281,286.2099914550781,9099500,286.2099914550781
NFLX,2018-11-19,283.7900085449219,285.0899963378906,269.1499938964844,270.6000061035156,12993800,270.6000061035156
NFLX,2018-11-20,254.6300048828125,276.3399963378906,250,266.9800109863281,16693800,266.9800109863281
NFLX,2018-11-21,274.4200134277344,275.3399963378906,261.510009765625,262.1300048828125,11023000,262.1300048828125
NFLX,2018-11-23,260.1099853515625,265.5,256.8399963378906,258.82000732421875,5245100,258.82000732421875
NFLX,2018-11-26,260.54998779296875,266.25,253.8000030517578,261.42999267578125,12498600,261.42999267578125
NFLX,2018-11-27,259.239990234375,269.0799865722656,256.1400146484375,266.6300048828125,11149500,266.6300048828125
NFLX,2018-11-28,271.9800109863281,284,263.3399963378906,282.6499938964844,14801300,282.6499938964844
NFLX,2018-11-29,282.32000732421875,290.489990234375,275.5,288.75,15431500,288.75
NFLX,2018-11-30,288,290.80999755859375,283.05999755859375,286.1300048828125,11860100,286.1300048828125
NFLX,2018-12-03,293.19000244140625,298.7200012207031,284.5799865722656,290.29998779296875,14117400,290.29998779296875
NFLX,2018-12-04,288.1300048828125,295.739990234375,274.7200012207031,275.3299865722656,12800600,275.3299865722656
NFLX,2018-12-06,268.3299865722656,283.2200012207031,267.1400146484375,282.8800048828125,13074300,282.8800048828125
NFLX,2018-12-07,282.4800109863281,284.2099914550781,263.3800048828125,265.1400146484375,12466700,265.1400146484375
NFLX,2018-12-10,264.19000244140625,271.17999267578125,260.6099853515625,269.70001220703125,9605600,269.70001220703125
NFLX,2018-12-11,274.0799865722656,274.5,262.760009765625,265.32000732421875,9843200,265.32000732421875
NFLX,2018-12-12,267.6600036621094,281.7699890136719,266.4800109863281,274.8800048828125,11456700,274.8800048828125
NFLX,2018-12-13,277.6400146484375,279.32000732421875,271.8500061035156,276.0199890136719,8379300,276.0199890136719
NFLX,2018-12-14,271.80999755859375,277.6700134277344,265,266.8399963378906,9915300,266.8399963378906
NFLX,2018-12-17,266.510009765625,272.9800109863281,261.0799865722656,262.79998779296875,9634700,262.79998779296875
NFLX,2018-12-18,263.29998779296875,275.75,263.2900085449219,270.94000244140625,10350100,270.94000244140625
NFLX,2018-12-19,269.9599914550781,280.8699951171875,263.7699890136719,266.7699890136719,13788400,266.7699890136719
NFLX,2018-12-20,264.6400146484375,269.8999938964844,251.8800048828125,260.5799865722656,16792900,260.5799865722656
NFLX,2018-12-21,263.8299865722656,264.5,241.2899932861328,246.38999938964844,21397600,246.38999938964844
NFLX,2018-12-24,242,250.64999389648438,233.67999267578125,233.8800048828125,9547600,233.8800048828125
NFLX,2018-12-26,233.9199981689453,254.5,231.22999572753906,253.6699981689453,14402700,253.6699981689453
NFLX,2018-12-27,250.11000061035156,255.58999633789062,240.10000610351562,255.57000732421875,12235200,255.57000732421875
NFLX,2018-12-28,257.94000244140625,261.9100036621094,249.8000030517578,256.0799865722656,10992800,256.0799865722656
NFLX,2018-12-31,260.1600036621094,270.1000061035156,260,267.6600036621094,13508900,267.6600036621094
NFLX,2019-01-02,259.2799987792969,269.75,256.5799865722656,267.6600036621094,11679500,267.6600036621094
NFLX,2019-01-03,270.20001220703125,275.7900085449219,264.42999267578125,271.20001220703125,14969600,271.20001220703125
NFLX,2019-01-04,281.8800048828125,297.79998779296875,278.5400085449219,297.57000732421875,19330100,297.57000732421875
NFLX,2019-01-07,302.1000061035156,316.79998779296875,301.6499938964844,315.3399963378906,18620100,315.3399963378906
NFLX,2019-01-08,319.9800109863281,320.5899963378906,308.010009765625,320.2699890136719,15359200,320.2699890136719
NFLX,2019-01-09,317.7099914550781,323.3500061035156,313.5,319.9599914550781,13343200,319.9599914550781
NFLX,2019-01-10,314.57000732421875,325.3699951171875,312.5,324.6600036621094,13472500,324.6600036621094
NFLX,2019-01-11,330.9599914550781,341.0899963378906,328.5199890136719,337.5899963378906,19500400,337.5899963378906
NFLX,2019-01-14,334.239990234375,335.4800109863281,329.1300048828125,332.94000244140625,10499600,332.94000244140625
NFLX,2019-01-15,349.6000061035156,357.2200012207031,347,354.6400146484375,21181200,354.6400146484375
NFLX,2019-01-16,354,358.8500061035156,348.1099853515625,351.3900146484375,15385500,351.3900146484375
NFLX,2019-01-17,349.5,355.7900085449219,346.4100036621094,353.19000244140625,18871200,353.19000244140625
NFLX,2019-01-18,351.9700012207031,353,336.7300109863281,339.1000061035156,26621000,339.1000061035156
NFLX,2019-01-22,334.8900146484375,336.8800048828125,321.0299987792969,325.1600036621094,17941400,325.1600036621094
NFLX,2019-01-23,328.25,331.75,318.6000061035156,321.989990234375,13480100,321.989990234375
NFLX,2019-01-24,320.6000061035156,331.79998779296875,319,326.6700134277344,11131600,326.6700134277344
NFLX,2019-01-25,328.7200012207031,340,328.510009765625,338.04998779296875,11152900,338.04998779296875
NFLX,2019-01-28,334.70001220703125,336.29998779296875,328.8800048828125,335.6600036621094,8652100,335.6600036621094
NFLX,2019-01-29,335.8699951171875,338.2200012207031,328.1499938964844,328.8999938964844,7655200,328.8999938964844
NFLX,2019-01-30,332.75,341.7799987792969,330.79998779296875,340.6600036621094,9234500,340.6600036621094
NFLX,2019-01-31,339.67999267578125,345.989990234375,338.0899963378906,339.5,8535500,339.5
NFLX,2019-02-01,337.17999267578125,346.8399963378906,336.5,339.8500061035156,9827800,339.8500061035156
NFLX,2019-02-04,342.6000061035156,352,341.29998779296875,351.3399963378906,9051400,351.3399963378906
NFLX,2019-02-05,353.20001220703125,360,352.8999938964844,355.80999755859375,9046600,355.80999755859375
NFLX,2019-02-06,357,357.0400085449219,347.19000244140625,352.19000244140625,6717700,352.19000244140625
NFLX,2019-02-07,347.8999938964844,348.75,339.0199890136719,344.7099914550781,7864500,344.7099914550781
NFLX,2019-02-08,338,348,338,347.57000732421875,7561400,347.57000732421875
NFLX,2019-02-11,350,352.8699951171875,344.80999755859375,345.7300109863281,5454900,345.7300109863281
NFLX,2019-02-12,348.0899963378906,360,346.5199890136719,359.9700012207031,10429400,359.9700012207031
NFLX,2019-02-13,357.29998779296875,359.6000061035156,350.2799987792969,351.7699890136719,10559100,351.7699890136719
NFLX,2019-02-14,351.75,360.45001220703125,348.3299865722656,359.07000732421875,9295300,359.07000732421875
NFLX,2019-02-15,358.4700012207031,364.3999938964844,355.5,356.8699951171875,9230000,356.8699951171875
NFLX,2019-02-19,355.79998779296875,365,355.32000732421875,361.9200134277344,7396600,361.9200134277344
NFLX,2019-02-20,364.8500061035156,366.7099914550781,356.70001220703125,359.9100036621094,8110700,359.9100036621094
NFLX,2019-02-21,360.0299987792969,362.8500061035156,353.8800048828125,356.9700012207031,6227900,356.9700012207031
NFLX,2019-02-22,360.3399963378906,366.1300048828125,360.04998779296875,363.0199890136719,7088200,363.0199890136719
NFLX,2019-02-25,367.010009765625,371.489990234375,363.7900085449219,363.9100036621094,7569300,363.9100036621094
NFLX,2019-02-26,362.9800109863281,365.70001220703125,359.3299865722656,364.9700012207031,4944600,364.9700012207031
NFLX,2019-02-27,363.5,368.0299987792969,359.79998779296875,362.8699951171875,5629900,362.8699951171875
NFLX,2019-02-28,362.4700012207031,366.3900146484375,357.7099914550781,358.1000061035156,6186800,358.1000061035156
NFLX,2019-03-01,362.260009765625,362.8699951171875,354.69000244140625,357.32000732421875,5526500,357.32000732421875
NFLX,2019-03-04,359.7200012207031,362.25,348.0400085449219,351.0400085449219,7487000,351.0400085449219
NFLX,2019-03-05,351.4599914550781,356.1700134277344,348.25,354.29998779296875,5937800,354.29998779296875
NFLX,2019-03-06,353.6000061035156,359.8800048828125,351.70001220703125,359.6099853515625,6211900,359.6099853515625
NFLX,2019-03-07,360.1600036621094,362.8599853515625,350.5,352.6000061035156,6151300,352.6000061035156
NFLX,2019-03-08,345.75,349.9200134277344,342.4700012207031,349.6000061035156,6898800,349.6000061035156
NFLX,2019-03-11,352,358.9800109863281,350.0299987792969,358.8599853515625,5387300,358.8599853515625
NFLX,2019-03-12,359.3699951171875,360.1300048828125,353.79998779296875,356.2699890136719,5164600,356.2699890136719
NFLX,2019-03-13,355.80999755859375,362.4800109863281,352.7699890136719,361.2099914550781,6444100,361.2099914550781
NFLX,2019-03-14,360.5,363.8399963378906,358.1000061035156,358.82000732421875,5271400,358.82000732421875
NFLX,2019-03-15,361.0199890136719,364,358.8900146484375,361.4599914550781,8444500,361.4599914550781
NFLX,2019-03-18,362.4700012207031,370.9700012207031,361.8599853515625,363.44000244140625,7194700,363.44000244140625
NFLX,2019-03-19,366.3999938964844,366.9599914550781,356.79998779296875,358.7799987792969,7541400,358.7799987792969
NFLX,2019-03-20,358.9100036621094,375.8999938964844,357.010009765625,375.2200012207031,10917200,375.2200012207031
NFLX,2019-03-21,374,379,370.6099853515625,377.8699951171875,8544000,377.8699951171875
NFLX,2019-03-22,375.95001220703125,376.42999267578125,360.0400085449219,361.010009765625,8661300,361.010009765625
NFLX,2019-03-25,359,367.0400085449219,357.44000244140625,366.2300109863281,8473800,366.2300109863281
NFLX,2019-03-26,367.8699951171875,368.3800048828125,358.0199890136719,359.9700012207031,7666500,359.9700012207031
NFLX,2019-03-27,361,362.4700012207031,350.3699951171875,353.3699951171875,7852400,353.3699951171875
NFLX,2019-03-28,354.489990234375,355.94000244140625,349.20001220703125,354.6099853515625,4361000,354.6099853515625
NFLX,2019-03-29,357.1600036621094,358.25,353.7099914550781,356.55999755859375,4705600,356.55999755859375
NFLX,2019-04-01,359,368.3299865722656,358.510009765625,366.9599914550781,7036100,366.9599914550781
NFLX,2019-04-02,366.25,368.4200134277344,362.2200012207031,367.7200012207031,5158700,367.7200012207031
NFLX,2019-04-03,369.260009765625,373.4100036621094,366.19000244140625,369.75,5368900,369.75
NFLX,2019-04-04,370.07000732421875,372.04998779296875,362.3999938964844,367.8800048828125,4627300,367.8800048828125
NFLX,2019-04-05,369,369.79998779296875,364.6600036621094,365.489990234375,3905500,365.489990234375
NFLX,2019-04-08,365.1099853515625,365.94000244140625,359.92999267578125,361.4100036621094,4653800,361.4100036621094
NFLX,2019-04-09,360.5400085449219,366.739990234375,359,364.7099914550781,5439200,364.7099914550781
NFLX,2019-04-10,365.7900085449219,368.8500061035156,362.25,363.9200134277344,4545600,363.9200134277344
NFLX,2019-04-11,365,370.1199951171875,360.80999755859375,367.6499938964844,6526900,367.6499938964844
NFLX,2019-04-12,360.69000244140625,361.75,349.3599853515625,351.1400146484375,15646200,351.1400146484375
NFLX,2019-04-15,350.7099914550781,352.2099914550781,342.2699890136719,348.8699951171875,8842300,348.8699951171875
NFLX,2019-04-16,355,364.4800109863281,352.7200012207031,359.4599914550781,18740200,359.4599914550781
NFLX,2019-04-17,365.04998779296875,368.760009765625,350.6000061035156,354.739990234375,18054100,354.739990234375
NFLX,2019-04-18,355,360.4100036621094,351.6400146484375,360.3500061035156,8353200,360.3500061035156
NFLX,2019-04-22,359.70001220703125,377.69000244140625,359,377.3399963378906,11980500,377.3399963378906
NFLX,2019-04-23,375.45001220703125,384.79998779296875,374.7099914550781,381.8900146484375,10089800,381.8900146484375
NFLX,2019-04-24,381.07000732421875,381.8999938964844,373.2699890136719,374.2300109863281,6541900,374.2300109863281
NFLX,2019-04-25,374.489990234375,374.760009765625,365.70001220703125,368.3299865722656,6255500,368.3299865722656
NFLX,2019-04-26,368.3500061035156,375.1400146484375,366.239990234375,374.8500061035156,5621900,374.8500061035156
NFLX,2019-04-29,373.67999267578125,374.5799865722656,369.1199951171875,371.8299865722656,3821700,371.8299865722656
NFLX,2019-04-30,369.55999755859375,374.5,368.3500061035156,370.5400085449219,3870100,370.5400085449219
NFLX,2019-05-01,374,385.989990234375,373.1700134277344,378.80999755859375,9257300,378.80999755859375
NFLX,2019-05-02,378,383.5,374.510009765625,379.05999755859375,5398200,379.05999755859375
NFLX,2019-05-03,381.5299987792969,385.0299987792969,378.2699890136719,385.0299987792969,5130300,385.0299987792969
NFLX,2019-05-06,377.69000244140625,381.3500061035156,376,378.6700134277344,5793100,378.6700134277344
NFLX,2019-05-07,377,379.9100036621094,365.80999755859375,370.4599914550781,6974900,370.4599914550781
NFLX,2019-05-08,367.9200134277344,369,361.3599853515625,364.3699951171875,6572000,364.3699951171875
NFLX,2019-05-09,360.8999938964844,364.20001220703125,352.75,362.75,5882600,362.75
NFLX,2019-05-10,361.6199951171875,365.260009765625,353.05999755859375,361.0400085449219,5657100,361.0400085449219
NFLX,2019-05-13,352.2900085449219,354.260009765625,343.1000061035156,345.260009765625,8026700,345.260009765625
NFLX,2019-05-14,348.7099914550781,349.95001220703125,342.5,345.6099853515625,5353000,345.6099853515625
NFLX,2019-05-15,343.3399963378906,356.5,341.3900146484375,354.989990234375,6340100,354.989990234375
NFLX,2019-05-16,356.3699951171875,364,353.94000244140625,359.30999755859375,6441500,359.30999755859375
NFLX,2019-05-17,356.3900146484375,359.6199951171875,353.7900085449219,354.45001220703125,4725400,354.45001220703125
NFLX,2019-05-20,351.2300109863281,352.4200134277344,345.3999938964844,348.1099853515625,4621500,348.1099853515625
NFLX,2019-05-21,350.95001220703125,356.42999267578125,349.92999267578125,354.2699890136719,4026400,354.2699890136719
NFLX,2019-05-22,358.010009765625,370.4599914550781,357.29998779296875,359.7300109863281,6229400,359.7300109863281
NFLX,2019-05-23,355.5,357.4200134277344,347.70001220703125,352.2099914550781,5630400,352.2099914550781
NFLX,2019-05-24,355.4100036621094,359.44000244140625,353.7900085449219,354.3900146484375,3831000,354.3900146484375
NFLX,2019-05-28,354.3900146484375,361.20001220703125,353.6499938964844,355.05999755859375,4717100,355.05999755859375
NFLX,2019-05-29,353.6000061035156,353.8500061035156,345.8999938964844,349.19000244140625,5658900,349.19000244140625
NFLX,2019-05-30,350.54998779296875,354.2099914550781,348.29998779296875,351.8500061035156,4008000,351.8500061035156
NFLX,2019-05-31,347.2200012207031,349.3399963378906,342.9200134277344,343.2799987792969,5023400,343.2799987792969
NFLX,2019-06-03,343.55999755859375,347.6600036621094,332.6499938964844,336.6300048828125,7849600,336.6300048828125
NFLX,2019-06-04,345,353.6099853515625,343.25,353.3999938964844,7891600,353.3999938964844
NFLX,2019-06-05,354.3800048828125,357.8800048828125,348.7099914550781,355.7300109863281,5020100,355.7300109863281
NFLX,2019-06-06,354.8399963378906,358.2099914550781,352.0899963378906,357.1300048828125,3710000,357.1300048828125
NFLX,2019-06-07,357.3900146484375,365.1499938964844,355.69000244140625,360.8699951171875,4777300,360.8699951171875
NFLX,2019-06-10,363.6499938964844,367.1000061035156,349.2900085449219,352.010009765625,7810300,352.010009765625
NFLX,2019-06-11,355,357.5799865722656,348.5,351.2699890136719,5396700,351.2699890136719
NFLX,2019-06-12,351.82000732421875,353.6099853515625,343.2300109863281,345.55999755859375,4584700,345.55999755859375
NFLX,2019-06-13,347.2300109863281,348.5,339.25,343.42999267578125,6209300,343.42999267578125
NFLX,2019-06-14,341.6300048828125,343.3999938964844,336.1600036621094,339.7300109863281,5019000,339.7300109863281
NFLX,2019-06-17,342.69000244140625,351.7699890136719,342.05999755859375,350.6199951171875,5358200,350.6199951171875
NFLX,2019-06-18,355.57000732421875,361.5,353.75,357.1199951171875,5428500,357.1199951171875
NFLX,2019-06-19,361.7200012207031,364.739990234375,356.1199951171875,363.5199890136719,5667200,363.5199890136719
NFLX,2019-06-20,365.9100036621094,370.1199951171875,361.2200012207031,365.2099914550781,5899500,365.2099914550781
NFLX,2019-06-21,365,371.45001220703125,365,369.2099914550781,7448400,369.2099914550781
NFLX,2019-06-24,370.2699890136719,375,370.20001220703125,371.0400085449219,4830200,371.0400085449219
NFLX,2019-06-25,370.75,371,358.2900085449219,360.29998779296875,5750400,360.29998779296875
NFLX,2019-06-26,361.6000061035156,366.7900085449219,361.6000061035156,362.20001220703125,3669700,362.20001220703125
NFLX,2019-06-27,363.20001220703125,370.8500061035156,363.20001220703125,370.0199890136719,4138600,370.0199890136719
NFLX,2019-06-28,370.260009765625,371.5400085449219,364.8699951171875,367.32000732421875,4592700,367.32000732421875
NFLX,2019-07-01,373.5,376.6600036621094,372,374.6000061035156,4992600,374.6000061035156
NFLX,2019-07-02,374.8900146484375,376,370.30999755859375,375.42999267578125,3625000,375.42999267578125
NFLX,2019-07-03,376.69000244140625,381.989990234375,375.8399963378906,381.7200012207031,3799000,381.7200012207031
NFLX,2019-07-05,378.2900085449219,381.3999938964844,375.55999755859375,380.54998779296875,3732200,380.54998779296875
NFLX,2019-07-08,378.19000244140625,378.25,375.3599853515625,376.1600036621094,3113400,376.1600036621094
NFLX,2019-07-09,379.05999755859375,384.760009765625,377.5,379.92999267578125,6932800,379.92999267578125
NFLX,2019-07-10,382.7699890136719,384.3399963378906,362.67999267578125,381,5878800,381
NFLX,2019-07-11,381.1000061035156,384.5400085449219,378.79998779296875,379.5,4336300,379.5
NFLX,2019-07-12,378.67999267578125,379.739990234375,372.7900085449219,373.25,6636900,373.25
NFLX,2019-07-15,372.94000244140625,373.67999267578125,362.29998779296875,366.6000061035156,7944700,366.6000061035156
NFLX,2019-07-16,370.0899963378906,371.3399963378906,364.9200134277344,365.989990234375,5863200,365.989990234375
NFLX,2019-07-17,366.25,366.5,361.75,362.44000244140625,13639500,362.44000244140625
NFLX,2019-07-18,323.760009765625,329.8500061035156,320.29998779296875,325.2099914550781,31287100,325.2099914550781
NFLX,2019-07-19,323.3999938964844,325.8500061035156,314.2300109863281,315.1000061035156,16302500,315.1000061035156
NFLX,2019-07-22,312,314.5400085449219,305.80999755859375,310.6199951171875,17718000,310.6199951171875
NFLX,2019-07-23,311.44000244140625,313.5,306,307.29998779296875,9171100,307.29998779296875
NFLX,2019-07-24,310.510009765625,319.989990234375,307.25,317.94000244140625,11961800,317.94000244140625
NFLX,2019-07-25,318.8599853515625,327.69000244140625,316.29998779296875,326.4599914550781,10798500,326.4599914550781
NFLX,2019-07-26,328.7900085449219,336,327.5,335.7799987792969,10847500,335.7799987792969
NFLX,2019-07-29,335.9800109863281,336.3999938964844,328.7699890136719,332.70001220703125,5782800,332.70001220703125
NFLX,2019-07-30,329.20001220703125,329.6499938964844,323.2300109863281,325.92999267578125,6029300,325.92999267578125
NFLX,2019-07-31,325.1600036621094,331.7699890136719,318.5299987792969,322.989990234375,6259500,322.989990234375
NFLX,2019-08-01,324.25,328.5799865722656,318.739990234375,319.5,6563200,319.5
NFLX,2019-08-02,317.489990234375,319.4100036621094,311.79998779296875,318.8299865722656,6280300,318.8299865722656
NFLX,2019-08-05,310.9599914550781,313.4200134277344,304.67999267578125,307.6300048828125,8692500,307.6300048828125
NFLX,2019-08-06,310.5799865722656,311.8800048828125,305.29998779296875,310.1000061035156,6179100,310.1000061035156
NFLX,2019-08-07,302.55999755859375,305,296.80999755859375,304.2900085449219,9322400,304.2900085449219
NFLX,2019-08-08,311.0299987792969,316.3599853515625,306.6300048828125,315.8999938964844,5905900,315.8999938964844
NFLX,2019-08-09,313.739990234375,316.6400146484375,305.67999267578125,308.92999267578125,5349100,308.92999267578125
NFLX,2019-08-12,305.4599914550781,312.8900146484375,303.239990234375,310.8299865722656,6531700,310.8299865722656
NFLX,2019-08-13,309.7699890136719,316.42999267578125,308.1600036621094,312.2799987792969,5289400,312.2799987792969
NFLX,2019-08-14,308.010009765625,308.4100036621094,298.010009765625,299.1099853515625,7355800,299.1099853515625
NFLX,2019-08-15,299.5,300.6300048828125,288,295.760009765625,9629200,295.760009765625
NFLX,2019-08-16,298.8599853515625,303.54998779296875,296.2699890136719,302.79998779296875,6905800,302.79998779296875
NFLX,2019-08-19,306.25,311.75,304.75,309.3800048828125,4942200,309.3800048828125
NFLX,2019-08-20,304.57000732421875,305,297.67999267578125,298.989990234375,7349900,298.989990234375
NFLX,2019-08-21,301.6099853515625,302.8800048828125,296.20001220703125,297.80999755859375,5685400,297.80999755859375
NFLX,2019-08-22,298.6499938964844,300.3299865722656,293.1499938964844,296.92999267578125,4974200,296.92999267578125
NFLX,2019-08-23,295,299.010009765625,290.32000732421875,291.44000244140625,6324900,291.44000244140625
NFLX,2019-08-26,295.239990234375,296.95001220703125,292.5,294.9800109863281,4695700,294.9800109863281
NFLX,2019-08-27,294.5400085449219,296.7699890136719,287.20001220703125,291.0299987792969,6309400,291.0299987792969
NFLX,2019-08-28,289.4700012207031,292.82000732421875,287.75,291.7699890136719,3955700,291.7699890136719
NFLX,2019-08-29,295,299.92999267578125,294.989990234375,296.7799987792969,4388500,296.7799987792969
NFLX,2019-08-30,298.7799987792969,298.94000244140625,290.8500061035156,293.75,4446400,293.75
NFLX,2019-09-03,290.82000732421875,293.8999938964844,288.05999755859375,289.2900085449219,3682800,289.2900085449219
NFLX,2019-09-04,291.25,292.3800048828125,286.510009765625,291.5199890136719,4652500,291.5199890136719
NFLX,2019-09-05,285.32000732421875,293.9700012207031,282.7900085449219,293.25,8966800,293.25
NFLX,2019-09-06,293.3500061035156,293.3500061035156,287.0299987792969,290.1700134277344,5166600,290.1700134277344
NFLX,2019-09-09,294.80999755859375,301.54998779296875,290.6000061035156,294.3399963378906,8232700,294.3399963378906
NFLX,2019-09-10,291.1600036621094,297.1700134277344,282.6600036621094,287.989990234375,12320200,287.989990234375
NFLX,2019-09-11,285.70001220703125,292.6499938964844,284.6099853515625,288.2699890136719,7405900,288.2699890136719
NFLX,2019-09-12,288.1000061035156,292.7300109863281,286.6000061035156,288.8599853515625,5010900,288.8599853515625
NFLX,2019-09-13,290.6099853515625,296.6199951171875,290.0400085449219,294.1499938964844,6583100,294.1499938964844
NFLX,2019-09-16,294.2300109863281,297.42999267578125,289.7799987792969,294.2900085449219,5307400,294.2900085449219
NFLX,2019-09-17,294.5,299.1499938964844,291.7900085449219,298.6000061035156,4777100,298.6000061035156
NFLX,2019-09-18,294.989990234375,296.04998779296875,287.45001220703125,291.55999755859375,7811100,291.55999755859375
NFLX,2019-09-19,291.55999755859375,293.80999755859375,283.3999938964844,286.6000061035156,8461300,286.6000061035156
NFLX,2019-09-20,280.260009765625,282.5,266,270.75,23832800,270.75
NFLX,2019-09-23,268.3500061035156,273.3900146484375,261.8900146484375,265.9200134277344,13478600,265.9200134277344
NFLX,2019-09-24,262.5,265,252.27999877929688,254.58999633789062,16338200,254.58999633789062
NFLX,2019-09-25,255.7100067138672,266.6000061035156,253.6999969482422,264.75,11643800,264.75
NFLX,2019-09-26,266.4200134277344,268.04998779296875,260.20001220703125,263.30999755859375,7684000,263.30999755859375
NFLX,2019-09-27,266.17999267578125,267.44000244140625,260.3900146484375,263.0799865722656,7328300,263.0799865722656
NFLX,2019-09-30,264,268.8800048828125,262.7799987792969,267.6199951171875,6727200,267.6199951171875
NFLX,2019-10-01,267.3500061035156,272.20001220703125,264.0299987792969,269.5799865722656,8650300,269.5799865722656
NFLX,2019-10-02,263.6099853515625,269.3500061035156,262.19000244140625,268.0299987792969,7659100,268.0299987792969
NFLX,2019-10-03,267.7799987792969,268.8399963378906,257.010009765625,268.1499938964844,8951000,268.1499938964844
NFLX,2019-10-04,268.20001220703125,275.4800109863281,266.4700012207031,272.7900085449219,9890400,272.7900085449219
NFLX,2019-10-07,271.989990234375,276.67999267578125,271.2799987792969,274.4599914550781,6525600,274.4599914550781
NFLX,2019-10-08,273.0299987792969,275.5299987792969,270.6400146484375,270.7200012207031,6276400,270.7200012207031
NFLX,2019-10-09,270.0199890136719,271,264.57000732421875,267.5299987792969,6794400,267.5299987792969
NFLX,2019-10-10,265.9700012207031,280.5299987792969,265.0299987792969,280.4800109863281,10809100,280.4800109863281
NFLX,2019-10-11,284.79998779296875,287.8699951171875,282.3399963378906,282.92999267578125,8786100,282.92999267578125
NFLX,2019-10-14,283.92999267578125,286.92999267578125,282,285.5299987792969,5513200,285.5299987792969
NFLX,2019-10-15,283.82000732421875,285.8699951171875,279.3999938964844,284.25,7685600,284.25
NFLX,2019-10-16,283.1199951171875,288.1700134277344,280.739990234375,286.2799987792969,16175900,286.2799987792969
NFLX,2019-10-17,304.489990234375,308.75,288.29998779296875,293.3500061035156,38258900,293.3500061035156
NFLX,2019-10-18,289.3599853515625,290.8999938964844,273.3599853515625,275.29998779296875,23429900,275.29998779296875
NFLX,2019-10-21,272.8900146484375,279.94000244140625,269,278.04998779296875,12599200,278.04998779296875
NFLX,2019-10-22,271.1600036621094,275.4100036621094,265.79998779296875,266.69000244140625,11802400,266.69000244140625
NFLX,2019-10-23,268.05999755859375,273.9200134277344,266.6300048828125,271.2699890136719,7133500,271.2699890136719
NFLX,2019-10-24,271.80999755859375,274.0199890136719,268.79998779296875,271.5,4827400,271.5
NFLX,2019-10-25,270.67999267578125,277.7699890136719,270.17999267578125,276.82000732421875,4747800,276.82000732421875
NFLX,2019-10-28,278.04998779296875,285.75,277.3500061035156,281.8599853515625,6248400,281.8599853515625
NFLX,2019-10-29,281.8699951171875,284.4100036621094,277.54998779296875,281.2099914550781,4356200,281.2099914550781
NFLX,2019-10-30,284.3399963378906,293.489990234375,283,291.45001220703125,9345600,291.45001220703125
NFLX,2019-10-31,291,291.45001220703125,284.7799987792969,287.4100036621094,5090000,287.4100036621094
NFLX,2019-11-01,288.70001220703125,289.1199951171875,283.0199890136719,286.80999755859375,5594300,286.80999755859375
NFLX,2019-11-04,288,295.3900146484375,287.1600036621094,292.8599853515625,5566200,292.8599853515625
NFLX,2019-11-05,289.989990234375,291.19000244140625,286.30999755859375,288.0299987792969,4062400,288.0299987792969
NFLX,2019-11-06,288.19000244140625,290.55999755859375,285.8399963378906,288.5899963378906,3438300,288.5899963378906
NFLX,2019-11-07,290.70001220703125,298.19000244140625,288.2699890136719,289.57000732421875,5928500,289.57000732421875
NFLX,2019-11-08,288.7300109863281,293.989990234375,287.510009765625,291.57000732421875,4509000,291.57000732421875
NFLX,2019-11-11,289.1600036621094,296.3599853515625,288.5,294.17999267578125,3944300,294.17999267578125
NFLX,2019-11-12,295.32000732421875,295.3500061035156,288.70001220703125,292.010009765625,5772800,292.010009765625
NFLX,2019-11-13,291.0299987792969,293.4100036621094,281.1400146484375,283.1099853515625,9158900,283.1099853515625
NFLX,2019-11-14,283.25,290.6300048828125,283.2200012207031,289.6199951171875,6529000,289.6199951171875
NFLX,2019-11-15,290.5899963378906,295.82000732421875,287.57000732421875,295.0299987792969,6333800,295.0299987792969
NFLX,2019-11-18,296,304.989990234375,293.2799987792969,302.57000732421875,8616600,302.57000732421875
NFLX,2019-11-19,304.010009765625,305.6700134277344,298.5199890136719,302.6000061035156,5918000,302.6000061035156
NFLX,2019-11-20,301.010009765625,308.25,301,305.1600036621094,5111800,305.1600036621094
NFLX,2019-11-21,306,312.69000244140625,304.260009765625,311.69000244140625,7488400,311.69000244140625
NFLX,2019-11-22,309.1000061035156,311.3999938964844,304.4100036621094,310.4800109863281,5970100,310.4800109863281
NFLX,2019-11-25,308.8299865722656,315.7300109863281,305.25,315.54998779296875,7873900,315.54998779296875
NFLX,2019-11-26,315,316.5,311.69000244140625,312.489990234375,5321000,312.489990234375
NFLX,2019-11-27,313.92999267578125,316.82000732421875,312.75,315.92999267578125,4096900,315.92999267578125
NFLX,2019-11-29,315.7799987792969,316.6199951171875,313.3399963378906,314.6600036621094,2411700,314.6600036621094
NFLX,2019-12-02,314.3900146484375,314.3900146484375,303.75,309.989990234375,6218800,309.989990234375
NFLX,2019-12-03,302.2200012207031,307.3599853515625,301.8800048828125,306.1600036621094,4992800,306.1600036621094
NFLX,2019-12-04,308.42999267578125,308.42999267578125,303.2699890136719,304.32000732421875,3512100,304.32000732421875
NFLX,2019-12-05,305.2699890136719,306.4800109863281,298.80999755859375,302.8599853515625,4615500,302.8599853515625
NFLX,2019-12-06,304.70001220703125,307.8500061035156,302.6000061035156,307.3500061035156,4457800,307.3500061035156
NFLX,2019-12-09,307.3500061035156,311.489990234375,302.44000244140625,302.5,5748400,302.5
NFLX,2019-12-10,296.1199951171875,298.94000244140625,292.0199890136719,293.1199951171875,10476100,293.1199951171875
NFLX,2019-12-11,294.489990234375,299.42999267578125,294.20001220703125,298.92999267578125,5589800,298.92999267578125
NFLX,2019-12-12,295.6700134277344,299.1700134277344,295.05999755859375,298.44000244140625,4766600,298.44000244140625
NFLX,2019-12-13,298.5,301.79998779296875,297.25,298.5,3879700,298.5
NFLX,2019-12-16,300.8500061035156,305.7099914550781,298.6300048828125,304.2099914550781,4658900,304.2099914550781
NFLX,2019-12-17,307.3599853515625,316.79998779296875,306.6000061035156,315.4800109863281,10427100,315.4800109863281
NFLX,2019-12-18,316.260009765625,325.3599853515625,315.6000061035156,320.79998779296875,11207400,320.79998779296875
NFLX,2019-12-19,324.5,332.8299865722656,324.17999267578125,332.2200012207031,9822300,332.2200012207031
NFLX,2019-12-20,335,338,330.6000061035156,336.8999938964844,9914900,336.8999938964844
NFLX,2019-12-23,337.760009765625,337.95001220703125,331.0199890136719,333.1000061035156,5765300,333.1000061035156
NFLX,2019-12-24,334.010009765625,335.70001220703125,331.6000061035156,333.20001220703125,2019300,333.20001220703125
NFLX,2019-12-26,334.6000061035156,336.4599914550781,332.010009765625,332.6300048828125,3589900,332.6300048828125
NFLX,2019-12-27,332.9599914550781,333.82000732421875,326.010009765625,329.0899963378906,5036100,329.0899963378906
NFLX,2019-12-30,329.0799865722656,329.19000244140625,322.8599853515625,323.30999755859375,4311500,323.30999755859375
NFLX,2019-12-31,322,324.9200134277344,321.0899963378906,323.57000732421875,3713300,323.57000732421875
NFLX,2020-01-02,326.1000061035156,329.9800109863281,324.7799987792969,329.80999755859375,4485800,329.80999755859375
NFLX,2020-01-03,326.7799987792969,329.8599853515625,325.5299987792969,325.8999938964844,3806900,325.8999938964844
NFLX,2020-01-06,323.1199951171875,336.3599853515625,321.20001220703125,335.8299865722656,5663100,335.8299865722656
NFLX,2020-01-07,336.4700012207031,336.70001220703125,330.29998779296875,330.75,4703200,330.75
NFLX,2020-01-08,331.489990234375,342.70001220703125,331.04998779296875,339.260009765625,7104500,339.260009765625
NFLX,2020-01-09,342,343.4200134277344,334.6099853515625,335.6600036621094,4709300,335.6600036621094
NFLX,2020-01-10,337.1300048828125,338.5,327.2699890136719,329.04998779296875,4718300,329.04998779296875
NFLX,2020-01-13,331.79998779296875,340.8500061035156,331.510009765625,338.9200134277344,6290000,338.9200134277344
NFLX,2020-01-14,344.3999938964844,345.3800048828125,335.5199890136719,338.69000244140625,7199400,338.69000244140625
NFLX,2020-01-15,338.67999267578125,343.1700134277344,336.6000061035156,339.07000732421875,5158000,339.07000732421875
NFLX,2020-01-16,343.5,343.55999755859375,335.8500061035156,338.6199951171875,5016000,338.6199951171875
NFLX,2020-01-17,341,341.57000732421875,337.3800048828125,339.6700134277344,6066500,339.6700134277344
NFLX,2020-01-21,340,341,332.5899963378906,338.1099853515625,14350300,338.1099853515625
NFLX,2020-01-22,332.54998779296875,336.29998779296875,323.6000061035156,326,21730000,326
NFLX,2020-01-23,326.0400085449219,349.8800048828125,325.010009765625,349.6000061035156,18200300,349.6000061035156
NFLX,2020-01-24,348.4599914550781,359.8500061035156,345.8800048828125,353.1600036621094,17939700,353.1600036621094
NFLX,2020-01-27,345.95001220703125,351.8999938964844,341.0199890136719,342.8800048828125,7709500,342.8800048828125
NFLX,2020-01-28,345.8800048828125,352.3999938964844,342.7799987792969,348.5199890136719,6821600,348.5199890136719
NFLX,2020-01-29,349,349.3999938964844,338.54998779296875,343.1600036621094,7643500,343.1600036621094
NFLX,2020-01-30,341.1000061035156,348.20001220703125,339.25,347.739990234375,5328100,347.739990234375
NFLX,2020-01-31,347.3900146484375,347.3900146484375,340.9800109863281,345.0899963378906,5230000,345.0899963378906
NFLX,2020-02-03,347.239990234375,359.6300048828125,346.2799987792969,358,6670600,358
NFLX,2020-02-04,361,369.57000732421875,356.1000061035156,369.010009765625,7161500,369.010009765625
NFLX,2020-02-05,375.1300048828125,375.25,362.29998779296875,369.6700134277344,6437000,369.6700134277344
NFLX,2020-02-06,369.6000061035156,371.54998779296875,362.510009765625,366.95001220703125,3920400,366.95001220703125
NFLX,2020-02-07,365.0400085449219,371.79998779296875,363.57000732421875,366.7699890136719,4385200,366.7699890136719
NFLX,2020-02-10,365,374.79998779296875,362.5199890136719,371.07000732421875,5294100,371.07000732421875
NFLX,2020-02-11,373.75,378.1099853515625,369.7200012207031,373.69000244140625,4772900,373.69000244140625
NFLX,2020-02-12,377.17999267578125,380.6199951171875,375.8800048828125,380.010009765625,4624800,380.010009765625
NFLX,2020-02-13,376.9599914550781,385.3699951171875,376.510009765625,381.3999938964844,4485400,381.3999938964844
NFLX,2020-02-14,381.4700012207031,385.1499938964844,379.42999267578125,380.3999938964844,3736300,380.3999938964844
NFLX,2020-02-18,379.29998779296875,389.5400085449219,379.19000244140625,387.7799987792969,5173900,387.7799987792969
NFLX,2020-02-19,388.1199951171875,392.95001220703125,384.8999938964844,386.19000244140625,4896400,386.19000244140625
NFLX,2020-02-20,386.55999755859375,389.70001220703125,376.67999267578125,386,4079400,386
NFLX,2020-02-21,385.3299865722656,387.32000732421875,377.8999938964844,380.07000732421875,3930100,380.07000732421875
NFLX,2020-02-24,364.760009765625,372.82000732421875,361,368.70001220703125,6936400,368.70001220703125
NFLX,2020-02-25,372,375.6499938964844,357.7200012207031,360.0899963378906,6481200,360.0899963378906
NFLX,2020-02-26,366.30999755859375,382,365,379.239990234375,8934100,379.239990234375
NFLX,2020-02-27,371.4599914550781,391.55999755859375,370.6000061035156,371.7099914550781,10967700,371.7099914550781
NFLX,2020-02-28,364.2099914550781,376.7699890136719,356.79998779296875,369.0299987792969,11168600,369.0299987792969
NFLX,2020-03-02,373.1099853515625,381.3599853515625,364.5,381.04998779296875,6997900,381.04998779296875
NFLX,2020-03-03,381.0299987792969,393.5199890136719,367.3999938964844,368.7699890136719,8364600,368.7699890136719
NFLX,2020-03-04,377.7699890136719,384.010009765625,370.510009765625,383.7900085449219,5487300,383.7900085449219
NFLX,2020-03-05,381,391.3999938964844,368.6400146484375,372.7799987792969,8747000,372.7799987792969
NFLX,2020-03-06,367.70001220703125,371.30999755859375,356.8500061035156,368.9700012207031,8147200,368.9700012207031
NFLX,2020-03-09,343.8599853515625,357.4700012207031,341.7200012207031,346.489990234375,7405500,346.489990234375
NFLX,2020-03-10,356.42999267578125,364.5400085449219,347.8500061035156,364.1300048828125,7604400,364.1300048828125
NFLX,2020-03-11,358.9200134277344,362.9800109863281,344.7900085449219,349.9200134277344,6036000,349.9200134277344
NFLX,2020-03-12,326.5,335.7200012207031,307.32000732421875,315.25,12071600,315.25
NFLX,2020-03-13,330.510009765625,336.4200134277344,307.3900146484375,336.29998779296875,9458200,336.29998779296875
NFLX,2020-03-16,306.6300048828125,334.3500061035156,294.75,298.8399963378906,10559900,298.8399963378906
NFLX,2020-03-17,306.19000244140625,322.8999938964844,290.25,319.75,10013900,319.75
NFLX,2020-03-18,302.3999938964844,331.5799865722656,300,315.4700012207031,12593600,315.4700012207031
NFLX,2020-03-19,324.3299865722656,348.510009765625,316.82000732421875,332.0299987792969,10616000,332.0299987792969
NFLX,2020-03-20,342.30999755859375,350.489990234375,332,332.8299865722656,10853800,332.8299865722656
NFLX,2020-03-23,347.8900146484375,366.1099853515625,340.8800048828125,360.2699890136719,13449400,360.2699890136719
NFLX,2020-03-24,369.989990234375,372.92999267578125,353.0299987792969,357.32000732421875,11638700,357.32000732421875
NFLX,2020-03-25,361.0199890136719,362,339.1700134277344,342.3900146484375,8767200,342.3900146484375
NFLX,2020-03-26,344,363.8399963378906,341.7300109863281,362.989990234375,7229600,362.989990234375
NFLX,2020-03-27,359.0899963378906,368.55999755859375,353,357.1199951171875,7948800,357.1199951171875
NFLX,2020-03-30,363,377.79998779296875,361.1700134277344,370.9599914550781,8622000,370.9599914550781
NFLX,2020-03-31,367.92999267578125,383.010009765625,366.44000244140625,375.5,9366500,375.5
NFLX,2020-04-01,376.04998779296875,380.2300109863281,361.0199890136719,364.0799865722656,6672500,364.0799865722656
NFLX,2020-04-02,364.0799865722656,370.989990234375,360.05999755859375,370.0799865722656,4592500,370.0799865722656
NFLX,2020-04-03,367.4700012207031,370.8999938964844,357.510009765625,361.760009765625,4860800,361.760009765625
NFLX,2020-04-06,365.2200012207031,380.2900085449219,361.7099914550781,379.9599914550781,8183900,379.9599914550781
NFLX,2020-04-07,380,381.3299865722656,369.3399963378906,372.2799987792969,7046400,372.2799987792969
NFLX,2020-04-08,374.010009765625,378.3900146484375,368.30999755859375,371.1199951171875,6908900,371.1199951171875
NFLX,2020-04-09,371.05999755859375,372.1000061035156,363.0299987792969,370.7200012207031,7711300,370.7200012207031
NFLX,2020-04-13,371.30999755859375,400.510009765625,367.70001220703125,396.7200012207031,11692900,396.7200012207031
NFLX,2020-04-14,397.5,417.82000732421875,394.8500061035156,413.54998779296875,11581000,413.54998779296875
NFLX,2020-04-15,413,434.9800109863281,412.25,426.75,13561200,426.75
NFLX,2020-04-16,437,449.5199890136719,431.6099853515625,439.1700134277344,16128700,439.1700134277344
NFLX,2020-04-17,431,432,414.70001220703125,422.9599914550781,12616300,422.9599914550781
NFLX,2020-04-20,435.1700134277344,444.489990234375,430.55999755859375,437.489990234375,12655800,437.489990234375
NFLX,2020-04-21,444.7699890136719,447,425.6000061035156,433.8299865722656,23177600,433.8299865722656
NFLX,2020-04-22,429.7300109863281,433,413,421.4200134277344,21084800,421.4200134277344
NFLX,2020-04-23,419.260009765625,438.4100036621094,419.260009765625,426.70001220703125,13952300,426.70001220703125
NFLX,2020-04-24,425,427.1700134277344,415.8800048828125,424.989990234375,8658900,424.989990234375
NFLX,2020-04-27,425,429,420.8399963378906,421.3800048828125,6277500,421.3800048828125
NFLX,2020-04-28,419.989990234375,421,402.9100036621094,403.8299865722656,10101200,403.8299865722656
NFLX,2020-04-29,399.5299987792969,415.8599853515625,393.6000061035156,411.8900146484375,9693100,411.8900146484375
NFLX,2020-04-30,410.30999755859375,424.44000244140625,408,419.8500061035156,7954000,419.8500061035156
NFLX,2020-05-01,415.1000061035156,427.9700012207031,411.7300109863281,415.2699890136719,8299900,415.2699890136719
NFLX,2020-05-04,417.7799987792969,428.5400085449219,414.8699951171875,428.1499938964844,7799100,428.1499938964844
NFLX,2020-05-05,427.55999755859375,431,421.55999755859375,424.67999267578125,6286300,424.67999267578125
NFLX,2020-05-06,429.29998779296875,439.7699890136719,426.3900146484375,434.260009765625,6660700,434.260009765625
NFLX,2020-05-07,436.8900146484375,438.8800048828125,430.6600036621094,436.5299987792969,5641900,436.5299987792969
NFLX,2020-05-08,434.1400146484375,442,433.6400146484375,435.54998779296875,5049300,435.54998779296875
NFLX,2020-05-11,436.3299865722656,444.8900146484375,435.55999755859375,440.5199890136719,5486000,440.5199890136719
NFLX,2020-05-12,442,444.1700134277344,431.3599853515625,431.82000732421875,4598200,431.82000732421875
NFLX,2020-05-13,435.69000244140625,447,427.2699890136719,438.2699890136719,7014600,438.2699890136719
NFLX,2020-05-14,444.8999938964844,452.3800048828125,432.82000732421875,441.95001220703125,9007500,441.95001220703125
NFLX,2020-05-15,440.70001220703125,455,437.510009765625,454.19000244140625,7244000,454.19000244140625
NFLX,2020-05-18,451.1600036621094,456.3599853515625,443.3500061035156,452.5799865722656,7773500,452.5799865722656
NFLX,2020-05-19,453.3999938964844,458.9700012207031,450.4700012207031,451.0400085449219,4810500,451.0400085449219
NFLX,2020-05-20,454.25,455.80999755859375,444,447.6700134277344,5607300,447.6700134277344
NFLX,2020-05-21,448.55999755859375,448.9599914550781,430.25,436.25,9117300,436.25
NFLX,2020-05-22,437,439.0899963378906,427.17999267578125,429.32000732421875,5422300,429.32000732421875
NFLX,2020-05-26,427.7699890136719,428.5,413.1400146484375,414.7699890136719,7881100,414.7699890136719
NFLX,2020-05-27,410.3800048828125,420.0199890136719,397.8599853515625,419.8900146484375,10446300,419.8900146484375
NFLX,2020-05-28,417.239990234375,422.3699951171875,411.5,413.44000244140625,5655100,413.44000244140625
NFLX,2020-05-29,417.4599914550781,420.29998779296875,411.8500061035156,419.7300109863281,5254900,419.7300109863281
NFLX,2020-06-01,418.8299865722656,426.7200012207031,415.9800109863281,425.9200134277344,3743700,425.9200134277344
NFLX,2020-06-02,425.8699951171875,427.5899963378906,419.4599914550781,427.30999755859375,3494800,427.30999755859375
NFLX,2020-06-03,426.95001220703125,427.1000061035156,418.04998779296875,421.9700012207031,4316000,421.9700012207031
NFLX,2020-06-04,422.3900146484375,428.7099914550781,410.0299987792969,414.3299865722656,5410500,414.3299865722656
NFLX,2020-06-05,407.2900085449219,420.239990234375,404.25,419.6000061035156,5099600,419.6000061035156
NFLX,2020-06-08,416,420.79998779296875,406.5,419.489990234375,5851500,419.489990234375
NFLX,2020-06-09,421.6499938964844,434.7300109863281,420.30999755859375,434.04998779296875,6797000,434.04998779296875
NFLX,2020-06-10,436,439.69000244140625,430.54998779296875,434.4800109863281,4896900,434.4800109863281
NFLX,2020-06-11,428.20001220703125,445.57000732421875,424.1600036621094,425.55999755859375,7462900,425.55999755859375
NFLX,2020-06-12,429,434.05999755859375,412.45001220703125,418.07000732421875,6461100,418.07000732421875
NFLX,2020-06-15,421.3999938964844,426.489990234375,415.4200134277344,425.5,4467900,425.5
NFLX,2020-06-16,425.760009765625,437.9599914550781,425.17999267578125,436.1300048828125,5507900,436.1300048828125
NFLX,2020-06-17,441.82000732421875,450.4599914550781,439.2200012207031,447.7699890136719,6529600,447.7699890136719
NFLX,2020-06-18,448.7300109863281,452.760009765625,442.79998779296875,449.8699951171875,4277600,449.8699951171875
NFLX,2020-06-19,449.1199951171875,453.9700012207031,445.6000061035156,453.7200012207031,5934500,453.7200012207031
NFLX,2020-06-22,455.010009765625,468.5899963378906,454.2099914550781,468.0400085449219,6272100,468.0400085449219
NFLX,2020-06-23,466.5,474.010009765625,464.5,466.260009765625,5948400,466.260009765625
NFLX,2020-06-24,468.5400085449219,472.3599853515625,454,457.8500061035156,4826200,457.8500061035156
NFLX,2020-06-25,458.8599853515625,467.010009765625,454,465.9100036621094,4134500,465.9100036621094
NFLX,2020-06-26,466.3900146484375,468.0299987792969,442.239990234375,443.3999938964844,6804700,443.3999938964844
NFLX,2020-06-29,445.2300109863281,447.6700134277344,432.1400146484375,447.239990234375,4844000,447.239990234375
NFLX,2020-06-30,450.0199890136719,457.5899963378906,447,455.0400085449219,4198500,455.0400085449219
NFLX,2020-07-01,454,488.2300109863281,454,485.6400146484375,9705900,485.6400146484375
NFLX,2020-07-02,485.6400146484375,492.2799987792969,475.5299987792969,476.8900146484375,6351500,476.8900146484375
NFLX,2020-07-06,480.7699890136719,499.5,479.79998779296875,493.80999755859375,7839000,493.80999755859375
NFLX,2020-07-07,497.30999755859375,504.82000732421875,490.8299865722656,493.1600036621094,5669900,493.1600036621094
NFLX,2020-07-08,498.5799865722656,505.1000061035156,493.80999755859375,502.7799987792969,5691700,502.7799987792969
NFLX,2020-07-09,508.3999938964844,510,495.7799987792969,507.760009765625,5840500,507.760009765625
NFLX,2020-07-10,519.72998046875,555.8800048828125,511.2799987792969,548.72998046875,21605600,548.72998046875
NFLX,2020-07-13,567.97998046875,575.3699951171875,520.96002197265625,525.5,18399000,525.5
NFLX,2020-07-14,517.08001708984375,525.5,490.489990234375,524.8800048828125,15083300,524.8800048828125
NFLX,2020-07-15,516.29998779296875,529,510.17999267578125,523.260009765625,10066700,523.260009765625
NFLX,2020-07-16,526.47998046875,535.53997802734375,504.3599853515625,527.3900146484375,24499000,527.3900146484375
NFLX,2020-07-17,494.8699951171875,503.5899963378906,484.1400146484375,492.989990234375,24991400,492.989990234375
NFLX,2020-07-20,489.1400146484375,504.5,484.20001220703125,502.4100036621094,11940300,502.4100036621094
NFLX,2020-07-21,506,506.2200012207031,488.6099853515625,490.1000061035156,9113700,490.1000061035156
NFLX,2020-07-22,492.19000244140625,497.20001220703125,487.20001220703125,489.82000732421875,6954100,489.82000732421875
NFLX,2020-07-23,491.1300048828125,491.8999938964844,472.0199890136719,477.5799865722656,7722000,477.5799865722656
NFLX,2020-07-24,468.7699890136719,487.1700134277344,467.5400085449219,480.45001220703125,7746200,480.45001220703125
NFLX,2020-07-27,484.510009765625,496.9200134277344,482.30999755859375,495.6499938964844,7863100,495.6499938964844
NFLX,2020-07-28,496.0199890136719,497.7900085449219,487.760009765625,488.510009765625,5986700,488.510009765625
NFLX,2020-07-29,492.25,494.9200134277344,484.1300048828125,484.4800109863281,6611800,484.4800109863281
NFLX,2020-07-30,480.7099914550781,488.3500061035156,477.510009765625,485.79998779296875,6608600,485.79998779296875
NFLX,2020-07-31,488.2900085449219,494.79998779296875,484.5,488.8800048828125,5916300,488.8800048828125
NFLX,2020-08-03,490.8599853515625,503.0899963378906,490.2300109863281,498.6199951171875,5873100,498.6199951171875
NFLX,2020-08-04,498.6499938964844,510.44000244140625,498.6499938964844,509.6400146484375,5608000,509.6400146484375
NFLX,2020-08-05,508.67999267578125,510.1000061035156,501.20001220703125,502.1099853515625,4308200,502.1099853515625
NFLX,2020-08-06,504.1099853515625,510.82000732421875,498.70001220703125,509.0799865722656,3725900,509.0799865722656
NFLX,2020-08-07,505.45001220703125,508.2900085449219,486.67999267578125,494.7300109863281,5910300,494.7300109863281
NFLX,2020-08-10,493.3500061035156,497.4599914550781,478.6300048828125,483.3800048828125,4691200,483.3800048828125
NFLX,2020-08-11,479.75,480.9200134277344,466.54998779296875,466.92999267578125,7329200,466.92999267578125
NFLX,2020-08-12,471.3399963378906,482.489990234375,470.17999267578125,475.4700012207031,5439200,475.4700012207031
NFLX,2020-08-13,478.3999938964844,484.45001220703125,476.45001220703125,481.3299865722656,3008900,481.3299865722656
NFLX,2020-08-14,482.82000732421875,488.3299865722656,480.2099914550781,482.67999267578125,2943500,482.67999267578125
NFLX,2020-08-17,484.19000244140625,486.239990234375,479.1000061035156,482.3500061035156,2423500,482.3500061035156
NFLX,2020-08-18,484.3500061035156,495.29998779296875,482.79998779296875,491.8699951171875,3505500,491.8699951171875
NFLX,2020-08-19,493.92999267578125,494.5,483.5,484.5299987792969,3156200,484.5299987792969
NFLX,2020-08-20,484.69000244140625,498.94000244140625,483.8900146484375,497.8999938964844,5132500,497.8999938964844
NFLX,2020-08-21,496.4599914550781,498.1300048828125,490,492.30999755859375,3921300,492.30999755859375
NFLX,2020-08-24,495.44000244140625,501,483.1600036621094,488.80999755859375,4762200,488.80999755859375
NFLX,2020-08-25,488.19000244140625,492.4700012207031,485.0899963378906,490.5799865722656,5727700,490.5799865722656
NFLX,2020-08-26,492.5,549.03997802734375,492.0799865722656,547.530029296875,20373700,547.530029296875
NFLX,2020-08-27,537.780029296875,541,521.25,526.27001953125,9062900,526.27001953125
NFLX,2020-08-28,532,539,522,523.8900146484375,4417500,523.8900146484375
NFLX,2020-08-31,521.15997314453125,531.989990234375,517.58001708984375,529.55999755859375,4941400,529.55999755859375
NFLX,2020-09-01,532.5999755859375,557.3900146484375,532.45001220703125,556.54998779296875,9572700,556.54998779296875
NFLX,2020-09-02,553.780029296875,556.5,537.3699951171875,552.84002685546875,5886900,552.84002685546875
NFLX,2020-09-03,545,554,521.32000732421875,525.75,9071100,525.75
NFLX,2020-09-04,520.17999267578125,527.3599853515625,485.9800109863281,516.04998779296875,8270100,516.04998779296875
NFLX,2020-09-08,498.3999938964844,522,495,507.0199890136719,5572700,507.0199890136719
NFLX,2020-09-09,519.21002197265625,520,492.57000732421875,500.19000244140625,6848100,500.19000244140625
NFLX,2020-09-10,503.3500061035156,506.2900085449219,478.8399963378906,480.6700134277344,6240200,480.6700134277344
NFLX,2020-09-11,486.489990234375,493.7300109863281,476.80999755859375,482.0299987792969,5035200,482.0299987792969
NFLX,2020-09-14,480.6199951171875,488.989990234375,471.29998779296875,476.260009765625,7359100,476.260009765625
NFLX,2020-09-15,484,497.4700012207031,481.6300048828125,495.989990234375,5337000,495.989990234375
NFLX,2020-09-16,499.989990234375,504.6600036621094,483.30999755859375,483.8599853515625,4394900,483.8599853515625
NFLX,2020-09-17,475.1600036621094,478.3999938964844,463.2699890136719,470.20001220703125,5379300,470.20001220703125
NFLX,2020-09-18,472.510009765625,479.3999938964844,458.6000061035156,469.9599914550781,6717700,469.9599914550781
NFLX,2020-09-21,467.69000244140625,487.7799987792969,466.32000732421875,487.3500061035156,5457500,487.3500061035156
NFLX,2020-09-22,489.010009765625,491.82000732421875,479.260009765625,491.1700134277344,3482300,491.1700134277344
NFLX,2020-09-23,491.0400085449219,491.0400085449219,469,470.6099853515625,3726400,470.6099853515625
NFLX,2020-09-24,470.5299987792969,477,467.82000732421875,473.0799865722656,3727200,473.0799865722656
NFLX,2020-09-25,474.3900146484375,484.8699951171875,468.0299987792969,482.8800048828125,3769400,482.8800048828125
NFLX,2020-09-28,489.1099853515625,492,477.8800048828125,490.6499938964844,4773500,490.6499938964844
NFLX,2020-09-29,489.5,496.2900085449219,486.5299987792969,493.4800109863281,3541500,493.4800109863281
NFLX,2020-09-30,492.57000732421875,504.6300048828125,489.2699890136719,500.0299987792969,4634100,500.0299987792969
NFLX,2020-10-01,506.0299987792969,529.54998779296875,503.6000061035156,527.510009765625,8153700,527.510009765625
NFLX,2020-10-02,516.42999267578125,526.3699951171875,502.70001220703125,503.05999755859375,6071200,503.05999755859375
NFLX,2020-10-05,506.79998779296875,520.989990234375,501.70001220703125,520.6500244140625,4088100,520.6500244140625
NFLX,2020-10-06,518.719970703125,521.82000732421875,504.1600036621094,505.8699951171875,4199000,505.8699951171875
NFLX,2020-10-07,518,536.489990234375,515.82000732421875,534.65997314453125,7988700,534.65997314453125
NFLX,2020-10-08,533.47998046875,535,524.1500244140625,531.78997802734375,5386500,531.78997802734375
NFLX,2020-10-09,537.83001708984375,544.280029296875,535,539.44000244140625,4781300,539.44000244140625
NFLX,2020-10-12,548.80999755859375,551.80999755859375,538.239990234375,539.80999755859375,5391100,539.80999755859375
NFLX,2020-10-13,540.55999755859375,557.6500244140625,537.20001220703125,554.09002685546875,5602500,554.09002685546875
NFLX,2020-10-14,562.6099853515625,572.489990234375,541,541.45001220703125,9499000,541.45001220703125
NFLX,2020-10-15,545.52001953125,551.219970703125,535.0999755859375,541.94000244140625,5113100,541.94000244140625
NFLX,2020-10-16,549.5,554.33001708984375,530.030029296875,530.78997802734375,6347400,530.78997802734375
NFLX,2020-10-19,537.07000732421875,541.79998779296875,525.3800048828125,530.719970703125,7567500,530.719970703125
NFLX,2020-10-20,528.1400146484375,533.780029296875,522.260009765625,525.41998291015625,10047200,525.41998291015625
NFLX,2020-10-21,501.0299987792969,506.8500061035156,488.25,489.04998779296875,17405700,489.04998779296875
NFLX,2020-10-22,494.69000244140625,495.1400146484375,482,485.2300109863281,6997900,485.2300109863281
NFLX,2020-10-23,488.1099853515625,490.05999755859375,481.3500061035156,488.2799987792969,4927900,488.2799987792969
NFLX,2020-10-26,487.0299987792969,496.82000732421875,478.8999938964844,488.239990234375,6186100,488.239990234375
NFLX,2020-10-27,490.010009765625,490.489990234375,482.92999267578125,488.92999267578125,3627200,488.92999267578125
NFLX,2020-10-28,486.3599853515625,494,483.2799987792969,486.239990234375,5992700,486.239990234375
NFLX,2020-10-29,488.5,513.9000244140625,479.3399963378906,504.2099914550781,11120700,504.2099914550781
NFLX,2020-10-30,502.010009765625,505.8800048828125,472.2099914550781,475.739990234375,7807900,475.739990234375
NFLX,2020-11-02,478.8699951171875,486.29998779296875,475,484.1199951171875,4408200,484.1199951171875
NFLX,2020-11-03,484.92999267578125,495.30999755859375,478.760009765625,487.2200012207031,3690200,487.2200012207031
NFLX,2020-11-04,495.3599853515625,507.7300109863281,493.9800109863281,496.95001220703125,5137300,496.95001220703125
NFLX,2020-11-05,506.55999755859375,518.72998046875,503.45001220703125,513.760009765625,5372800,513.760009765625
NFLX,2020-11-06,515,515.21002197265625,502.510009765625,514.72998046875,4236300,514.72998046875
NFLX,2020-11-09,485.5400085449219,495.8500061035156,467.260009765625,470.5,10419700,470.5
NFLX,2020-11-10,470.95001220703125,484.6000061035156,463.4100036621094,480.239990234375,8306100,480.239990234375
NFLX,2020-11-11,483,491.67999267578125,478.260009765625,490.760009765625,5460500,490.760009765625
NFLX,2020-11-12,491,496.5199890136719,480.42999267578125,486.7699890136719,5063700,486.7699890136719
NFLX,2020-11-13,486.7699890136719,488.94000244140625,477.79998779296875,482.8399963378906,3002700,482.8399963378906
NFLX,2020-11-16,480,485.5799865722656,477.29998779296875,479.1000061035156,3953600,479.1000061035156
NFLX,2020-11-17,480.1199951171875,487.510009765625,478.8500061035156,480.6300048828125,3698100,480.6300048828125
NFLX,2020-11-18,481.95001220703125,488.6099853515625,477.7200012207031,481.7900085449219,3629200,481.7900085449219
NFLX,2020-11-19,482,487.79998779296875,480.4700012207031,484.6700134277344,2254700,484.6700134277344
NFLX,2020-11-20,485.2200012207031,494.760009765625,481.57000732421875,488.239990234375,4253400,488.239990234375
NFLX,2020-11-23,490.4599914550781,491.1499938964844,475.8399963378906,476.6199951171875,5416600,476.6199951171875
NFLX,2020-11-24,478.8399963378906,484.04998779296875,475.8900146484375,482.8800048828125,3550500,482.8800048828125
NFLX,2020-11-25,485.1300048828125,486.8999938964844,478.9200134277344,485,3598600,485
NFLX,2020-11-27,486.5799865722656,493.25,481.8500061035156,491.3599853515625,2805800,491.3599853515625
NFLX,2020-11-30,490.0799865722656,492.54998779296875,481.2699890136719,490.70001220703125,3530900,490.70001220703125
NFLX,2020-12-01,492.3399963378906,509.4700012207031,491.9800109863281,504.5799865722656,5052700,504.5799865722656
NFLX,2020-12-02,501.6199951171875,506.79998779296875,493.5,503.3800048828125,3028400,503.3800048828125
NFLX,2020-12-03,502.989990234375,508.7699890136719,496.0400085449219,497.5199890136719,2826100,497.5199890136719
NFLX,2020-12-04,497.5,504.5,493.6400146484375,498.30999755859375,3666200,498.30999755859375
NFLX,2020-12-07,500.010009765625,517.760009765625,497.7699890136719,515.780029296875,4289300,515.780029296875
NFLX,2020-12-08,517.9000244140625,521.489990234375,505.54998779296875,512.65997314453125,4229000,512.65997314453125
NFLX,2020-12-09,510.5299987792969,514.5,491.2900085449219,493.6000061035156,4178800,493.6000061035156
NFLX,2020-12-10,494.55999755859375,503.7699890136719,492.9100036621094,501.0899963378906,3018200,501.0899963378906
NFLX,2020-12-11,495,503.3399963378906,494.8500061035156,503.2200012207031,3210900,503.2200012207031
NFLX,2020-12-14,505.44000244140625,524.15997314453125,501.17999267578125,522.41998291015625,5770400,522.41998291015625
NFLX,2020-12-15,518.5,524.70001220703125,513.55999755859375,519.780029296875,3394900,519.780029296875
NFLX,2020-12-16,520.1099853515625,527.3800048828125,517.69000244140625,524.83001708984375,3682400,524.83001708984375
NFLX,2020-12-17,529,535.489990234375,526.44000244140625,532.9000244140625,3193400,532.9000244140625
NFLX,2020-12-18,533.20001220703125,536.3699951171875,526.02001953125,534.45001220703125,4502700,534.45001220703125
NFLX,2020-12-21,530.04998779296875,532.6199951171875,521.1500244140625,528.90997314453125,3894000,528.90997314453125
NFLX,2020-12-22,527.69000244140625,530.4000244140625,520.5,527.33001708984375,1906600,527.33001708984375
NFLX,2020-12-23,524.760009765625,526.32000732421875,514.20001220703125,514.47998046875,2393200,514.47998046875
NFLX,2020-12-24,515.1199951171875,519.3499755859375,512.21002197265625,513.969970703125,1144000,513.969970703125
NFLX,2020-12-28,516.42999267578125,523.65997314453125,507.1300048828125,519.1199951171875,2891900,519.1199951171875
NFLX,2020-12-29,519.9000244140625,536.54998779296875,515.47998046875,530.8699951171875,4022400,530.8699951171875
NFLX,2020-12-30,530.1300048828125,533.260009765625,523.69000244140625,524.59002685546875,1876300,524.59002685546875
NFLX,2020-12-31,525.530029296875,545.5,523.1500244140625,540.72998046875,5392300,540.72998046875
NFLX,2021-01-04,539,540.79998779296875,515.09002685546875,522.8599853515625,4444400,522.8599853515625
NFLX,2021-01-05,521.54998779296875,526.780029296875,515.8900146484375,520.79998779296875,3133900,520.79998779296875
NFLX,2021-01-06,511.9700012207031,513.0999755859375,499.5,500.489990234375,5346200,500.489990234375
NFLX,2021-01-07,508.2799987792969,516.44000244140625,506.4200134277344,508.8900146484375,3686400,508.8900146484375
NFLX,2021-01-08,511.30999755859375,513.239990234375,504.510009765625,510.3999938964844,2973900,510.3999938964844
NFLX,2021-01-11,507.8399963378906,510.7300109863281,497.95001220703125,499.1000061035156,3806200,499.1000061035156
NFLX,2021-01-12,500,501.0899963378906,485.6700134277344,494.25,5990400,494.25
NFLX,2021-01-13,495.5,512.3499755859375,493.010009765625,507.7900085449219,5032100,507.7900085449219
NFLX,2021-01-14,507.3500061035156,514.5,499.5799865722656,500.8599853515625,4177400,500.8599853515625
NFLX,2021-01-15,500,506.32000732421875,495.1000061035156,497.9800109863281,5895800,497.9800109863281
NFLX,2021-01-19,501,509.25,493.5400085449219,501.7699890136719,12315800,501.7699890136719
NFLX,2021-01-20,565.41998291015625,593.28997802734375,556.8599853515625,586.34002685546875,32637500,586.34002685546875
NFLX,2021-01-21,582.45001220703125,588.75,570.4000244140625,579.84002685546875,11802100,579.84002685546875
NFLX,2021-01-22,582.0999755859375,583.989990234375,564.3499755859375,565.16998291015625,7550800,565.16998291015625
NFLX,2021-01-25,567,569.75,548.6500244140625,556.780029296875,7207300,556.780029296875
NFLX,2021-01-26,554.72998046875,567.989990234375,554.05999755859375,561.92999267578125,5023800,561.92999267578125
NFLX,2021-01-27,550.71002197265625,556.41998291015625,515.72998046875,523.280029296875,8670300,523.280029296875
NFLX,2021-01-28,535.8800048828125,553.1500244140625,530.739990234375,538.5999755859375,5969000,538.5999755859375
NFLX,2021-01-29,538,541,530.17999267578125,532.3900146484375,4325300,532.3900146484375
NFLX,2021-02-01,536.78997802734375,545.05999755859375,531.72998046875,539.03997802734375,3547500,539.03997802734375
NFLX,2021-02-02,542.010009765625,555.47998046875,538.92999267578125,548.15997314453125,3767600,548.15997314453125
NFLX,2021-02-03,550.16998291015625,550.47998046875,538.239990234375,539.45001220703125,3172300,539.45001220703125
NFLX,2021-02-04,539.80999755859375,559.47998046875,537.510009765625,552.15997314453125,5164500,552.15997314453125
NFLX,2021-02-05,552.260009765625,554.44000244140625,545.47998046875,550.78997802734375,2376200,550.78997802734375
NFLX,2021-02-08,555,555,543.70001220703125,547.91998291015625,2791700,547.91998291015625
NFLX,2021-02-09,546,566,543,559.07000732421875,3703500,559.07000732421875
NFLX,2021-02-10,562.5,566.6500244140625,553.46002197265625,563.59002685546875,3991300,563.59002685546875
NFLX,2021-02-11,564.44000244140625,565.92999267578125,554.219970703125,557.59002685546875,2730600,557.59002685546875
NFLX,2021-02-12,556.94000244140625,561.25,550.8499755859375,556.52001953125,2197100,556.52001953125
NFLX,2021-02-16,557.28997802734375,563.6300048828125,552.72998046875,557.280029296875,2624100,557.280029296875
NFLX,2021-02-17,550.989990234375,555.25,543.030029296875,551.34002685546875,2069600,551.34002685546875
NFLX,2021-02-18,549,550,538.22998046875,548.219970703125,2456200,548.219970703125
NFLX,2021-02-19,548,548.989990234375,538.80999755859375,540.219970703125,2841500,540.219970703125
NFLX,2021-02-22,534.989990234375,541.78997802734375,530.78997802734375,533.780029296875,3078600,533.780029296875
NFLX,2021-02-23,525,548.53997802734375,518.280029296875,546.1500244140625,4136500,546.1500244140625
NFLX,2021-02-24,539.79998779296875,556.8499755859375,539.07000732421875,553.40997314453125,3245000,553.40997314453125
NFLX,2021-02-25,550.27001953125,556.47998046875,535.75,546.70001220703125,4252900,546.70001220703125
NFLX,2021-02-26,546.510009765625,553.09002685546875,538,538.8499755859375,3755600,538.8499755859375
NFLX,2021-03-01,545.57000732421875,552.1400146484375,542,550.6400146484375,3041400,550.6400146484375
NFLX,2021-03-02,553.34002685546875,556.989990234375,546.02001953125,547.82000732421875,3042200,547.82000732421875
NFLX,2021-03-03,545.92999267578125,548.010009765625,517.80999755859375,520.70001220703125,5362400,520.70001220703125
NFLX,2021-03-04,521.5,531.5,507.67999267578125,511.2900085449219,5034800,511.2900085449219
NFLX,2021-03-05,511.9800109863281,517.760009765625,498.7900085449219,516.3900146484375,5070000,516.3900146484375
NFLX,2021-03-08,514.46002197265625,518.84002685546875,492.8500061035156,493.3299865722656,3981800,493.3299865722656
NFLX,2021-03-09,507.30999755859375,513.1099853515625,503.82000732421875,506.44000244140625,3470000,506.44000244140625
NFLX,2021-03-10,513.5,518.969970703125,504.25,504.5400085449219,3771500,504.5400085449219
NFLX,2021-03-11,512.20001220703125,530.239990234375,510.7099914550781,523.05999755859375,4714500,523.05999755859375
NFLX,2021-03-12,512.5,526.510009765625,506.5899963378906,518.02001953125,3981700,518.02001953125
NFLX,2021-03-15,516.32000732421875,520.72998046875,508.0299987792969,520.25,3484300,520.25
NFLX,2021-03-16,524.469970703125,533.41998291015625,523.21002197265625,524.030029296875,3238900,524.030029296875
NFLX,2021-03-17,522,528.3699951171875,514.29998779296875,524.44000244140625,2817400,524.44000244140625
NFLX,2021-03-18,516.4000244140625,517.9000244140625,503.8500061035156,504.7900085449219,4094500,504.7900085449219
NFLX,2021-03-19,504.9599914550781,513.19000244140625,501.6300048828125,512.17999267578125,4386400,512.17999267578125
NFLX,2021-03-22,509.1300048828125,529.30999755859375,509.1300048828125,523.1099853515625,3360600,523.1099853515625
NFLX,2021-03-23,529.8699951171875,543.1199951171875,529.4000244140625,535.09002685546875,5583500,535.09002685546875
NFLX,2021-03-24,533.780029296875,534.41998291015625,520,520.80999755859375,4102200,520.80999755859375
NFLX,2021-03-25,516.989990234375,518.530029296875,497,502.8599853515625,4926800,502.8599853515625
NFLX,2021-03-26,502.82000732421875,508.7200012207031,496.67999267578125,508.04998779296875,3467800,508.04998779296875
NFLX,2021-03-29,505.6600036621094,518,504.3999938964844,513.95001220703125,3330000,513.95001220703125
NFLX,2021-03-30,510.510009765625,514.40997314453125,506.9100036621094,513.3900146484375,2418100,513.3900146484375
NFLX,2021-03-31,515.66998291015625,528.1300048828125,515.44000244140625,521.65997314453125,3503100,521.65997314453125
NFLX,2021-04-01,529.92999267578125,540.5,527.030029296875,539.41998291015625,3938600,539.41998291015625
NFLX,2021-04-05,540.010009765625,542.8499755859375,529.22998046875,540.66998291015625,3355900,540.66998291015625
NFLX,2021-04-06,544.80999755859375,554.16998291015625,543.29998779296875,544.530029296875,3474200,544.530029296875
NFLX,2021-04-07,543.5,549.6400146484375,541.45001220703125,546.989990234375,2151300,546.989990234375
NFLX,2021-04-08,551.1300048828125,556.9000244140625,547.57000732421875,554.58001708984375,4309800,554.58001708984375
NFLX,2021-04-09,552.69000244140625,556.9000244140625,547.1099853515625,555.30999755859375,2894000,555.30999755859375
NFLX,2021-04-12,551.04998779296875,557.97998046875,549.58001708984375,552.780029296875,2944100,552.780029296875
NFLX,2021-04-13,557,559.75,550.29998779296875,553.72998046875,2720300,553.72998046875
NFLX,2021-04-14,554.8699951171875,554.8699951171875,538.530029296875,540.02001953125,3740300,540.02001953125
NFLX,2021-04-15,544.16998291015625,553.489990234375,542.65997314453125,549.219970703125,3139100,549.219970703125
NFLX,2021-04-16,550.53997802734375,551.97998046875,539.510009765625,546.53997802734375,3209100,546.53997802734375
NFLX,2021-04-19,546.9000244140625,556.44000244140625,545.530029296875,554.44000244140625,4288700,554.44000244140625
NFLX,2021-04-20,554.41998291015625,563.55999755859375,546.29998779296875,549.57000732421875,11257600,549.57000732421875
NFLX,2021-04-21,508,515.46002197265625,503.6000061035156,508.8999938964844,22897400,508.8999938964844
NFLX,2021-04-22,513.82000732421875,513.96002197265625,500.54998779296875,508.7799987792969,9061100,508.7799987792969
NFLX,2021-04-23,509.010009765625,509.70001220703125,500.70001220703125,505.54998779296875,7307700,505.54998779296875
NFLX,2021-04-26,506.760009765625,510.4800109863281,503,510.29998779296875,4388800,510.29998779296875
NFLX,2021-04-27,512.6199951171875,512.989990234375,504.5799865722656,505.54998779296875,3761300,505.54998779296875
NFLX,2021-04-28,505.20001220703125,508.3999938964844,503.3399963378906,506.5199890136719,3193000,506.5199890136719
NFLX,2021-04-29,507.6000061035156,509.2900085449219,499,509,5127800,509
NFLX,2021-04-30,505,514.54998779296875,505,513.469970703125,4413200,513.469970703125
NFLX,2021-05-03,512.6500244140625,518.95001220703125,505.20001220703125,509.1099853515625,4091900,509.1099853515625
NFLX,2021-05-04,510.7799987792969,511.6300048828125,496.7900085449219,503.17999267578125,4349500,503.17999267578125
NFLX,2021-05-05,504.989990234375,507.7799987792969,494.6300048828125,496.0799865722656,3129400,496.0799865722656
NFLX,2021-05-06,495.989990234375,499.54998779296875,491.3699951171875,499.54998779296875,3783700,499.54998779296875
NFLX,2021-05-07,504.6199951171875,508.54998779296875,501.1199951171875,503.8399963378906,3132800,503.8399963378906
NFLX,2021-05-10,502,503.1499938964844,486.1099853515625,486.69000244140625,5131600,486.69000244140625
NFLX,2021-05-11,479.75,497.989990234375,478.6300048828125,495.0799865722656,4401000,495.0799865722656
NFLX,2021-05-12,486.8299865722656,493.5400085449219,482.70001220703125,484.9800109863281,4121500,484.9800109863281
NFLX,2021-05-13,489.1300048828125,490.7799987792969,482.7099914550781,486.6600036621094,2712500,486.6600036621094
NFLX,2021-05-14,487.8599853515625,494.8500061035156,486.5899963378906,493.3699951171875,2882500,493.3699951171875
NFLX,2021-05-17,485.5899963378906,492.7099914550781,482.80999755859375,488.94000244140625,2705200,488.94000244140625
NFLX,2021-05-18,488.3999938964844,493.4800109863281,486.19000244140625,486.2799987792969,2350500,486.2799987792969
NFLX,2021-05-19,481.6300048828125,488.57000732421875,478.5400085449219,487.70001220703125,3349900,487.70001220703125
NFLX,2021-05-20,489.54998779296875,502.70001220703125,488.9800109863281,501.6700134277344,3721200,501.6700134277344
NFLX,2021-05-21,503.1199951171875,505.3999938964844,497.260009765625,497.8900146484375,3322900,497.8900146484375
NFLX,2021-05-24,501.04998779296875,504.25,499.510009765625,502.8999938964844,2412600,502.8999938964844
NFLX,2021-05-25,506,506.3699951171875,499.2200012207031,501.3399963378906,2699500,501.3399963378906
NFLX,2021-05-26,502.3399963378906,504.1400146484375,500.5,502.3599853515625,2465300,502.3599853515625
NFLX,2021-05-27,501.79998779296875,505.1000061035156,498.5400085449219,503.8599853515625,3253800,503.8599853515625
NFLX,2021-05-28,504.3999938964844,511.760009765625,502.5299987792969,502.80999755859375,2910300,502.80999755859375
NFLX,2021-06-01,504.010009765625,505.4100036621094,497.739990234375,499.0799865722656,2482600,499.0799865722656
NFLX,2021-06-02,499.82000732421875,503.2200012207031,495.82000732421875,499.239990234375,2269000,499.239990234375
NFLX,2021-06-03,495.19000244140625,496.6600036621094,487.25,489.42999267578125,3887400,489.42999267578125
NFLX,2021-06-04,492,501.8599853515625,490.95001220703125,494.739990234375,3160500,494.739990234375
NFLX,2021-06-07,492.9200134277344,496.70001220703125,490.54998779296875,494.6600036621094,2791900,494.6600036621094
NFLX,2021-06-08,497,498.82000732421875,489.3699951171875,492.3900146484375,2374000,492.3900146484375
NFLX,2021-06-09,494.5,496.0899963378906,484.6499938964844,485.80999755859375,3055000,485.80999755859375
NFLX,2021-06-10,487.1700134277344,490.2099914550781,482.1400146484375,487.2699890136719,4382900,487.2699890136719
NFLX,2021-06-11,490,491.4100036621094,487.7799987792969,488.7699890136719,3124000,488.7699890136719
NFLX,2021-06-14,489.67999267578125,503.5,486.9100036621094,499.8900146484375,4400200,499.8900146484375
NFLX,2021-06-15,501.2300109863281,501.2300109863281,490.3999938964844,491.8999938964844,3104100,491.8999938964844
NFLX,2021-06-16,495,496.4599914550781,486.2799987792969,492.4100036621094,3533200,492.4100036621094
NFLX,2021-06-17,490.25,501.79998779296875,490.1499938964844,498.3399963378906,3198300,498.3399963378906
NFLX,2021-06-18,496.3999938964844,504.489990234375,495.239990234375,500.7699890136719,5197600,500.7699890136719
NFLX,2021-06-21,501.6400146484375,502.04998779296875,492.2799987792969,497,5277300,497
NFLX,2021-06-22,498.5400085449219,513.54998779296875,495.79998779296875,508.82000732421875,5809300,508.82000732421875
NFLX,2021-06-23,508.4800109863281,516.6300048828125,508.20001220703125,512.739990234375,3944800,512.739990234375
NFLX,2021-06-24,517.96002197265625,520.96002197265625,514.4000244140625,518.05999755859375,3361200,518.05999755859375
NFLX,2021-06-25,528.84002685546875,533.05999755859375,525,527.07000732421875,5299100,527.07000732421875
NFLX,2021-06-28,528.1199951171875,533.94000244140625,524.55999755859375,533.030029296875,2820200,533.030029296875
NFLX,2021-06-29,533.54998779296875,536.1300048828125,528.57000732421875,533.5,2314600,533.5
NFLX,2021-06-30,534.05999755859375,534.3800048828125,526.82000732421875,528.21002197265625,2773400,528.21002197265625
NFLX,2021-07-01,525.719970703125,537.03997802734375,525.719970703125,533.53997802734375,2805400,533.53997802734375
NFLX,2021-07-02,535.5,538.53997802734375,529.3900146484375,533.97998046875,1975500,533.97998046875
NFLX,2021-07-06,533,542.8599853515625,533,541.6400146484375,2775100,541.6400146484375
NFLX,2021-07-07,544.239990234375,544.6400146484375,531.65997314453125,535.96002197265625,2722500,535.96002197265625
NFLX,2021-07-08,530.92999267578125,535.5,529.09002685546875,530.760009765625,3269000,530.760009765625
NFLX,2021-07-09,531,538.260009765625,528.58001708984375,535.97998046875,2777200,535.97998046875
NFLX,2021-07-12,540.29998779296875,540.6500244140625,532.91998291015625,537.30999755859375,1780700,537.30999755859375
NFLX,2021-07-13,535.760009765625,545.33001708984375,535.760009765625,540.67999267578125,2751600,540.67999267578125
NFLX,2021-07-14,541.010009765625,554.0999755859375,541.010009765625,547.95001220703125,4659500,547.95001220703125
NFLX,2021-07-15,553.969970703125,557.53997802734375,538.20001220703125,542.95001220703125,5713900,542.95001220703125
NFLX,2021-07-16,541.80999755859375,544.05999755859375,527.04998779296875,530.30999755859375,3442100,530.30999755859375
NFLX,2021-07-19,526.04998779296875,534.90997314453125,522.239990234375,532.280029296875,3885800,532.280029296875
NFLX,2021-07-20,526.07000732421875,536.6400146484375,520.29998779296875,531.04998779296875,6930400,531.04998779296875
NFLX,2021-07-21,526.1300048828125,530.989990234375,505.6099853515625,513.6300048828125,11906800,513.6300048828125
NFLX,2021-07-22,510.2099914550781,513.67999267578125,507,511.7699890136719,4328100,511.7699890136719
NFLX,2021-07-23,512.15997314453125,517.40997314453125,504.6600036621094,515.40997314453125,3820500,515.40997314453125
NFLX,2021-07-26,514.3800048828125,521.1300048828125,509.010009765625,516.489990234375,2254500,516.489990234375
NFLX,2021-07-27,518.08001708984375,521.95001220703125,512.04998779296875,518.90997314453125,2759000,518.90997314453125
NFLX,2021-07-28,521.82000732421875,524.469970703125,516.97998046875,519.29998779296875,2390500,519.29998779296875
NFLX,2021-07-29,519.96002197265625,520.780029296875,513.78997802734375,514.25,1736000,514.25
NFLX,2021-07-30,512.69000244140625,519.78997802734375,510.9599914550781,517.57000732421875,2537100,517.57000732421875
NFLX,2021-08-02,519,519.8499755859375,510.510009765625,515.1500244140625,2096600,515.1500244140625
NFLX,2021-08-03,514.3900146484375,515.6300048828125,505.3699951171875,510.82000732421875,2579400,510.82000732421875
NFLX,2021-08-04,513,517.97998046875,510.3699951171875,517.3499755859375,2039400,517.3499755859375
NFLX,2021-08-05,517.1300048828125,525.40997314453125,514.02001953125,524.8900146484375,2556700,524.8900146484375
NFLX,2021-08-06,524,526.84002685546875,519.3900146484375,520.54998779296875,1919800,520.54998779296875
NFLX,2021-08-09,521.1500244140625,522.66998291015625,517.989990234375,519.969970703125,1367800,519.969970703125
NFLX,2021-08-10,520,520.78997802734375,512.969970703125,515.84002685546875,1960500,515.84002685546875
NFLX,2021-08-11,517,519.57000732421875,509.7699890136719,512.4000244140625,1673900,512.4000244140625
NFLX,2021-08-12,511.8599853515625,513,507.20001220703125,510.7200012207031,1685700,510.7200012207031
NFLX,2021-08-13,512.6400146484375,521.44000244140625,511.510009765625,515.91998291015625,2177700,515.91998291015625
NFLX,2021-08-16,515.239990234375,523.3800048828125,512.29998779296875,517.91998291015625,2032800,517.91998291015625
NFLX,2021-08-17,515.469970703125,520.78997802734375,514.20001220703125,518.90997314453125,2309800,518.90997314453125
NFLX,2021-08-18,520,526.3800048828125,518.6500244140625,521.8699951171875,2582000,521.8699951171875
NFLX,2021-08-19,522.739990234375,548.3900146484375,521.8699951171875,543.71002197265625,7497300,543.71002197265625
NFLX,2021-08-20,545.09002685546875,551.3900146484375,539.0999755859375,546.8800048828125,3776400,546.8800048828125
NFLX,2021-08-23,545.97998046875,555.54998779296875,543.739990234375,553.33001708984375,2602000,553.33001708984375
NFLX,2021-08-24,551.47998046875,555.30999755859375,549.27001953125,553.40997314453125,2109500,553.40997314453125
NFLX,2021-08-25,550.15997314453125,552.84002685546875,545.45001220703125,547.58001708984375,2065600,547.58001708984375
NFLX,2021-08-26,546.15997314453125,552.5999755859375,545.9000244140625,550.1199951171875,1595500,550.1199951171875
NFLX,2021-08-27,551.5999755859375,564.16998291015625,549.25,558.91998291015625,3252600,558.91998291015625
NFLX,2021-08-30,557.25,567.15997314453125,556.45001220703125,566.17999267578125,2434800,566.17999267578125
NFLX,2021-08-31,566.1199951171875,569.47998046875,561.6099853515625,569.19000244140625,2431900,569.19000244140625
NFLX,2021-09-01,569,591,569,582.07000732421875,5626200,582.07000732421875
NFLX,2021-09-02,583.67999267578125,598.760009765625,583.67999267578125,588.54998779296875,6179900,588.54998779296875
NFLX,2021-09-03,585.79998779296875,591.8800048828125,583.1400146484375,590.530029296875,2681200,590.530029296875
NFLX,2021-09-07,594.69000244140625,613.8499755859375,593.989990234375,606.71002197265625,5821400,606.71002197265625
NFLX,2021-09-08,603.84002685546875,615.5999755859375,595.71002197265625,606.04998779296875,5424500,606.04998779296875
NFLX,2021-09-09,606.469970703125,609.44000244140625,596.54998779296875,597.53997802734375,2954200,597.53997802734375
NFLX,2021-09-10,598.15997314453125,609.45001220703125,593.66998291015625,598.719970703125,3950800,598.719970703125
NFLX,2021-09-13,598.57000732421875,598.57000732421875,582.780029296875,589.28997802734375,3062900,589.28997802734375
NFLX,2021-09-14,584.8900146484375,587.280029296875,575.55999755859375,577.760009765625,3457000,577.760009765625
NFLX,2021-09-15,578.16998291015625,584.6199951171875,575.3699951171875,582.8699951171875,2755600,582.8699951171875
NFLX,2021-09-16,584.29998779296875,587.47998046875,577.719970703125,586.5,1832000,586.5
NFLX,2021-09-17,587.8499755859375,590.280029296875,580.8499755859375,589.3499755859375,4145100,589.3499755859375
NFLX,2021-09-20,586.78997802734375,591.530029296875,568.08001708984375,575.42999267578125,3732200,575.42999267578125
NFLX,2021-09-21,578.30999755859375,581.8800048828125,569.3699951171875,573.1400146484375,2250900,573.1400146484375
NFLX,2021-09-22,579.69000244140625,595.6500244140625,579.69000244140625,590.6500244140625,4021800,590.6500244140625
NFLX,2021-09-23,590.78997802734375,599.32000732421875,589.1300048828125,593.260009765625,2526200,593.260009765625
NFLX,2021-09-24,592.5,592.97998046875,583.6400146484375,592.3900146484375,2126200,592.3900146484375
NFLX,2021-09-27,587.95001220703125,593.58001708984375,576.92999267578125,592.6400146484375,2504700,592.6400146484375
NFLX,2021-09-28,589,599.53997802734375,580.15997314453125,583.8499755859375,4431100,583.8499755859375
NFLX,2021-09-29,589.010009765625,609.8800048828125,588.010009765625,599.05999755859375,6221000,599.05999755859375
NFLX,2021-09-30,608.04998779296875,619,608.04998779296875,610.34002685546875,6612600,610.34002685546875
NFLX,2021-10-01,604.239990234375,614.989990234375,597.510009765625,613.1500244140625,4090800,613.1500244140625
NFLX,2021-10-04,613.3900146484375,626.1300048828125,594.67999267578125,603.3499755859375,4995900,603.3499755859375
NFLX,2021-10-05,606.94000244140625,640.3900146484375,606.8900146484375,634.80999755859375,9534300,634.80999755859375
NFLX,2021-10-06,628.17999267578125,639.8699951171875,626.3599853515625,639.0999755859375,4580400,639.0999755859375
NFLX,2021-10-07,642.22998046875,646.84002685546875,630.45001220703125,631.8499755859375,3556900,631.8499755859375
NFLX,2021-10-08,634.16998291015625,643.79998779296875,630.8599853515625,632.65997314453125,3272100,632.65997314453125
NFLX,2021-10-11,633.20001220703125,639.41998291015625,626.780029296875,627.03997802734375,2862500,627.03997802734375
NFLX,2021-10-12,633.02001953125,637.65997314453125,621.989990234375,624.94000244140625,3227300,624.94000244140625
NFLX,2021-10-13,632.17999267578125,632.17999267578125,622.0999755859375,629.760009765625,2420300,629.760009765625
NFLX,2021-10-14,632.22998046875,636.8800048828125,626.78997802734375,633.79998779296875,2671700,633.79998779296875
NFLX,2021-10-15,638,639.41998291015625,625.15997314453125,628.28997802734375,4116900,628.28997802734375
NFLX,2021-10-18,632.0999755859375,638.40997314453125,620.59002685546875,637.969970703125,4669100,637.969970703125
NFLX,2021-10-19,636.969970703125,641,632.29998779296875,639,7633100,639
NFLX,2021-10-20,625.57000732421875,637.4000244140625,617.1500244140625,625.1400146484375,10622000,625.1400146484375
NFLX,2021-10-21,628.8900146484375,654.010009765625,628.6500244140625,653.15997314453125,8437100,653.15997314453125
NFLX,2021-10-22,651.80999755859375,665.46002197265625,651.80999755859375,664.780029296875,6186000,664.780029296875
NFLX,2021-10-25,663.739990234375,675.8800048828125,657.07000732421875,671.65997314453125,3833500,671.65997314453125
NFLX,2021-10-26,673.760009765625,676.489990234375,662.77001953125,668.52001953125,2904800,668.52001953125
NFLX,2021-10-27,669,671.40997314453125,661.8499755859375,662.91998291015625,2276900,662.91998291015625
NFLX,2021-10-28,670.95001220703125,676.79998779296875,668.030029296875,674.04998779296875,2859400,674.04998779296875
NFLX,2021-10-29,673.05999755859375,690.969970703125,671.239990234375,690.30999755859375,3825300,690.30999755859375
NFLX,2021-11-01,689.05999755859375,689.969970703125,676.53997802734375,681.16998291015625,3110900,681.16998291015625
NFLX,2021-11-02,683.1099853515625,687.67999267578125,673.82000732421875,677.719970703125,3888600,677.719970703125
NFLX,2021-11-03,677.27001953125,689.3900146484375,677.27001953125,688.28997802734375,2334900,688.28997802734375
NFLX,2021-11-04,685.8900146484375,685.94000244140625,665.5,668.4000244140625,4865000,668.4000244140625
NFLX,2021-11-05,663.969970703125,665.6400146484375,645.010009765625,645.719970703125,5283500,645.719970703125
NFLX,2021-11-08,650.28997802734375,656,643.78997802734375,651.45001220703125,2887500,651.45001220703125
NFLX,2021-11-09,653.70001220703125,660.5,650.52001953125,655.989990234375,2415600,655.989990234375
NFLX,2021-11-10,653.010009765625,660.33001708984375,642.1099853515625,646.90997314453125,2405800,646.90997314453125
NFLX,2021-11-11,650.239990234375,665.82000732421875,649.71002197265625,657.58001708984375,2868300,657.58001708984375
NFLX,2021-11-12,660.010009765625,683.34002685546875,653.82000732421875,682.6099853515625,4198400,682.6099853515625
NFLX,2021-11-15,681.239990234375,685.260009765625,671.489990234375,679.33001708984375,2872200,679.33001708984375
NFLX,2021-11-16,678.27001953125,688.3599853515625,676.9000244140625,687.4000244140625,2077400,687.4000244140625
NFLX,2021-11-17,690,700.989990234375,686.09002685546875,691.69000244140625,2732800,691.69000244140625
NFLX,2021-11-18,691.6099853515625,691.739990234375,679.739990234375,682.02001953125,2012900,682.02001953125
NFLX,2021-11-19,692.3499755859375,694.15997314453125,675,678.79998779296875,2613700,678.79998779296875
NFLX,2021-11-22,676.02001953125,679.47998046875,656.469970703125,659.20001220703125,2764400,659.20001220703125
NFLX,2021-11-23,658.17999267578125,666.42999267578125,646.04998779296875,654.05999755859375,2320200,654.05999755859375
NFLX,2021-11-24,658.010009765625,661.44000244140625,651.0999755859375,658.28997802734375,1867300,658.28997802734375
NFLX,2021-11-26,675,676.40997314453125,660.66998291015625,665.6400146484375,2872500,665.6400146484375
NFLX,2021-11-29,663.20001220703125,667.989990234375,658.28997802734375,663.84002685546875,2529400,663.84002685546875
NFLX,2021-11-30,668.20001220703125,675.3800048828125,640.010009765625,641.9000244140625,5608900,641.9000244140625
NFLX,2021-12-01,649.47998046875,654.52001953125,617.07000732421875,617.77001953125,3882800,617.77001953125
NFLX,2021-12-02,617.0999755859375,625.3599853515625,612.8800048828125,616.469970703125,3331100,616.469970703125
NFLX,2021-12-03,622.75,625.5,594,602.1300048828125,4829300,602.1300048828125
NFLX,2021-12-06,606.010009765625,617.28997802734375,601,612.69000244140625,3075700,612.69000244140625
NFLX,2021-12-07,619.83001708984375,628.8900146484375,611.4000244140625,625.58001708984375,3125200,625.58001708984375
NFLX,2021-12-08,630,632.46002197265625,623.20001220703125,628.08001708984375,2220300,628.08001708984375
NFLX,2021-12-09,627.58001708984375,630.239990234375,610.44000244140625,611,2376300,611
NFLX,2021-12-10,616.780029296875,617.739990234375,605.8800048828125,611.65997314453125,2748800,611.65997314453125
NFLX,2021-12-13,612,612.6400146484375,599.52001953125,604.55999755859375,2517900,604.55999755859375
NFLX,2021-12-14,598.71002197265625,602.28997802734375,588.1300048828125,597.989990234375,2984500,597.989990234375
NFLX,2021-12-15,598.17999267578125,605.69000244140625,584.510009765625,605.03997802734375,2866200,605.03997802734375
NFLX,2021-12-16,597.09002685546875,602.83001708984375,588,591.05999755859375,3143200,591.05999755859375
NFLX,2021-12-17,591.6099853515625,593.25,581.739990234375,586.72998046875,4386900,586.72998046875
NFLX,2021-12-20,586.42999267578125,602.8800048828125,584.260009765625,593.739990234375,3358400,593.739990234375
NFLX,2021-12-21,597.53997802734375,607.82000732421875,593.8599853515625,604.91998291015625,2319400,604.91998291015625
NFLX,2021-12-22,603.3599853515625,614.82000732421875,602.6300048828125,614.239990234375,2335700,614.239990234375
NFLX,2021-12-23,616.4000244140625,616.8800048828125,607.57000732421875,614.09002685546875,1621100,614.09002685546875
NFLX,2021-12-27,615,615,609.25,613.1199951171875,2061500,613.1199951171875
NFLX,2021-12-28,614.95001220703125,618.40997314453125,609.69000244140625,610.71002197265625,1882800,610.71002197265625
NFLX,2021-12-29,610.71002197265625,613.97998046875,604.67999267578125,610.53997802734375,1287200,610.53997802734375
NFLX,2021-12-30,612.989990234375,620.6099853515625,611.239990234375,612.09002685546875,1625100,612.09002685546875
NFLX,2021-12-31,610.010009765625,614.08001708984375,602.04998779296875,602.44000244140625,1995900,602.44000244140625
NFLX,2022-01-03,605.6099853515625,609.989990234375,590.55999755859375,597.3699951171875,3067500,597.3699951171875
NFLX,2022-01-04,599.90997314453125,600.40997314453125,581.5999755859375,591.1500244140625,4393100,591.1500244140625
NFLX,2022-01-05,592,592.84002685546875,566.8800048828125,567.52001953125,4148700,567.52001953125
NFLX,2022-01-06,554.34002685546875,563.3599853515625,542.010009765625,553.28997802734375,5711800,553.28997802734375
NFLX,2022-01-07,549.46002197265625,553.42999267578125,538.219970703125,541.05999755859375,3382900,541.05999755859375
NFLX,2022-01-10,538.489990234375,543.69000244140625,526.32000732421875,539.8499755859375,4486100,539.8499755859375
NFLX,2022-01-11,536.989990234375,543.90997314453125,530.07000732421875,540.84002685546875,3077800,540.84002685546875
NFLX,2022-01-12,544.27001953125,544.27001953125,532.02001953125,537.219970703125,3787400,537.219970703125
NFLX,2022-01-13,537.05999755859375,540.78997802734375,518.260009765625,519.20001220703125,4475100,519.20001220703125
NFLX,2022-01-14,517.5999755859375,538.3699951171875,511.8800048828125,525.69000244140625,7861100,525.69000244140625
NFLX,2022-01-18,520.08001708984375,521.75,508.67999267578125,510.79998779296875,4839100,510.79998779296875
NFLX,2022-01-19,515,523.21002197265625,510.510009765625,515.8599853515625,4353500,515.8599853515625
NFLX,2022-01-20,517.75,526.6400146484375,506.92999267578125,508.25,12659000,508.25
NFLX,2022-01-21,400.42999267578125,409.1499938964844,379.989990234375,397.5,58904300,397.5
NFLX,2022-01-24,383.9100036621094,387.260009765625,351.4599914550781,387.1499938964844,32346000,387.1499938964844
NFLX,2022-01-25,379.1400146484375,387.7099914550781,365.1300048828125,366.4200134277344,15145800,366.4200134277344
NFLX,2022-01-26,378.2699890136719,382.6600036621094,356.6199951171875,359.70001220703125,12684000,359.70001220703125
NFLX,2022-01-27,382.05999755859375,394.79998779296875,378.1000061035156,386.70001220703125,24324700,386.70001220703125
NFLX,2022-01-28,386.760009765625,387,372.0799865722656,384.3599853515625,11966600,384.3599853515625
NFLX,2022-01-31,401.9700012207031,427.70001220703125,398.20001220703125,427.1400146484375,20047500,427.1400146484375
NFLX,2022-02-01,432.9599914550781,458.4800109863281,425.5400085449219,457.1300048828125,22568100,457.1300048828125
NFLX,2022-02-02,448.25,451.9800109863281,426.4800109863281,429.4800109863281,14346000,429.4800109863281
NFLX,2022-02-03,421.44000244140625,429.260009765625,404.2799987792969,405.6000061035156,9905200,405.6000061035156
NFLX,2022-02-04,407.30999755859375,412.7699890136719,396.6400146484375,410.1700134277344,7789800,410.1700134277344
NFLX,2022-02-07,410.1700134277344,412.3500061035156,393.54998779296875,402.1000061035156,8232900,402.1000061035156
NFLX,2022-02-08,398.17999267578125,406.6099853515625,395.8299865722656,403.5299987792969,6818500,403.5299987792969
NFLX,2022-02-09,408.6499938964844,412.9800109863281,398.7900085449219,412.8900146484375,7738200,412.8900146484375
NFLX,2022-02-10,402.1000061035156,408,396.3599853515625,406.2699890136719,8452900,406.2699890136719
NFLX,2022-02-11,405.3299865722656,411.6099853515625,387.6499938964844,391.30999755859375,7558900,391.30999755859375
NFLX,2022-02-14,387.5899963378906,409.3599853515625,386.8900146484375,396.57000732421875,7202200,396.57000732421875
NFLX,2022-02-15,403.7900085449219,409.1600036621094,401.010009765625,407.4599914550781,5392300,407.4599914550781
NFLX,2022-02-16,401.5299987792969,401.55999755859375,390.3800048828125,398.0799865722656,5277700,398.0799865722656
NFLX,2022-02-17,394.239990234375,399.1099853515625,385.70001220703125,386.6700134277344,4669200,386.6700134277344
NFLX,2022-02-18,392.5299987792969,402.8699951171875,389.04998779296875,391.2900085449219,6801700,391.2900085449219
NFLX,2022-02-22,388.95001220703125,392.4200134277344,373.0199890136719,377.3800048828125,6697500,377.3800048828125
NFLX,2022-02-23,382.7200012207031,386,366.6600036621094,367.4599914550781,4614300,367.4599914550781
NFLX,2022-02-24,355.0899963378906,390.7300109863281,354.7200012207031,390.0299987792969,7068700,390.0299987792969
NFLX,2022-02-25,386.6099853515625,391.2900085449219,375.5799865722656,390.79998779296875,4841600,390.79998779296875
NFLX,2022-02-28,387.3299865722656,397.75,382.1300048828125,394.5199890136719,5035000,394.5199890136719
NFLX,2022-03-01,391.6000061035156,395,383.7099914550781,386.239990234375,3290400,386.239990234375
NFLX,2022-03-02,388.92999267578125,389.2200012207031,375.2099914550781,380.0299987792969,5356800,380.0299987792969
NFLX,2022-03-03,386,386.1199951171875,364.6499938964844,368.07000732421875,6076800,368.07000732421875
NFLX,2022-03-04,368,374.82000732421875,357.1700134277344,361.7300109863281,5325500,361.7300109863281
NFLX,2022-03-07,360.4100036621094,362,350.20001220703125,350.260009765625,5708400,350.260009765625
NFLX,2022-03-08,349.79998779296875,358.8599853515625,340.6700134277344,341.760009765625,6428700,341.760009765625
NFLX,2022-03-09,357.69000244140625,364.1400146484375,350.510009765625,358.7900085449219,6520200,358.7900085449219
NFLX,2022-03-10,356.20001220703125,367.0199890136719,353.29998779296875,356.7699890136719,4807800,356.7699890136719
NFLX,2022-03-11,361.19000244140625,363.3599853515625,340,340.32000732421875,4819900,340.32000732421875
NFLX,2022-03-14,338.7200012207031,341.32000732421875,329.82000732421875,331.010009765625,5907800,331.010009765625
NFLX,2022-03-15,335.1000061035156,345.3599853515625,332.3599853515625,343.75,5460600,343.75
NFLX,2022-03-16,348.20001220703125,359.989990234375,343.05999755859375,357.5299987792969,6982500,357.5299987792969
NFLX,2022-03-17,359.70001220703125,373.30999755859375,354.8800048828125,371.3999938964844,5818300,371.3999938964844
NFLX,2022-03-18,372,381.79998779296875,368.4700012207031,380.6000061035156,8324800,380.6000061035156
NFLX,2022-03-21,378.0199890136719,381.82000732421875,368.94000244140625,374.5899963378906,4866500,374.5899963378906
NFLX,2022-03-22,371.1400146484375,386.6600036621094,366.760009765625,382.9200134277344,4242800,382.9200134277344
NFLX,2022-03-23,379.7699890136719,382.4599914550781,374.489990234375,374.489990234375,3729000,374.489990234375
NFLX,2022-03-24,379.760009765625,379.760009765625,368.8999938964844,375.7099914550781,3888500,375.7099914550781
NFLX,2022-03-25,377.07000732421875,377.6400146484375,366.42999267578125,373.8500061035156,3574500,373.8500061035156
NFLX,2022-03-28,375.2300109863281,380.2799987792969,366.7300109863281,378.510009765625,4323400,378.510009765625
NFLX,2022-03-29,384.3900146484375,396.5,380.3299865722656,391.82000732421875,5880700,391.82000732421875
NFLX,2022-03-30,389.54998779296875,392.70001220703125,378.6300048828125,381.4700012207031,4023300,381.4700012207031
NFLX,2022-03-31,383.5899963378906,384,373.6099853515625,374.5899963378906,4134700,374.5899963378906
NFLX,2022-04-01,376.79998779296875,380.8699951171875,368.5,373.4700012207031,4644200,373.4700012207031
NFLX,2022-04-04,373.54998779296875,396.0199890136719,373.1300048828125,391.5,7001800,391.5
NFLX,2022-04-05,389.29998779296875,390,377.30999755859375,380.1499938964844,4234500,380.1499938964844
NFLX,2022-04-06,374.1499938964844,376.4700012207031,362.7300109863281,368.3500061035156,4354900,368.3500061035156
NFLX,2022-04-07,365,368.5400085449219,353.69000244140625,362.1499938964844,4948900,362.1499938964844
NFLX,2022-04-08,361.9599914550781,362.5,354.8699951171875,355.8800048828125,4025200,355.8800048828125
NFLX,2022-04-11,350,354.7799987792969,345.20001220703125,348,3777100,348
NFLX,2022-04-12,355.9100036621094,359.4100036621094,342.25,344.1000061035156,3824300,344.1000061035156
NFLX,2022-04-13,343.9200134277344,352,341.1600036621094,350.42999267578125,3231000,350.42999267578125
NFLX,2022-04-14,350.95001220703125,352,339.8599853515625,341.1300048828125,4343800,341.1300048828125
NFLX,2022-04-18,340,342.3599853515625,331.6199951171875,337.8599853515625,5105000,337.8599853515625
NFLX,2022-04-19,333.2200012207031,351.67999267578125,333.2200012207031,348.6099853515625,20906900,348.6099853515625
NFLX,2022-04-20,245.1999969482422,248.6999969482422,212.50999450683594,226.19000244140625,133387500,226.19000244140625
NFLX,2022-04-21,220,227.67999267578125,211.52000427246094,218.22000122070312,53501600,218.22000122070312
NFLX,2022-04-22,220.17999267578125,226.27000427246094,210.0500030517578,215.52000427246094,37515100,215.52000427246094
NFLX,2022-04-25,213.80999755859375,216.66000366210938,204.50999450683594,209.91000366210938,28152000,209.91000366210938
NFLX,2022-04-26,208.8000030517578,209.14999389648438,198.27999877929688,198.39999389648438,20318100,198.39999389648438
NFLX,2022-04-27,194.00999450683594,200.19000244140625,187.77000427246094,188.5399932861328,22298400,188.5399932861328
NFLX,2022-04-28,191.55999755859375,201.47999572753906,185.60000610351562,199.52000427246094,21363200,199.52000427246094
NFLX,2022-04-29,198.67999267578125,204.7100067138672,190,190.36000061035156,16391900,190.36000061035156
NFLX,2022-05-02,191.7100067138672,200.2100067138672,190.00999450683594,199.4600067138672,14591600,199.4600067138672
NFLX,2022-05-03,198.2899932861328,203.1999969482422,194.77000427246094,199.8699951171875,11839400,199.8699951171875
NFLX,2022-05-04,197.64999389648438,204.3800048828125,191.00999450683594,204.00999450683594,12218800,204.00999450683594
NFLX,2022-05-05,200.4499969482422,200.7100067138672,186,188.32000732421875,13971300,188.32000732421875
NFLX,2022-05-06,186.75,187.2100067138672,175.80999755859375,180.97000122070312,17185500,180.97000122070312
NFLX,2022-05-09,177.66000366210938,183.1999969482422,172.3000030517578,173.10000610351562,14031300,173.10000610351562
NFLX,2022-05-10,176.00999450683594,181.8699951171875,170.57000732421875,177.66000366210938,13883900,177.66000366210938
NFLX,2022-05-11,176.08999633789062,180.9199981689453,165.5500030517578,166.3699951171875,12665500,166.3699951171875
NFLX,2022-05-12,163.9600067138672,177.5800018310547,162.7100067138672,174.30999755859375,17662100,174.30999755859375
NFLX,2022-05-13,177.16000366210938,187.77000427246094,176.00999450683594,187.63999938964844,13136300,187.63999938964844
NFLX,2022-05-16,193.3000030517578,195.88999938964844,185.6999969482422,186.50999450683594,16145000,186.50999450683594
NFLX,2022-05-17,189.1699981689453,191.39999389648438,185.1699981689453,190.55999755859375,9876700,190.55999755859375
NFLX,2022-05-18,186.72000122070312,187.6999969482422,176.27000427246094,177.19000244140625,9665600,177.19000244140625
NFLX,2022-05-19,178.0500030517578,186.3000030517578,175.7100067138672,183.47999572753906,10448500,183.47999572753906
NFLX,2022-05-20,185.8699951171875,190.19000244140625,179.77000427246094,186.35000610351562,10429400,186.35000610351562
NFLX,2022-05-23,186.14999389648438,187.66000366210938,177.88999938964844,187.44000244140625,9602000,187.44000244140625
NFLX,2022-05-24,182,184,177.1699981689453,180.33999633789062,7706400,180.33999633789062
NFLX,2022-05-25,180.27999877929688,188.8699951171875,180.1699981689453,187.8300018310547,8522100,187.8300018310547
NFLX,2022-05-26,186.49000549316406,192.33999633789062,183.08999633789062,191.39999389648438,8049900,191.39999389648438
NFLX,2022-05-27,193.19000244140625,195.25,190.3699951171875,195.19000244140625,8586000,195.19000244140625
NFLX,2022-05-31,196.17999267578125,199.9499969482422,190.8000030517578,197.44000244140625,11398500,197.44000244140625
NFLX,2022-06-01,198.6999969482422,202.74000549316406,191.66000366210938,192.91000366210938,8416200,192.91000366210938
NFLX,2022-06-02,192.02000427246094,205.47000122070312,191.72000122070312,205.08999633789062,9623100,205.08999633789062
NFLX,2022-06-03,200.13999938964844,202.9499969482422,198.0500030517578,198.97999572753906,7191800,198.97999572753906
NFLX,2022-06-06,202.08999633789062,203.8699951171875,195.3800048828125,197.13999938964844,5372000,197.13999938964844
NFLX,2022-06-07,194.8699951171875,199.60000610351562,193,198.61000061035156,4839500,198.61000061035156
NFLX,2022-06-08,197.9499969482422,207.3800048828125,197.63999938964844,202.8300018310547,7244100,202.8300018310547
NFLX,2022-06-09,200.64999389648438,201.69000244140625,192.5399932861328,192.77000427246094,6949000,192.77000427246094
NFLX,2022-06-10,182.63999938964844,185.86000061035156,180.85000610351562,182.94000244140625,13065600,182.94000244140625
NFLX,2022-06-13,177.07000732421875,179.08999633789062,168.9600067138672,169.69000244140625,10222400,169.69000244140625
NFLX,2022-06-14,169.75,172.05999755859375,164.27999877929688,167.5399932861328,11555300,167.5399932861328
NFLX,2022-06-15,169.25999450683594,183.85000610351562,168.52999877929688,180.11000061035156,12396000,180.11000061035156
NFLX,2022-06-16,174,176.27000427246094,171.55999755859375,173.35000610351562,8201300,173.35000610351562
NFLX,2022-06-17,173.6300048828125,179.64999389648438,173.33999633789062,175.50999450683594,12133400,175.50999450683594
NFLX,2022-06-21,177.60000610351562,178.6199951171875,169.8000030517578,170.91000366210938,12177600,170.91000366210938
NFLX,2022-06-22,170.75,182.82000732421875,170.1999969482422,178.88999938964844,11992400,178.88999938964844
NFLX,2022-06-23,180.5,182.75999450683594,175.8699951171875,181.7100067138672,9538200,181.7100067138672
NFLX,2022-06-24,183.5,191.19000244140625,181.83999633789062,190.85000610351562,12424000,190.85000610351562
NFLX,2022-06-27,191.77000427246094,191.77999877929688,182.38999938964844,189.13999938964844,8363900,189.13999938964844
NFLX,2022-06-28,189.1999969482422,192.1999969482422,179.3699951171875,179.60000610351562,7185400,179.60000610351562
NFLX,2022-06-29,179.5500030517578,180.6699981689453,175.10000610351562,178.36000061035156,5766800,178.36000061035156
NFLX,2022-06-30,177.07000732421875,179.4499969482422,170.3000030517578,174.8699951171875,7894700,174.8699951171875
NFLX,2022-07-01,176.49000549316406,180.10000610351562,174.27000427246094,179.9499969482422,5201600,179.9499969482422
NFLX,2022-07-05,176.27999877929688,185.9199981689453,172.67999267578125,185.8800048828125,7334300,185.8800048828125
NFLX,2022-07-06,185.1999969482422,186.22000122070312,180.82000732421875,184.05999755859375,5753400,184.05999755859375
NFLX,2022-07-07,184.27000427246094,190.2100067138672,183.5,189.27000427246094,6334500,189.27000427246094
NFLX,2022-07-08,186.02000427246094,189.91000366210938,182.75,186.97999572753906,5835700,186.97999572753906
NFLX,2022-07-11,184.72999572753906,184.99000549316406,176.88999938964844,177.33999633789062,6038800,177.33999633789062
NFLX,2022-07-12,177.3300018310547,179.77999877929688,173.4199981689453,174.4499969482422,6845300,174.4499969482422
NFLX,2022-07-13,170.5,179.17999267578125,169.6999969482422,176.55999755859375,12734400,176.55999755859375
NFLX,2022-07-14,175.55999755859375,177.52000427246094,171.82000732421875,174.77999877929688,9039500,174.77999877929688
NFLX,2022-07-15,175.5800018310547,189.22000122070312,174.55999755859375,189.11000061035156,16319100,189.11000061035156
NFLX,2022-07-18,192.5,199.6699981689453,189.8000030517578,190.9199981689453,16322800,190.9199981689453
NFLX,2022-07-19,193.02000427246094,201.97000122070312,188.39999389648438,201.6300048828125,28178700,201.6300048828125
NFLX,2022-07-20,208.1699981689453,216.97000122070312,200.10000610351562,216.44000244140625,53920300,216.44000244140625
NFLX,2022-07-21,214.3000030517578,224.32000732421875,211.5,223.8800048828125,23430100,223.8800048828125
NFLX,2022-07-22,222.3800048828125,229.35000610351562,218.44000244140625,220.44000244140625,17805500,220.44000244140625
NFLX,2022-07-25,221.30999755859375,225.22999572753906,216.35000610351562,218.50999450683594,10935200,218.50999450683594
NFLX,2022-07-26,216.66000366210938,219.38999938964844,211.63999938964844,213.91000366210938,9508500,213.91000366210938
NFLX,2022-07-27,216.47999572753906,227.77999877929688,214.5800018310547,226.75,10508400,226.75
NFLX,2022-07-28,224.60000610351562,228.10000610351562,219.6699981689453,226.02000427246094,8972700,226.02000427246094
NFLX,2022-07-29,223.2899932861328,230.75,222.39999389648438,224.89999389648438,9064900,224.89999389648438
NFLX,2022-08-01,223.10000610351562,228.38999938964844,221,226.2100067138672,5525000,226.2100067138672
NFLX,2022-08-02,222.75999450683594,228.1999969482422,220.8800048828125,221.4199981689453,6361300,221.4199981689453
NFLX,2022-08-03,224.7899932861328,228.10000610351562,222.4199981689453,226.72999572753906,6400700,226.72999572753906
NFLX,2022-08-04,227.67999267578125,232.07000732421875,225.0500030517578,229.91000366210938,7142700,229.91000366210938
NFLX,2022-08-05,225.3000030517578,228.6199951171875,222.8699951171875,226.77999877929688,5539700,226.77999877929688
NFLX,2022-08-08,227.49000549316406,241.9600067138672,226.41000366210938,233.49000549316406,10982100,233.49000549316406
NFLX,2022-08-09,231.6199951171875,232.1999969482422,224.64999389648438,229.94000244140625,6181200,229.94000244140625
NFLX,2022-08-10,236.99000549316406,244.5399932861328,236.60000610351562,244.11000061035156,9254800,244.11000061035156
NFLX,2022-08-11,244.67999267578125,251.6199951171875,241.50999450683594,242.6999969482422,8780100,242.6999969482422
NFLX,2022-08-12,244.80999755859375,249.41000366210938,243.75999450683594,249.3000030517578,6098500,249.3000030517578
NFLX,2022-08-15,248.11000061035156,251.99000549316406,247.50999450683594,249.11000061035156,6527400,249.11000061035156
NFLX,2022-08-16,247.16000366210938,249.2899932861328,244.02999877929688,245.69000244140625,5136800,245.69000244140625
NFLX,2022-08-17,241.17999267578125,244.24000549316406,237.55999755859375,241.14999389648438,5627200,241.14999389648438
NFLX,2022-08-18,241.9600067138672,246.47999572753906,239.27999877929688,245.1699981689453,5280400,245.1699981689453
NFLX,2022-08-19,240.9499969482422,243.2899932861328,235.67999267578125,241.16000366210938,7504700,241.16000366210938
NFLX,2022-08-22,232.5500030517578,233.47999572753906,224.58999633789062,226.5399932861328,8630100,226.5399932861328
NFLX,2022-08-23,226.4600067138672,229.89999389648438,224.3000030517578,224.5500030517578,5276900,224.5500030517578
NFLX,2022-08-24,225.66000366210938,234.10000610351562,223.94000244140625,229.61000061035156,5426300,229.61000061035156
NFLX,2022-08-25,230.24000549316406,234.16000366210938,229,233.97999572753906,3766900,233.97999572753906
NFLX,2022-08-26,233.6300048828125,236.9499969482422,223.14999389648438,223.27999877929688,5349800,223.27999877929688
NFLX,2022-08-29,221.92999267578125,229.8699951171875,221.52000427246094,224.57000732421875,7109400,224.57000732421875
NFLX,2022-08-30,226.66000366210938,229.7899932861328,218.74000549316406,220.64999389648438,5740400,220.64999389648438
NFLX,2022-08-31,227,233.8800048828125,223.42999267578125,223.55999755859375,8615900,223.55999755859375
NFLX,2022-09-01,220.72000122070312,230.3699951171875,219.47000122070312,230.0399932861328,7292900,230.0399932861328
NFLX,2022-09-02,231.02999877929688,233.8800048828125,225.0399932861328,226.11000061035156,8164900,226.11000061035156
NFLX,2022-09-06,225.58999633789062,226.85000610351562,214.69000244140625,218.38999938964844,7469000,218.38999938964844
NFLX,2022-09-07,220.2100067138672,229.3300018310547,218.27000427246094,228.9600067138672,8149300,228.9600067138672
NFLX,2022-09-08,224.16000366210938,228.74000549316406,221.3000030517578,227.44000244140625,6737400,227.44000244140625
NFLX,2022-09-09,229.6199951171875,234.77999877929688,229.6199951171875,233.57000732421875,6699600,233.57000732421875
NFLX,2022-09-12,233.61000061035156,239.49000549316406,233.3699951171875,236.52999877929688,6047400,236.52999877929688
NFLX,2022-09-13,226.5,227.69000244140625,217.72000122070312,218.1300048828125,8000100,218.1300048828125
NFLX,2022-09-14,219.82000732421875,228,215.8000030517578,224.1199951171875,8230300,224.1199951171875
NFLX,2022-09-15,230.47000122070312,242.2899932861328,229.10000610351562,235.3800048828125,19454100,235.3800048828125
NFLX,2022-09-16,231.22000122070312,241.36000061035156,227.8300018310547,240.1300048828125,18914200,240.1300048828125
NFLX,2022-09-19,245.0500030517578,245.25,235.75,243.6300048828125,17912400,243.6300048828125
NFLX,2022-09-20,240.3699951171875,250.49000549316406,239.66000366210938,242.85000610351562,16037400,242.85000610351562
NFLX,2022-09-21,242.6699981689453,248.3000030517578,236.67999267578125,236.8699951171875,9166800,236.8699951171875
NFLX,2022-09-22,235.35000610351562,240.5,231.66000366210938,237.0500030517578,10018000,237.0500030517578
NFLX,2022-09-23,235.13999938964844,236.4499969482422,221.42999267578125,226.41000366210938,11207200,226.41000366210938
NFLX,2022-09-26,225.60000610351562,232.6999969482422,223.00999450683594,224.07000732421875,8234300,224.07000732421875
NFLX,2022-09-27,228.6300048828125,230.63999938964844,220.72000122070312,224.36000061035156,7762200,224.36000061035156
NFLX,2022-09-28,229.69000244140625,246.64999389648438,227.3800048828125,245.1999969482422,17579700,245.1999969482422
NFLX,2022-09-29,241.61000061035156,246.97999572753906,235.67999267578125,239.7100067138672,18994900,239.7100067138672
NFLX,2022-09-30,237,242.44000244140625,233.25999450683594,235.44000244140625,11848600,235.44000244140625
NFLX,2022-10-03,237.85000610351562,241.5399932861328,232.85000610351562,239.0399932861328,8657400,239.0399932861328
NFLX,2022-10-04,244.83999633789062,245.8000030517578,233.25,240.74000549316406,13925900,240.74000549316406
NFLX,2022-10-05,238.75999450683594,241.58999633789062,227.3800048828125,236.72999572753906,10825600,236.72999572753906
NFLX,2022-10-06,236.67999267578125,244.27999877929688,233.91000366210938,240.02000427246094,9188900,240.02000427246094
NFLX,2022-10-07,235.77000427246094,237.3300018310547,224.27999877929688,224.75,9806100,224.75
NFLX,2022-10-10,225.63999938964844,233.8300018310547,224.22999572753906,229.97999572753906,9991100,229.97999572753906
NFLX,2022-10-11,226.0500030517578,230.44000244140625,213.6999969482422,214.2899932861328,15282400,214.2899932861328
NFLX,2022-10-12,214.3000030517578,223.6699981689453,212.63999938964844,220.8699951171875,12952600,220.8699951171875
NFLX,2022-10-13,212.69000244140625,234.47000122070312,211.72999572753906,232.50999450683594,17505000,232.50999450683594
NFLX,2022-10-14,237.8000030517578,238.8000030517578,229.50999450683594,230,15293400,230
NFLX,2022-10-17,234.41000366210938,249.9199981689453,234.39999389648438,245.10000610351562,21057800,245.10000610351562
NFLX,2022-10-18,249.8000030517578,250.3699951171875,237.72999572753906,240.86000061035156,25776700,240.86000061035156
NFLX,2022-10-19,265,279.29998779296875,262.6600036621094,272.3800048828125,46685300,272.3800048828125
NFLX,2022-10-20,272.7799987792969,278.3800048828125,266.3800048828125,268.1600036621094,17207100,268.1600036621094
NFLX,2022-10-21,268.95001220703125,290.75,265.67999267578125,289.57000732421875,24889100,289.57000732421875
NFLX,2022-10-24,290.2300109863281,290.489990234375,280.3599853515625,282.45001220703125,13326400,282.45001220703125
NFLX,2022-10-25,286.95001220703125,297.5899963378906,285.54998779296875,291.0199890136719,15100700,291.0199890136719
NFLX,2022-10-26,290.0400085449219,305.6300048828125,288.0400085449219,298.6199951171875,15714100,298.6199951171875
NFLX,2022-10-27,298.3299865722656,305.2099914550781,294.7799987792969,296.94000244140625,14612600,296.94000244140625
NFLX,2022-10-28,297.70001220703125,301.19000244140625,292.2900085449219,295.7200012207031,9960500,295.7200012207031
NFLX,2022-10-31,295.1300048828125,297.6199951171875,289.5,291.8800048828125,7505100,291.8800048828125
NFLX,2022-11-01,296.1700134277344,299.70001220703125,286.4200134277344,286.75,6916400,286.75
NFLX,2022-11-02,286.3999938964844,287.3299865722656,272.8399963378906,273,10367600,273
NFLX,2022-11-03,271.25,276.2900085449219,268.79998779296875,269.05999755859375,7057400,269.05999755859375
NFLX,2022-11-04,272.0199890136719,274.9700012207031,255.32000732421875,260.7900085449219,11124700,260.7900085449219
NFLX,2022-11-07,261.05999755859375,261.1499938964844,252.08999633789062,258.6000061035156,7927000,258.6000061035156
NFLX,2022-11-08,259.9200134277344,266.0799865722656,256.8800048828125,263.4599914550781,7683800,263.4599914550781
NFLX,2022-11-09,259.6600036621094,260.8999938964844,254.22000122070312,254.66000366210938,7266000,254.66000366210938
NFLX,2022-11-10,265.989990234375,275.3599853515625,260.0899963378906,274.9700012207031,9667300,274.9700012207031
NFLX,2022-11-11,274.4700012207031,290.6600036621094,271.55999755859375,290.1300048828125,9573800,290.1300048828125
NFLX,2022-11-14,290,311,288.19000244140625,299.2699890136719,17978200,299.2699890136719
NFLX,2022-11-15,309.20001220703125,312.7099914550781,302.54998779296875,310.20001220703125,14626900,310.20001220703125
NFLX,2022-11-16,309.94000244140625,310.489990234375,303.6099853515625,306.0199890136719,8038600,306.0199890136719
NFLX,2022-11-17,294.7200012207031,299.82000732421875,291,295.2799987792969,9838200,295.2799987792969
NFLX,2022-11-18,297.3299865722656,298,287,287.9800109863281,8400100,287.9800109863281
NFLX,2022-11-21,291,291.8699951171875,282.6600036621094,285.04998779296875,7256500,285.04998779296875
NFLX,2022-11-22,284.989990234375,286.9800109863281,277.3399963378906,286.69000244140625,6245100,286.69000244140625
NFLX,2022-11-23,285.9100036621094,292.4700012207031,283.760009765625,291.5,5919000,291.5
NFLX,2022-11-25,289,289.2099914550781,284.1700134277344,285.5400085449219,3236000,285.5400085449219
NFLX,2022-11-28,284,289.54998779296875,280.5299987792969,281.1700134277344,4703400,281.1700134277344
NFLX,2022-11-29,282.5,282.9599914550781,275.94000244140625,280.9599914550781,5786900,280.9599914550781
NFLX,2022-11-30,281.3699951171875,308.260009765625,280.4100036621094,305.5299987792969,16070100,305.5299987792969
NFLX,2022-12-01,303.989990234375,319.79998779296875,303.0299987792969,316.95001220703125,14664900,316.95001220703125
NFLX,2022-12-02,310.489990234375,321.989990234375,310,320.4100036621094,12690600,320.4100036621094
NFLX,2022-12-05,316.4599914550781,322.7699890136719,310.9200134277344,312.5899963378906,8423000,312.5899963378906
NFLX,2022-12-06,311,313.2200012207031,303.1300048828125,305.55999755859375,7195400,305.55999755859375
NFLX,2022-12-07,306.5,309.6099853515625,302.1000061035156,308.4200134277344,7821600,308.4200134277344
NFLX,2022-12-08,309.1099853515625,312.3800048828125,304.80999755859375,310.260009765625,7205300,310.260009765625
NFLX,2022-12-09,321.45001220703125,329,319.5199890136719,320.010009765625,14364000,320.010009765625
NFLX,2022-12-12,320,323.17999267578125,308.8500061035156,315.17999267578125,10148600,315.17999267578125
NFLX,2022-12-13,328,332.7200012207031,317.20001220703125,320.3399963378906,10756400,320.3399963378906
NFLX,2022-12-14,318.9700012207031,324.7099914550781,314.4200134277344,317.8299865722656,7543300,317.8299865722656
NFLX,2022-12-15,302.1199951171875,303.3900146484375,286.54998779296875,290.4100036621094,17724600,290.4100036621094
NFLX,2022-12-16,288.760009765625,294.7200012207031,288.70001220703125,290.7099914550781,14080000,290.7099914550781
NFLX,2022-12-19,289.7300109863281,292.25,286.1300048828125,288.29998779296875,6163700,288.29998779296875
NFLX,2022-12-20,281.239990234375,289.2799987792969,280.80999755859375,288.19000244140625,6918100,288.19000244140625
NFLX,2022-12-21,289.989990234375,300.6600036621094,286.5,297.9599914550781,6376200,297.9599914550781
NFLX,2022-12-22,298.0899963378906,298.8800048828125,290.80999755859375,297.75,7856200,297.75
NFLX,2022-12-23,296.17999267578125,298.4599914550781,291.9100036621094,294.9599914550781,4251100,294.9599914550781
NFLX,2022-12-27,293.19000244140625,293.57000732421875,282.1300048828125,284.1700134277344,5778100,284.1700134277344
NFLX,2022-12-28,281.9200134277344,285.19000244140625,273.4100036621094,276.8800048828125,5964400,276.8800048828125
NFLX,2022-12-29,283.17999267578125,295.5,281.010009765625,291.1199951171875,9588500,291.1199951171875
NFLX,2022-12-30,285.5299987792969,295.010009765625,283.2200012207031,294.8800048828125,7566900,294.8800048828125
NFLX,2023-01-03,298.05999755859375,298.3900146484375,288.70001220703125,294.95001220703125,6764000,294.95001220703125
NFLX,2023-01-04,298.239990234375,311.1400146484375,295.510009765625,309.4100036621094,9345100,309.4100036621094
NFLX,2023-01-05,307,314.17999267578125,304.54998779296875,309.70001220703125,8328400,309.70001220703125
NFLX,2023-01-06,311.57000732421875,316.7699890136719,303.69000244140625,315.54998779296875,8959800,315.54998779296875
NFLX,2023-01-09,316.8299865722656,321.70001220703125,313.2200012207031,315.1700134277344,6766600,315.1700134277344
NFLX,2023-01-10,311.07000732421875,329.3500061035156,311.07000732421875,327.5400085449219,13072300,327.5400085449219
NFLX,2023-01-11,326.5,328.8800048828125,321.3500061035156,327.260009765625,9579700,327.260009765625
NFLX,2023-01-12,332.5,332.95001220703125,323.1400146484375,330.1300048828125,10856200,330.1300048828125
NFLX,2023-01-13,329.9700012207031,336.6499938964844,328.8900146484375,332.82000732421875,8286800,332.82000732421875
NFLX,2023-01-17,331.0799865722656,332.5,323.6000061035156,326.2200012207031,9247000,326.2200012207031
NFLX,2023-01-18,326.75,330.0799865722656,321.25,326.3299865722656,7814100,326.3299865722656
NFLX,2023-01-19,322.57000732421875,324.8900146484375,313.3900146484375,315.7799987792969,18008200,315.7799987792969
NFLX,2023-01-20,336.7900085449219,344,332.6300048828125,342.5,28430300,342.5
NFLX,2023-01-23,341.7200012207031,362.25,340.6300048828125,357.4200134277344,15646900,357.4200134277344
NFLX,2023-01-24,357.5299987792969,365.6499938964844,355.1400146484375,363.8299865722656,11796500,363.8299865722656
NFLX,2023-01-25,360.57000732421875,368.8999938964844,358.5,367.9599914550781,7766900,367.9599914550781
NFLX,2023-01-26,368.7699890136719,369.0199890136719,361.70001220703125,364.8699951171875,8256800,364.8699951171875
NFLX,2023-01-27,363.20001220703125,365.9200134277344,360.5899963378906,360.7699890136719,6703500,360.7699890136719
NFLX,2023-01-30,358.44000244140625,360.95001220703125,352.8599853515625,353.1099853515625,5127600,353.1099853515625
NFLX,2023-01-31,349.9800109863281,355.95001220703125,348.7099914550781,353.8599853515625,5660700,353.8599853515625
NFLX,2023-02-01,353.8599853515625,365.3900146484375,349.9100036621094,361.989990234375,8005200,361.989990234375
NFLX,2023-02-02,365.1600036621094,368.32000732421875,358.42999267578125,366.8900146484375,7857000,366.8900146484375
NFLX,2023-02-03,359.0799865722656,379.42999267578125,359,365.8999938964844,9402000,365.8999938964844
NFLX,2023-02-06,363.6400146484375,368.45001220703125,360.67999267578125,361.4800109863281,4994900,361.4800109863281
NFLX,2023-02-07,358.510009765625,364.17999267578125,354.17999267578125,362.95001220703125,6289400,362.95001220703125
NFLX,2023-02-08,360.0199890136719,368.19000244140625,358.30999755859375,366.8299865722656,6253200,366.8299865722656
NFLX,2023-02-09,372.4100036621094,373.8299865722656,361.739990234375,362.5,6901100,362.5
NFLX,2023-02-10,359.1600036621094,362.1400146484375,347.1400146484375,347.3599853515625,7291100,347.3599853515625
NFLX,2023-02-13,349.5,359.70001220703125,344.25,358.57000732421875,7134400,358.57000732421875
NFLX,2023-02-14,357.54998779296875,363.75,353.3999938964844,359.9599914550781,4624800,359.9599914550781
NFLX,2023-02-15,356.6300048828125,362.8800048828125,354.239990234375,361.4200134277344,3966000,361.4200134277344
NFLX,2023-02-16,355,361.5,350.30999755859375,350.7099914550781,5215700,350.7099914550781
NFLX,2023-02-17,347.9100036621094,349,342.44000244140625,347.9599914550781,5294700,347.9599914550781
NFLX,2023-02-21,342.8500061035156,344.1300048828125,336.4200134277344,337.5,5710300,337.5
NFLX,2023-02-22,337.5,341.9100036621094,332.82000732421875,334.8800048828125,4546200,334.8800048828125
NFLX,2023-02-23,331.2300109863281,331.2799987792969,314.29998779296875,323.6499938964844,13238700,323.6499938964844
NFLX,2023-02-24,319.29998779296875,321.5,314.5199890136719,317.1499938964844,6830700,317.1499938964844
NFLX,2023-02-27,323.8699951171875,330,322.1199951171875,323.0299987792969,6142600,323.0299987792969
NFLX,2023-02-28,323.70001220703125,327.6199951171875,321.1700134277344,322.1300048828125,3676100,322.1300048828125
NFLX,2023-03-01,321.54998779296875,326.6000061035156,312.3599853515625,313.4800109863281,4911300,313.4800109863281
NFLX,2023-03-02,310.9599914550781,315.57000732421875,310.3800048828125,311.8800048828125,4911000,311.8800048828125
NFLX,2023-03-03,315.45001220703125,317.489990234375,310.82000732421875,315.17999267578125,5953300,315.17999267578125
NFLX,2023-03-06,317,323.29998779296875,311.8399963378906,312.0299987792969,5660700,312.0299987792969
NFLX,2023-03-07,312.67999267578125,314.29998779296875,306.6199951171875,308.4700012207031,4553100,308.4700012207031
NFLX,2023-03-08,309.2900085449219,311.8299865722656,305.75,311.7900085449219,3479500,311.7900085449219
NFLX,2023-03-09,312.0799865722656,312.510009765625,294.8800048828125,297.7799987792969,7443400,297.7799987792969
NFLX,2023-03-10,297.8999938964844,298.7900085449219,289,292.760009765625,5759300,292.760009765625
NFLX,2023-03-13,287.3399963378906,299.239990234375,285.3299865722656,293.510009765625,6292400,293.510009765625
NFLX,2023-03-14,295.9700012207031,297.45001220703125,290.30999755859375,294.94000244140625,5956700,294.94000244140625
NFLX,2023-03-15,292.510009765625,306.30999755859375,292.2799987792969,303.7900085449219,9215300,303.7900085449219
NFLX,2023-03-16,304.75,316.6000061035156,301.7099914550781,310.05999755859375,7903700,310.05999755859375
NFLX,2023-03-17,310.05999755859375,310.760009765625,300,303.5,6918800,303.5
NFLX,2023-03-20,299.7900085449219,307.5,296,305.1300048828125,5113400,305.1300048828125
NFLX,2023-03-21,306.32000732421875,307.9200134277344,300.42999267578125,305.7900085449219,4886300,305.7900085449219
NFLX,2023-03-22,306.30999755859375,306.45001220703125,293.5400085449219,293.8999938964844,5808000,293.8999938964844
NFLX,2023-03-23,304.67999267578125,322.7799987792969,304.1400146484375,320.3699951171875,15653300,320.3699951171875
NFLX,2023-03-24,320.6300048828125,331.8299865722656,320.6300048828125,328.3900146484375,12991700,328.3900146484375
NFLX,2023-03-27,327.54998779296875,336.44000244140625,324.4100036621094,327.6600036621094,8625800,327.6600036621094
NFLX,2023-03-28,326.05999755859375,333.32000732421875,321.2799987792969,323.5199890136719,6489400,323.5199890136719
NFLX,2023-03-29,326.2900085449219,332.8500061035156,325.7300109863281,332.0299987792969,6287300,332.0299987792969
NFLX,2023-03-30,340.2699890136719,343.2900085449219,335.29998779296875,338.42999267578125,7131500,338.42999267578125
NFLX,2023-03-31,340.04998779296875,345.8399963378906,337.20001220703125,345.4800109863281,5610200,345.4800109863281
NFLX,2023-04-03,341.8299865722656,348.5799865722656,340.3999938964844,348.2799987792969,4413700,348.2799987792969
NFLX,2023-04-04,348.489990234375,349.79998779296875,343.95001220703125,346.75,3298100,346.75
NFLX,2023-04-05,345.29998779296875,345.42999267578125,336.25,342.3500061035156,4205500,342.3500061035156
NFLX,2023-04-06,339.3399963378906,340.4800109863281,332.6300048828125,339.3299865722656,4660500,339.3299865722656
NFLX,2023-04-10,335.2699890136719,339.8800048828125,333.3599853515625,338.989990234375,2657900,338.989990234375
NFLX,2023-04-11,343.45001220703125,347.1400146484375,337.6400146484375,338.2099914550781,4044800,338.2099914550781
NFLX,2023-04-12,340.80999755859375,342.79998779296875,330.0400085449219,331.0299987792969,3965400,331.0299987792969
NFLX,2023-04-13,339.989990234375,346.42999267578125,338.75,346.19000244140625,7406400,346.19000244140625
NFLX,2023-04-14,342.94000244140625,344.8500061035156,336.4100036621094,338.6300048828125,5350500,338.6300048828125
NFLX,2023-04-17,338,338.3900146484375,327.5,332.7200012207031,6136000,332.7200012207031
NFLX,2023-04-18,335,337.19000244140625,330.5,333.70001220703125,17944500,333.70001220703125
NFLX,2023-04-19,324.2099914550781,325.75,316.1000061035156,323.1199951171875,22128300,323.1199951171875
NFLX,2023-04-20,320.3900146484375,331.42999267578125,318.3299865722656,325.3500061035156,9947800,325.3500061035156
NFLX,2023-04-21,323,328.2900085449219,319.5,327.9800109863281,6348000,327.9800109863281
NFLX,2023-04-24,330.20001220703125,334.6600036621094,326.75,329.0199890136719,5586600,329.0199890136719
NFLX,2023-04-25,328.5,328.6600036621094,321.1000061035156,322.54998779296875,5426600,322.54998779296875
NFLX,2023-04-26,321.3599853515625,325.8999938964844,320.4700012207031,321.1499938964844,4623200,321.1499938964844
NFLX,2023-04-27,324.29998779296875,327.45001220703125,317.44000244140625,325.8500061035156,5618800,325.8500061035156
NFLX,2023-04-28,325.239990234375,330.80999755859375,324,329.92999267578125,4221900,329.92999267578125
NFLX,2023-05-01,329.44000244140625,331.2300109863281,318.0899963378906,324.1199951171875,5341500,324.1199951171875
NFLX,2023-05-02,325,326.07000732421875,315.6199951171875,317.54998779296875,4318600,317.54998779296875
NFLX,2023-05-03,317.54998779296875,324.6199951171875,315.8500061035156,319.29998779296875,5064100,319.29998779296875
NFLX,2023-05-04,319.010009765625,323.6099853515625,317.95001220703125,320.7799987792969,3879700,320.7799987792969
NFLX,2023-05-05,323.6099853515625,324.1499938964844,319.44000244140625,322.760009765625,3988600,322.760009765625
NFLX,2023-05-08,322.989990234375,332.55999755859375,322.0299987792969,331.2099914550781,5488600,331.2099914550781
NFLX,2023-05-09,330.6700134277344,336.32000732421875,329.739990234375,332.1400146484375,5544900,332.1400146484375
NFLX,2023-05-10,335.2099914550781,337.1099853515625,329.510009765625,335.4200134277344,4289900,335.4200134277344
NFLX,2023-05-11,334.9800109863281,345.4700012207031,331.8399963378906,344.760009765625,8033500,344.760009765625
NFLX,2023-05-12,344.760009765625,348.1700134277344,337.3599853515625,339.8900146484375,6079900,339.8900146484375
NFLX,2023-05-15,340.6199951171875,341.8999938964844,335.5400085449219,335.8900146484375,3653000,335.8900146484375
NFLX,2023-05-16,334,335.1700134277344,331.9100036621094,333.75,3332200,333.75
NFLX,2023-05-17,331.760009765625,341.3800048828125,329.6199951171875,339.9599914550781,3958800,339.9599914550781
NFLX,2023-05-18,347.25,375.8699951171875,346.3699951171875,371.2900085449219,20925200,371.2900085449219
NFLX,2023-05-19,369.8599853515625,369.989990234375,363.80999755859375,365.3599853515625,7850900,365.3599853515625
NFLX,2023-05-22,365.3599853515625,372.010009765625,362.5,363.010009765625,5406400,363.010009765625
NFLX,2023-05-23,360.239990234375,364.1700134277344,354.30999755859375,355.989990234375,6866100,355.989990234375
NFLX,2023-05-24,356.92999267578125,367.1499938964844,356.6300048828125,364.8500061035156,7973300,364.8500061035156
NFLX,2023-05-25,359.6099853515625,367.45001220703125,357.4200134277344,359,6263100,359
NFLX,2023-05-26,361.1000061035156,383.760009765625,356,378.8800048828125,9360400,378.8800048828125
NFLX,2023-05-30,397.4800109863281,405.1099853515625,385.7900085449219,392.9800109863281,10865000,392.9800109863281
NFLX,2023-05-31,391.8900146484375,396.260009765625,388.9100036621094,395.2300109863281,6988000,395.2300109863281
NFLX,2023-06-01,397.4100036621094,407.5199890136719,393.0799865722656,403.1300048828125,7160100,403.1300048828125
NFLX,2023-06-02,402.8900146484375,406.5799865722656,395.8999938964844,400.4700012207031,5897300,400.4700012207031
NFLX,2023-06-05,400.4700012207031,413.8599853515625,400.1499938964844,403.5400085449219,7247400,403.5400085449219
NFLX,2023-06-06,405,405.1199951171875,396.92999267578125,399.2900085449219,4991500,399.2900085449219
NFLX,2023-06-07,410.42999267578125,418.95001220703125,399.2300109863281,399.7699890136719,11932400,399.7699890136719
NFLX,2023-06-08,399.7699890136719,409.5400085449219,396.3399963378906,409.3699951171875,5991100,409.3699951171875
NFLX,2023-06-09,424.5,425.8999938964844,414.760009765625,420.0199890136719,12363000,420.0199890136719
NFLX,2023-06-12,418.8299865722656,424.70001220703125,416.57000732421875,423.9700012207031,5959500,423.9700012207031
NFLX,2023-06-13,430.010009765625,437.2699890136719,428.3999938964844,435.7300109863281,7820500,435.7300109863281
NFLX,2023-06-14,434.989990234375,447.3299865722656,433.5,440.8599853515625,8413100,440.8599853515625
NFLX,2023-06-15,444.1000061035156,448.6499938964844,439.5,445.2699890136719,7099900,445.2699890136719
NFLX,2023-06-16,446.1499938964844,447.510009765625,430.8999938964844,431.9599914550781,8745500,431.9599914550781
NFLX,2023-06-20,430.17999267578125,440,430,434.70001220703125,4756000,434.70001220703125
NFLX,2023-06-21,432.6499938964844,434.54998779296875,422.5400085449219,424.45001220703125,5146400,424.45001220703125
NFLX,2023-06-22,422.92999267578125,424.7099914550781,418.67999267578125,422.4800109863281,4869500,422.4800109863281
NFLX,2023-06-23,418.5899963378906,425.82000732421875,417.7300109863281,424.0199890136719,8293900,424.0199890136719
NFLX,2023-06-26,422.44000244140625,430.9599914550781,414.8999938964844,415.94000244140625,4640000,415.94000244140625
NFLX,2023-06-27,417.3900146484375,420.8800048828125,411.5,417.0799865722656,4818100,417.0799865722656
NFLX,2023-06-28,423.1000061035156,437.2900085449219,422.8900146484375,429.8399963378906,8811300,429.8399963378906
NFLX,2023-06-29,434.3299865722656,437.8500061035156,426.1499938964844,428.239990234375,4932300,428.239990234375
NFLX,2023-06-30,431.1000061035156,444.1199951171875,431.1000061035156,440.489990234375,7342000,440.489990234375
NFLX,2023-07-03,439.760009765625,441.54998779296875,431.6199951171875,441.44000244140625,3733200,441.44000244140625
NFLX,2023-07-05,444.9100036621094,450.9700012207031,439.6199951171875,445.8999938964844,6869500,445.8999938964844
NFLX,2023-07-06,440,442.79998779296875,430.7200012207031,438.8399963378906,4938800,438.8399963378906
NFLX,2023-07-07,438.6000061035156,442.3299865722656,435.8399963378906,438.1000061035156,4160100,438.1000061035156
NFLX,2023-07-10,438.5199890136719,444.4100036621094,436.82000732421875,441.7099914550781,4251700,441.7099914550781
NFLX,2023-07-11,438.6499938964844,440.79998779296875,431.0400085449219,440.2099914550781,4574600,440.2099914550781
NFLX,2023-07-12,444.54998779296875,445.4100036621094,437.75,444.04998779296875,5731700,444.04998779296875
NFLX,2023-07-13,447,451.6700134277344,441.17999267578125,450.3800048828125,6157500,450.3800048828125
NFLX,2023-07-14,452.7900085449219,456.4800109863281,439.70001220703125,441.9100036621094,7184900,441.9100036621094
NFLX,2023-07-17,445.57000732421875,456.67999267578125,445.1099853515625,450.04998779296875,6891700,450.04998779296875
NFLX,2023-07-18,451,478.1499938964844,448.7799987792969,474.79998779296875,13196900,474.79998779296875
NFLX,2023-07-19,476.8599853515625,485,470,477.5899963378906,20996500,477.5899963378906
NFLX,2023-07-20,447,448.5,432,437.4200134277344,23989700,437.4200134277344
NFLX,2023-07-21,437.3699951171875,438.239990234375,423.19000244140625,427.5,17303700,427.5
NFLX,2023-07-24,425,428.6400146484375,419.19000244140625,428.3699951171875,8264400,428.3699951171875
NFLX,2023-07-25,427.17999267578125,430.8800048828125,426.1300048828125,427.70001220703125,4859800,427.70001220703125
NFLX,2023-07-26,424.20001220703125,425.260009765625,415.5899963378906,422.6700134277344,6009200,422.6700134277344
NFLX,2023-07-27,426.8999938964844,427.5199890136719,411.8800048828125,413.1700134277344,6594500,413.1700134277344
NFLX,2023-07-28,415.55999755859375,427.4700012207031,413.760009765625,425.7799987792969,6424200,425.7799987792969
NFLX,2023-07-31,426.510009765625,439.1300048828125,426.29998779296875,438.9700012207031,6587600,438.9700012207031
NFLX,2023-08-01,437.3699951171875,445.25,431.3999938964844,438.6199951171875,5711500,438.6199951171875
NFLX,2023-08-02,435.2300109863281,435.55999755859375,426.55999755859375,429.70001220703125,4912200,429.70001220703125
NFLX,2023-08-03,427.79998779296875,441.92999267578125,427.19000244140625,431,6243900,431
NFLX,2023-08-04,433.05999755859375,436.5,426.2699890136719,431.6000061035156,5439700,431.6000061035156
NFLX,2023-08-07,436.4599914550781,441.1099853515625,428.9100036621094,440.760009765625,4781300,440.760009765625
NFLX,2023-08-08,440.3599853515625,443.57000732421875,435.1000061035156,438.29998779296875,3767200,438.29998779296875
NFLX,2023-08-09,439.739990234375,440.6199951171875,427.5899963378906,428.8999938964844,3846600,428.8999938964844
NFLX,2023-08-10,431.1199951171875,438.1199951171875,428.69000244140625,429.9800109863281,5467600,429.9800109863281
NFLX,2023-08-11,428.9800109863281,430.6300048828125,421.3299865722656,421.6600036621094,3925200,421.6600036621094
NFLX,2023-08-14,421.989990234375,428.8500061035156,418.7799987792969,427.7799987792969,3966000,427.7799987792969
NFLX,2023-08-15,424.4100036621094,429.1199951171875,421.0400085449219,423.70001220703125,3368000,423.70001220703125
NFLX,2023-08-16,423.7300109863281,424.510009765625,415.25,415.45001220703125,3967000,415.45001220703125
NFLX,2023-08-17,415,415.239990234375,401.5799865722656,403,6031500,403
NFLX,2023-08-18,399.3299865722656,406.5199890136719,398.1499938964844,404.5299987792969,4309200,404.5299987792969
NFLX,2023-08-21,402.2300109863281,409.6099853515625,399.5,408.2900085449219,3861600,408.2900085449219
NFLX,2023-08-22,409,415.739990234375,407.3999938964844,413.1700134277344,3603300,413.1700134277344
NFLX,2023-08-23,418.3999938964844,437.0199890136719,417.7099914550781,427.54998779296875,8174700,427.54998779296875
NFLX,2023-08-24,425.4100036621094,427.5899963378906,406.1700134277344,406.92999267578125,5687800,406.92999267578125
NFLX,2023-08-25,412,419.25,407.55999755859375,416.0299987792969,5390900,416.0299987792969
NFLX,2023-08-28,418.0400085449219,419.8299865722656,413.2699890136719,418.05999755859375,2928600,418.05999755859375
NFLX,2023-08-29,416,432.1700134277344,414.5,429.989990234375,4486700,429.989990234375
NFLX,2023-08-30,430.8500061035156,438.1600036621094,428.3500061035156,434.6700134277344,3625400,434.6700134277344
NFLX,2023-08-31,431.2300109863281,437.1499938964844,431.2300109863281,433.67999267578125,3803000,433.67999267578125
NFLX,2023-09-01,437.7300109863281,445.5,435.92999267578125,439.8800048828125,4792100,439.8800048828125
NFLX,2023-09-05,438.3900146484375,453.45001220703125,438,448.67999267578125,6155900,448.67999267578125
NFLX,2023-09-06,448.6099853515625,451.3900146484375,440.489990234375,445.760009765625,3862300,445.760009765625
NFLX,2023-09-07,441.1499938964844,444.6000061035156,436.70001220703125,443.1400146484375,2922700,443.1400146484375
NFLX,2023-09-08,443.55999755859375,446.80999755859375,438.8500061035156,442.79998779296875,2697500,442.79998779296875
NFLX,2023-09-11,443.07000732421875,449.8900146484375,442.75,445.3599853515625,2913800,445.3599853515625
NFLX,2023-09-12,442.8500061035156,445.44000244140625,434.1199951171875,434.69000244140625,3124000,434.69000244140625
NFLX,2023-09-13,435.5,438.3999938964844,410.69000244140625,412.239990234375,11843000,412.239990234375
NFLX,2023-09-14,410.3999938964844,411.3900146484375,400,400.489990234375,10709000,400.489990234375
NFLX,2023-09-15,401,404.70001220703125,395.0299987792969,396.94000244140625,9110700,396.94000244140625
NFLX,2023-09-18,395.5,399.4700012207031,392.6000061035156,394.3999938964844,4704700,394.3999938964844
NFLX,2023-09-19,392.8399963378906,398.2300109863281,390.25,396.20001220703125,4076800,396.20001220703125
NFLX,2023-09-20,397.04998779296875,397.989990234375,386.1199951171875,386.29998779296875,3866600,386.29998779296875
NFLX,2023-09-21,386.5,395.8999938964844,383.4200134277344,384.1499938964844,5547900,384.1499938964844
NFLX,2023-09-22,385,386.8800048828125,378.3599853515625,379.80999755859375,3692800,379.80999755859375
NFLX,2023-09-25,382.8999938964844,386.6199951171875,380.80999755859375,384.79998779296875,3757300,384.79998779296875
NFLX,2023-09-26,382.8800048828125,384.55999755859375,377.3599853515625,379.25,4089400,379.25
NFLX,2023-09-27,382.3999938964844,384.2200012207031,376.25,377.5899963378906,3843500,377.5899963378906
NFLX,2023-09-28,375.6000061035156,378.9599914550781,371.1000061035156,376.3599853515625,4369900,376.3599853515625
NFLX,2023-09-29,380,382.5799865722656,375.3500061035156,377.6000061035156,4198700,377.6000061035156
NFLX,2023-10-02,377.4800109863281,384.80999755859375,376.79998779296875,380.3299865722656,3102100,380.3299865722656
NFLX,2023-10-03,377.1099853515625,394.8999938964844,372.8500061035156,376.75,8878100,376.75
NFLX,2023-10-04,376.5,380.2200012207031,373.5799865722656,376.8999938964844,4303700,376.8999938964844
NFLX,2023-10-05,378.010009765625,378.6000061035156,367.239990234375,372.5899963378906,5034800,372.5899963378906
NFLX,2023-10-06,368.42999267578125,382.5199890136719,367.7699890136719,381.510009765625,4773400,381.510009765625
NFLX,2023-10-09,378.04998779296875,387.1700134277344,377.760009765625,385.95001220703125,3299800,385.95001220703125
NFLX,2023-10-10,385.5799865722656,388.70001220703125,372.25,373.32000732421875,7288900,373.32000732421875
NFLX,2023-10-11,372.7799987792969,377.80999755859375,365.3399963378906,365.92999267578125,9151400,365.92999267578125
NFLX,2023-10-12,366.4800109863281,368.8299865722656,359.04998779296875,361.20001220703125,7376100,361.20001220703125
NFLX,2023-10-13,355.6400146484375,358.92999267578125,352.04998779296875,355.67999267578125,6312600,355.67999267578125
NFLX,2023-10-16,356.2099914550781,363.0799865722656,354.7699890136719,360.82000732421875,5128900,360.82000732421875
NFLX,2023-10-17,361.1000061035156,362.70001220703125,353.8900146484375,355.7200012207031,5908400,355.7200012207031
NFLX,2023-10-18,351,354.7900085449219,344.7300109863281,346.19000244140625,11429600,346.19000244140625
NFLX,2023-10-19,404.739990234375,408.95001220703125,392.260009765625,401.7699890136719,28074400,401.7699890136719
NFLX,2023-10-20,405.6300048828125,410.6400146484375,398.010009765625,400.9599914550781,12768900,400.9599914550781
NFLX,2023-10-23,403.32000732421875,407.5400085449219,398.5199890136719,406.8399963378906,7390000,406.8399963378906
NFLX,2023-10-24,409.67999267578125,416.69000244140625,408.3900146484375,413.7300109863281,6459200,413.7300109863281
NFLX,2023-10-25,416.0199890136719,418.8399963378906,410.1099853515625,411.25,6299600,411.25
NFLX,2023-10-26,411.4200134277344,417.30999755859375,401.5400085449219,403.5400085449219,6849700,403.5400085449219
NFLX,2023-10-27,406.4200134277344,410.2099914550781,395.6199951171875,397.8699951171875,4997600,397.8699951171875
NFLX,2023-10-30,402.3500061035156,412.82000732421875,399.4100036621094,410.0799865722656,5317100,410.0799865722656
NFLX,2023-10-31,409.239990234375,412.5199890136719,404.6300048828125,411.69000244140625,3877600,411.69000244140625
NFLX,2023-11-01,414.7699890136719,420.6000061035156,414.17999267578125,420.19000244140625,4806100,420.19000244140625
NFLX,2023-11-02,421.1700134277344,426.69000244140625,417.1000061035156,424.7099914550781,4476000,424.7099914550781
NFLX,2023-11-03,428.760009765625,434.82000732421875,425.5299987792969,432.3599853515625,3664800,432.3599853515625
NFLX,2023-11-06,434.3800048828125,435.0299987792969,429.6099853515625,434.739990234375,3003200,434.739990234375
NFLX,2023-11-07,436.17999267578125,437.6400146484375,431,434.6099853515625,3291100,434.6099853515625
NFLX,2023-11-08,435,438.07000732421875,433.67999267578125,436.6499938964844,2356800,436.6499938964844
NFLX,2023-11-09,438.0299987792969,440.3800048828125,434.3500061035156,435.1499938964844,2735500,435.1499938964844
NFLX,2023-11-10,437.4800109863281,447.4800109863281,435.510009765625,447.239990234375,4440600,447.239990234375
NFLX,2023-11-13,447.25,448.42999267578125,442.6000061035156,444.6199951171875,2896100,444.6199951171875
NFLX,2023-11-14,448.7799987792969,454.0799865722656,445.6400146484375,448.6499938964844,4060900,448.6499938964844
NFLX,2023-11-15,452.80999755859375,462.75,452.45001220703125,461.94000244140625,5035300,461.94000244140625
NFLX,2023-11-16,463,467.2799987792969,459.6499938964844,466.95001220703125,3656000,466.95001220703125
NFLX,2023-11-17,466.95001220703125,467.6499938964844,462.760009765625,465.9100036621094,2798500,465.9100036621094
NFLX,2023-11-20,465.3999938964844,476.760009765625,465.3999938964844,474.4700012207031,3617600,474.4700012207031
NFLX,2023-11-21,472.6300048828125,477.0199890136719,471.2099914550781,474.95001220703125,2997700,474.95001220703125
NFLX,2023-11-22,476.79998779296875,482.70001220703125,476.55999755859375,478,2841600,478
NFLX,2023-11-24,477.1099853515625,480.3999938964844,475.20001220703125,479.55999755859375,1404700,479.55999755859375
NFLX,2023-11-27,479.0299987792969,482,475.3500061035156,479.1700134277344,3625900,479.1700134277344
NFLX,2023-11-28,478.1099853515625,480.5,475.95001220703125,479,2890200,479
NFLX,2023-11-29,479,480.989990234375,474.489990234375,477.19000244140625,2855500,477.19000244140625
NFLX,2023-11-30,475.30999755859375,478.5899963378906,470.4200134277344,473.9700012207031,4287300,473.9700012207031
NFLX,2023-12-01,473.1700134277344,475.2300109863281,464.6000061035156,465.739990234375,4338100,465.739990234375
NFLX,2023-12-04,460.989990234375,461.20001220703125,451.20001220703125,453.8999938964844,5157700,453.8999938964844
NFLX,2023-12-05,450.70001220703125,456.3900146484375,449.5799865722656,455.1499938964844,3380700,455.1499938964844
NFLX,2023-12-06,460,460.5,445.7300109863281,446.7300109863281,4178800,446.7300109863281
NFLX,2023-12-07,450.8500061035156,452.8900146484375,448.32000732421875,452,3506700,452
NFLX,2023-12-08,450.760009765625,455.5,450.760009765625,453.760009765625,3456100,453.760009765625
NFLX,2023-12-11,459.3599853515625,470.6499938964844,457.2099914550781,459.8900146484375,4929700,459.8900146484375
NFLX,2023-12-12,465.2300109863281,465.6099853515625,459.20001220703125,463,3302700,463
NFLX,2023-12-13,461.9800109863281,481.25,461.9800109863281,479.9800109863281,5820200,479.9800109863281
NFLX,2023-12-14,480.3599853515625,480.760009765625,464.760009765625,469.8299865722656,5176400,469.8299865722656
NFLX,2023-12-15,467.29998779296875,473,467.29998779296875,472.05999755859375,7838300,472.05999755859375
NFLX,2023-12-18,476.29998779296875,492.0400085449219,475.1000061035156,486.1199951171875,6410700,486.1199951171875
NFLX,2023-12-19,488.3999938964844,496.1400146484375,484.05999755859375,495.0199890136719,3849000,495.0199890136719
NFLX,2023-12-20,492,500.8900146484375,488.3900146484375,489.2699890136719,4563700,489.2699890136719
NFLX,2023-12-21,492.6600036621094,494.3999938964844,486.7699890136719,491.6099853515625,2756200,491.6099853515625
NFLX,2023-12-22,494,496.0199890136719,485.45001220703125,486.760009765625,2701100,486.760009765625
NFLX,2023-12-26,489.3900146484375,491.4800109863281,486.3800048828125,491.19000244140625,2034500,491.19000244140625
NFLX,2023-12-27,491.239990234375,494.0199890136719,489.25,491.7900085449219,2561300,491.7900085449219
NFLX,2023-12-28,492,492.8900146484375,489.07000732421875,490.510009765625,1710500,490.510009765625
NFLX,2023-12-29,490.3699951171875,492.2300109863281,481.94000244140625,486.8800048828125,2739500,486.8800048828125
NFLX,2024-01-02,483.19000244140625,484.6499938964844,461.8599853515625,468.5,5049400,468.5
NFLX,2024-01-03,467.32000732421875,475.04998779296875,465.7699890136719,470.260009765625,3443700,470.260009765625
NFLX,2024-01-04,472.9800109863281,480.739990234375,466.5299987792969,474.6700134277344,3636500,474.6700134277344
NFLX,2024-01-05,476.5,479.54998779296875,471.79998779296875,474.05999755859375,2612500,474.05999755859375
NFLX,2024-01-08,473.8900146484375,485.239990234375,473.6499938964844,485.0299987792969,3675800,485.0299987792969
NFLX,2024-01-09,475.5299987792969,485.0899963378906,473.79998779296875,482.0899963378906,3526800,482.0899963378906
NFLX,2024-01-10,481.6000061035156,487,472.95001220703125,478.3299865722656,4342400,478.3299865722656
NFLX,2024-01-11,492.5400085449219,503.4100036621094,483.82000732421875,492.2300109863281,7993300,492.2300109863281
NFLX,2024-01-12,500.510009765625,500.7900085449219,490.6099853515625,492.1600036621094,4996600,492.1600036621094
NFLX,2024-01-16,490,494.1499938964844,478.0199890136719,481.239990234375,4679000,481.239990234375
NFLX,2024-01-17,484.5,486.2099914550781,475.260009765625,480.3299865722656,4894600,480.3299865722656
NFLX,2024-01-18,480.0299987792969,485.7699890136719,478.0199890136719,485.30999755859375,4054400,485.30999755859375
NFLX,2024-01-19,484.9800109863281,485.6700134277344,476.05999755859375,482.95001220703125,5665600,482.95001220703125
NFLX,2024-01-22,487.54998779296875,489.79998779296875,479.8999938964844,485.7099914550781,5212300,485.7099914550781
NFLX,2024-01-23,492,498.9599914550781,481.3999938964844,492.19000244140625,15506000,492.19000244140625
NFLX,2024-01-24,537.75,562.5,537.07000732421875,544.8699951171875,26432800,544.8699951171875
NFLX,2024-01-25,551.95001220703125,563.46002197265625,548.46002197265625,562,9451900,562
NFLX,2024-01-26,561.80999755859375,579.6400146484375,558.42999267578125,570.41998291015625,12770600,570.41998291015625
NFLX,2024-01-29,571.3499755859375,578.54998779296875,562.67999267578125,575.78997802734375,6905400,575.78997802734375
NFLX,2024-01-30,567.32000732421875,570.8800048828125,560.82000732421875,562.8499755859375,6181800,562.8499755859375
NFLX,2024-01-31,562.8499755859375,572.1500244140625,562.03997802734375,564.1099853515625,4857600,564.1099853515625
NFLX,2024-02-01,567.02001953125,572.65997314453125,563.83001708984375,567.510009765625,3174000,567.510009765625
NFLX,2024-02-02,564.52001953125,567.79998779296875,562.3699951171875,564.6400146484375,4030800,564.6400146484375
NFLX,2024-02-05,562.469970703125,575.75,557.20001220703125,562.05999755859375,4143100,562.05999755859375
NFLX,2024-02-06,564.1199951171875,566.34002685546875,554.3699951171875,555.8800048828125,2840300,555.8800048828125
NFLX,2024-02-07,558.15997314453125,567.79998779296875,554.97998046875,559.29998779296875,4373600,559.29998779296875
NFLX,2024-02-08,560.54998779296875,563.70001220703125,555.739990234375,558.530029296875,3175500,558.530029296875
NFLX,2024-02-09,565,566,558.0999755859375,561.32000732421875,3055700,561.32000732421875
NFLX,2024-02-12,560.3599853515625,568.44000244140625,557,557.8499755859375,3608500,557.8499755859375
NFLX,2024-02-13,550.79998779296875,559.20001220703125,549,554.52001953125,3511500,554.52001953125
NFLX,2024-02-14,567.260009765625,581.25,564.34002685546875,579.33001708984375,5634200,579.33001708984375
NFLX,2024-02-15,581.90997314453125,593.77001953125,580.32000732421875,593.46002197265625,5220900,593.46002197265625
NFLX,2024-02-16,596.95001220703125,597,577.46002197265625,583.95001220703125,4323600,583.95001220703125
NFLX,2024-02-20,580.17999267578125,586,569.65997314453125,575.1300048828125,3124200,575.1300048828125
NFLX,2024-02-21,573.510009765625,575.780029296875,567.32000732421875,573.3499755859375,2281100,573.3499755859375
NFLX,2024-02-22,582.75,590.8499755859375,578.8900146484375,588.469970703125,3526600,588.469970703125
NFLX,2024-02-23,586.4000244140625,592.42999267578125,579.82000732421875,583.55999755859375,2568900,583.55999755859375
NFLX,2024-02-26,583.55999755859375,590.75,583.27001953125,587.6500244140625,2393700,587.6500244140625
NFLX,2024-02-27,595,605.3599853515625,592.33001708984375,601.66998291015625,4489400,601.66998291015625
NFLX,2024-02-28,595.78997802734375,598.16998291015625,590.010009765625,596.47998046875,2605200,596.47998046875
NFLX,2024-02-29,604.25,604.52001953125,595.15997314453125,602.91998291015625,3572100,602.91998291015625
NFLX,2024-03-01,599.80999755859375,620.280029296875,599.5,619.34002685546875,4264200,619.34002685546875
NFLX,2024-03-04,621.55999755859375,624.41998291015625,615.08001708984375,615.83001708984375,3020300,615.83001708984375
NFLX,2024-03-05,610.0999755859375,610.90997314453125,592,598.5,3849600,598.5
NFLX,2024-03-06,602.989990234375,607.92999267578125,593.55999755859375,597.69000244140625,2466900,597.69000244140625
